W+1/RB2out/8,Backward,9500,0.431975
W+1/RB4/4--,Forward,9500,0.0158586
W+1/RB4/4-,Forward,9500,0.0324331
W+1/RB4/4+,Forward,9500,0.0783364
W+1/RB4/4++,Forward,9500,0.000431893
W+1/RB3/4-,Forward,9500,0.0277028
W+1/RB3/4+,Forward,9500,0.040634
W+1/RB4/4--,Backward,9500,0.0140619
W+1/RB4/4-,Backward,9500,0.0374555
W+1/RB4/4+,Backward,9500,0.126586
W+1/RB4/4++,Backward,9500,0.000291346
W+1/RB3/4-,Backward,9500,0.0481466
W+1/RB3/4+,Backward,9500,0.0337987
W+1/RB2in/4,Forward,9500,0.0706363
W+1/RB2in/4,Central,9500,0.0819157
W+1/RB2in/4,Backward,9500,14.4543
W+1/RB2out/4,Forward,9500,0.0545594
W+1/RB1out/4,Forward,9500,0.0737809
W+1/RB1in/4,Forward,9500,0.0610111
W+1/RB2out/4,Backward,9500,0.042799
W+1/RB1out/4,Backward,9500,0.0266951
W+1/RB1in/4,Backward,9500,0.0762924
W+1/RB4/5-,Forward,9500,0.109761
W+1/RB4/5+,Forward,9500,0.196567
W+1/RB3/5-,Forward,9500,0.0666048
W+1/RB3/5+,Forward,9500,0.0517075
W+1/RB4/5-,Backward,9500,0.218361
W+1/RB4/5+,Backward,9500,0.208825
W+1/RB3/5-,Backward,9500,0.093032
W+1/RB3/5+,Backward,9500,0.0211122
W+1/RB2in/5,Forward,9500,0.565441
W+1/RB2in/5,Central,9500,0.198669
W+1/RB2in/5,Backward,9500,0.149986
W+1/RB2out/5,Forward,9500,0.0378247
W+1/RB1out/5,Forward,9500,0.311735
W+1/RB1in/5,Forward,9500,0.0686596
W+1/RB2out/5,Backward,9500,0.0399761
W+1/RB1out/5,Backward,9500,0.222158
W+1/RB1in/5,Backward,9500,0.0269269
W+1/RB4/6-,Forward,9500,0.113254
W+1/RB4/6+,Forward,9500,0.106617
W+1/RB3/6-,Forward,9500,0.708643
W+1/RB3/6+,Forward,9500,0.102518
W+1/RB4/6-,Backward,9500,0.0826666
W+1/RB4/6+,Backward,9500,0.150976
W+1/RB3/6-,Backward,9500,0.74071
W+1/RB3/6+,Backward,9500,0.0798518
W+1/RB2in/6,Forward,9500,0.466459
W+1/RB2in/6,Central,9500,0.376633
W+1/RB2in/6,Backward,9500,0.241286
W+1/RB2out/6,Forward,9500,0.195932
W+1/RB1out/6,Forward,9500,0.0760243
W+1/RB1in/6,Forward,9500,0.072408
W+1/RB2out/6,Backward,9500,0.161708
W+1/RB1out/6,Backward,9500,0.0780571
W+1/RB1in/6,Backward,9500,0.0441924
W+1/RB4/7-,Forward,9500,0.107922
W+1/RB4/7+,Forward,9500,0.309205
W+1/RB3/7-,Forward,9500,0.0854279
W+1/RB3/7+,Forward,9500,0.0789636
W+1/RB4/7-,Backward,9500,0.141536
W+1/RB4/7+,Backward,9500,0.184044
W+1/RB3/7-,Backward,9500,0.0790798
W+1/RB3/7+,Backward,9500,0.078818
W+1/RB2in/7,Forward,9500,0.507878
W+1/RB2in/7,Central,9500,0.12216
W+1/RB2in/7,Backward,9500,0.0542021
W+1/RB2out/7,Forward,9500,0.0491935
W+1/RB1out/7,Forward,9500,0.0254808
W+1/RB1in/7,Forward,9500,0.214436
W+1/RB2out/7,Backward,9500,0.0253149
W+1/RB1out/7,Backward,9500,0.0380993
W+1/RB1in/7,Backward,9500,0.118745
W+1/RB4/8-,Forward,9500,0.153879
W+1/RB4/8+,Forward,9500,0.0975456
W+1/RB3/8-,Forward,9500,0.0867809
W+1/RB3/8+,Forward,9500,0.409037
W+1/RB4/8-,Backward,9500,0.284817
W+1/RB4/8+,Backward,9500,0.0917741
W+1/RB3/8-,Backward,9500,0.109232
W+1/RB3/8+,Backward,9500,0.568929
W+1/RB2in/8,Forward,9500,0.241023
W+1/RB2in/8,Central,9500,0.225475
W+1/RB2in/8,Backward,9500,0.128872
W+1/RB2out/8,Forward,9500,0.946018
W+1/RB1out/8,Forward,9500,0.144397
W+1/RB1in/8,Forward,9500,0.229383
W+1/RB1out/8,Backward,9500,0.234297
W+1/RB1in/8,Backward,9500,0.105471
W+1/RB4/9,Forward,9500,0.196231
W+1/RB3/9-,Forward,9500,0.059821
W+1/RB3/9+,Forward,9500,0.107712
W+1/RB4/9,Backward,9500,0.258563
W+1/RB3/9-,Backward,9500,0.0804347
W+1/RB3/9+,Backward,9500,0.0604134
W+1/RB2in/9,Forward,9500,0.235949
W+1/RB2in/9,Central,9500,0.266604
W+1/RB2in/9,Backward,9500,0.222174
W+1/RB2out/9,Forward,9500,0.250907
W+1/RB1out/9,Forward,9500,0.0851791
W+1/RB1in/9,Forward,9500,0.317024
W+1/RB2out/9,Backward,9500,0.206485
W+1/RB1out/9,Backward,9500,0.0765464
W+1/RB1in/9,Backward,9500,0.199359
W+1/RB2out/11,Backward,9500,0.211574
W+1/RB4/1-,Forward,9500,0.0812098
W+1/RB4/1+,Forward,9500,0.238983
W+1/RB3/1-,Forward,9500,0.0865697
W+1/RB3/1+,Forward,9500,1.07539
W+1/RB4/1-,Backward,9500,0.141006
W+1/RB4/1+,Backward,9500,0.256184
W+1/RB3/1-,Backward,9500,0.1394
W+1/RB3/1+,Backward,9500,0.177638
W+1/RB2in/1,Forward,9500,0.266658
W+1/RB2in/1,Central,9500,0.60373
W+1/RB2in/1,Backward,9500,0.0374121
W+1/RB2out/1,Forward,9500,0.0834125
W+1/RB1out/1,Forward,9500,0.0215855
W+1/RB1in/1,Forward,9500,0.00750431
W+1/RB2out/1,Backward,9500,0.0810249
W+1/RB1out/1,Backward,9500,0.0338293
W+1/RB1in/1,Backward,9500,0.00714126
W+1/RB4/2-,Forward,9500,0.0364955
W+1/RB4/2+,Forward,9500,0.0843483
W+1/RB3/2-,Forward,9500,0.276459
W+1/RB3/2+,Forward,9500,0.289193
W+1/RB4/2-,Backward,9500,0.0615246
W+1/RB4/2+,Backward,9500,0.115699
W+1/RB3/2-,Backward,9500,0.227136
W+1/RB3/2+,Backward,9500,0.673825
W+1/RB2in/2,Forward,9500,0.171166
W+1/RB2in/2,Central,9500,0.175476
W+1/RB2in/2,Backward,9500,0.115242
W+1/RB2out/2,Forward,9500,0.318082
W+1/RB1out/2,Forward,9500,0.216969
W+1/RB1in/2,Forward,9500,0.302423
W+1/RB2out/2,Backward,9500,0.363018
W+1/RB1out/2,Backward,9500,0.114188
W+1/RB1in/2,Backward,9500,0.218793
W+1/RB4/3-,Forward,9500,0.0537436
W+1/RB4/3+,Forward,9500,0.195238
W+1/RB3/3-,Forward,9500,0.137138
W+1/RB3/3+,Forward,9500,0.0798744
W+1/RB4/3-,Backward,9500,0.0653986
W+1/RB4/3+,Backward,9500,0.16487
W+1/RB3/3-,Backward,9500,0.0634431
W+1/RB3/3+,Backward,9500,0.0601276
W+1/RB2in/3,Forward,9500,0.367782
W+1/RB2in/3,Central,9500,0.266321
W+1/RB2in/3,Backward,9500,0.184505
W+1/RB2out/3,Forward,9500,0.304281
W+1/RB1out/3,Forward,9500,0.304093
W+1/RB1in/3,Forward,9500,0.190213
W+1/RB2out/3,Backward,9500,0.186384
W+1/RB1out/3,Backward,9500,0.215897
W+1/RB1in/3,Backward,9500,0.0646381
W+1/RB4/10-,Forward,9500,0.18353
W+1/RB4/10+,Forward,9500,0.0342031
W+1/RB3/10-,Forward,9500,0.227902
W+1/RB3/10+,Forward,9500,0.0635954
W+1/RB4/10-,Backward,9500,0.128321
W+1/RB4/10+,Backward,9500,0.0330029
W+1/RB3/10-,Backward,9500,0.17866
W+1/RB3/10+,Backward,9500,0.105816
W+1/RB2in/10,Forward,9500,0.140911
W+1/RB2in/10,Central,9500,0.186413
W+1/RB2in/10,Backward,9500,0.0917018
W+1/RB2out/10,Forward,9500,0.20002
W+1/RB1out/10,Forward,9500,0.0442167
W+1/RB1in/10,Forward,9500,0.028016
W+1/RB2out/10,Backward,9500,0.316364
W+1/RB1out/10,Backward,9500,0.05175
W+1/RB1in/10,Backward,9500,0.0464321
W+1/RB4/11,Forward,9500,0.0697384
W+1/RB3/11-,Forward,9500,0.144452
W+1/RB3/11+,Forward,9500,0.0870019
W+1/RB4/11,Backward,9500,0.0568021
W+1/RB3/11-,Backward,9500,0.115413
W+1/RB3/11+,Backward,9500,0.0690878
W+1/RB2in/11,Forward,9500,0.12926
W+1/RB2in/11,Central,9500,0.118867
W+1/RB2in/11,Backward,9500,0.0283803
W+1/RB2out/11,Forward,9500,0.355953
W+1/RB1out/11,Forward,9500,0.0943535
W+1/RB1in/11,Forward,9500,0.086049
W+1/RB1out/11,Backward,9500,0.184968
W+1/RB1in/11,Backward,9500,0.0395689
W+1/RB4/12-,Forward,9500,0.0525776
W+1/RB4/12+,Forward,9500,0.150208
W+1/RB3/12-,Forward,9500,0.201222
W+1/RB3/12+,Forward,9500,0.111288
W+1/RB4/12-,Backward,9500,0.1199
W+1/RB4/12+,Backward,9500,0.0670839
W+1/RB3/12-,Backward,9500,0.17378
W+1/RB3/12+,Backward,9500,0.0686801
W+1/RB2in/12,Forward,9500,0.280827
W+1/RB2in/12,Central,9500,0.37401
W+1/RB2in/12,Backward,9500,0.265645
W+1/RB2out/12,Forward,9500,0.292178
W+1/RB1out/12,Forward,9500,0.355597
W+1/RB1in/12,Forward,9500,0.178236
W+1/RB2out/12,Backward,9500,0.216384
W+1/RB1out/12,Backward,9500,0.0943853
W+1/RB1in/12,Backward,9500,0.181069
W+2/RB2in/8,Backward,9500,0.251195
W+2/RB4/4--,Forward,9500,0.173013
W+2/RB4/4-,Forward,9500,0.0830641
W+2/RB4/4+,Forward,9500,0.0876877
W+2/RB4/4++,Forward,9500,0.175322
W+2/RB3/4-,Forward,9500,0.251062
W+2/RB3/4+,Forward,9500,0.162242
W+2/RB4/4--,Backward,9500,0.184288
W+2/RB4/4-,Backward,9500,0.159013
W+2/RB4/4+,Backward,9500,0.0681033
W+2/RB4/4++,Backward,9500,0.114761
W+2/RB3/4-,Backward,9500,0.105897
W+2/RB3/4+,Backward,9500,0.154432
W+2/RB2out/4,Forward,9500,0.0794289
W+2/RB2out/4,Central,9500,0.108206
W+2/RB2out/4,Backward,9500,0.0439583
W+2/RB2in/4,Forward,9500,0.132321
W+2/RB1out/4,Forward,9500,1.23885
W+2/RB1in/4,Forward,9500,0.164836
W+2/RB2in/4,Backward,9500,0.202803
W+2/RB1out/4,Backward,9500,0.294167
W+2/RB1in/4,Backward,9500,0.244446
W+2/RB4/5-,Forward,9500,0.103198
W+2/RB4/5+,Forward,9500,0.163902
W+2/RB3/5-,Forward,9500,0.234939
W+2/RB3/5+,Forward,9500,0.171278
W+2/RB4/5-,Backward,9500,0.111086
W+2/RB4/5+,Backward,9500,0.128629
W+2/RB3/5-,Backward,9500,0.248112
W+2/RB3/5+,Backward,9500,0.204819
W+2/RB2out/5,Forward,9500,0.117595
W+2/RB2out/5,Central,9500,0.117541
W+2/RB2out/5,Backward,9500,0.0610789
W+2/RB2in/5,Forward,9500,0.325121
W+2/RB1out/5,Forward,9500,0.357734
W+2/RB1in/5,Forward,9500,0.431063
W+2/RB2in/5,Backward,9500,0.0783303
W+2/RB1out/5,Backward,9500,0.320936
W+2/RB1in/5,Backward,9500,0.153786
W+2/RB4/6-,Forward,9500,0.199126
W+2/RB4/6+,Forward,9500,0.066345
W+2/RB3/6-,Forward,9500,0.164839
W+2/RB3/6+,Forward,9500,0.174446
W+2/RB4/6-,Backward,9500,0.108212
W+2/RB4/6+,Backward,9500,0.134188
W+2/RB3/6-,Backward,9500,0.194008
W+2/RB3/6+,Backward,9500,0.222675
W+2/RB2out/6,Forward,9500,0.0781387
W+2/RB2out/6,Central,9500,0.0983294
W+2/RB2out/6,Backward,9500,0.0718111
W+2/RB2in/6,Forward,9500,0.0486268
W+2/RB1out/6,Forward,9500,0.155775
W+2/RB1in/6,Forward,9500,0.212099
W+2/RB2in/6,Backward,9500,0.0458938
W+2/RB1out/6,Backward,9500,0.112323
W+2/RB1in/6,Backward,9500,0.133563
W+2/RB4/7-,Forward,9500,0.20876
W+2/RB4/7+,Forward,9500,0.26588
W+2/RB3/7-,Forward,9500,0.144639
W+2/RB3/7+,Forward,9500,0.0431855
W+2/RB4/7-,Backward,9500,0.301239
W+2/RB4/7+,Backward,9500,0.285493
W+2/RB3/7-,Backward,9500,0.258338
W+2/RB3/7+,Backward,9500,0.0566688
W+2/RB2out/7,Forward,9500,0.0410892
W+2/RB2out/7,Central,9500,0.123885
W+2/RB2out/7,Backward,9500,0.0337968
W+2/RB2in/7,Forward,9500,0.0528269
W+2/RB1out/7,Forward,9500,0.300617
W+2/RB1in/7,Forward,9500,0.468412
W+2/RB2in/7,Backward,9500,0.0351289
W+2/RB1out/7,Backward,9500,0.310023
W+2/RB1in/7,Backward,9500,1.35148
W+2/RB4/8-,Forward,9500,0.139725
W+2/RB4/8+,Forward,9500,0.0141461
W+2/RB3/8-,Forward,9500,0.253028
W+2/RB3/8+,Forward,9500,0.182581
W+2/RB4/8-,Backward,9500,0.168204
W+2/RB4/8+,Backward,9500,0.00708582
W+2/RB3/8-,Backward,9500,0.219194
W+2/RB3/8+,Backward,9500,0.241794
W+2/RB2out/8,Forward,9500,0.068437
W+2/RB2out/8,Central,9500,0.1202
W+2/RB2out/8,Backward,9500,0
W+2/RB2in/8,Forward,9500,1.20629
W+2/RB1out/8,Forward,9500,0.486922
W+2/RB1in/8,Forward,9500,0.142999
W+2/RB1out/8,Backward,9500,0.650695
W+2/RB1in/8,Backward,9500,0.115446
W+2/RB4/9,Forward,9500,0.079765
W+2/RB3/9-,Forward,9500,0.41625
W+2/RB3/9+,Forward,9500,0.212584
W+2/RB4/9,Backward,9500,0.144966
W+2/RB3/9-,Backward,9500,0.236007
W+2/RB3/9+,Backward,9500,0.363956
W+2/RB2out/9,Forward,9500,0.405103
W+2/RB2out/9,Central,9500,0.456866
W+2/RB2out/9,Backward,9500,0.233045
W+2/RB2in/9,Forward,9500,0.383171
W+2/RB1out/9,Forward,9500,0.108496
W+2/RB1in/9,Forward,9500,1.81384
W+2/RB2in/9,Backward,9500,0.276705
W+2/RB1out/9,Backward,9500,0.0748872
W+2/RB1in/9,Backward,9500,0.0972233
W+2/RB2in/11,Backward,9500,1.08318
W+2/RB4/1-,Forward,9500,0.154897
W+2/RB4/1+,Forward,9500,0.316904
W+2/RB3/1-,Forward,9500,0.36317
W+2/RB3/1+,Forward,9500,0.10491
W+2/RB4/1-,Backward,9500,0.108205
W+2/RB4/1+,Backward,9500,0.299811
W+2/RB3/1-,Backward,9500,0.263886
W+2/RB3/1+,Backward,9500,0.862242
W+2/RB2out/1,Forward,9500,0.181521
W+2/RB2out/1,Central,9500,0.326435
W+2/RB2out/1,Backward,9500,0.0935899
W+2/RB2in/1,Forward,9500,0.835363
W+2/RB1out/1,Forward,9500,0.0227567
W+2/RB1in/1,Forward,9500,0.0399362
W+2/RB2in/1,Backward,9500,0.0320216
W+2/RB1out/1,Backward,9500,0.0361047
W+2/RB1in/1,Backward,9500,0.0245347
W+2/RB4/2-,Forward,9500,1.57017
W+2/RB4/2+,Forward,9500,0.966292
W+2/RB3/2-,Forward,9500,0.299816
W+2/RB3/2+,Forward,9500,0.17152
W+2/RB4/2-,Backward,9500,0.270199
W+2/RB4/2+,Backward,9500,0.0733435
W+2/RB3/2-,Backward,9500,0.363805
W+2/RB3/2+,Backward,9500,0.143837
W+2/RB2out/2,Forward,9500,0.0545226
W+2/RB2out/2,Central,9500,0.134042
W+2/RB2out/2,Backward,9500,0.078754
W+2/RB2in/2,Forward,9500,0.125495
W+2/RB1out/2,Forward,9500,0.237627
W+2/RB1in/2,Forward,9500,0.188748
W+2/RB2in/2,Backward,9500,0.0504628
W+2/RB1out/2,Backward,9500,0.133277
W+2/RB1in/2,Backward,9500,0.145403
W+2/RB4/3-,Forward,9500,0.023918
W+2/RB4/3+,Forward,9500,0.206344
W+2/RB3/3-,Forward,9500,0.127792
W+2/RB3/3+,Forward,9500,4.46283
W+2/RB4/3-,Backward,9500,0.0173276
W+2/RB4/3+,Backward,9500,0.185015
W+2/RB3/3-,Backward,9500,0.10691
W+2/RB3/3+,Backward,9500,0.00685184
W+2/RB2out/3,Forward,9500,0.154965
W+2/RB2out/3,Central,9500,0.187376
W+2/RB2out/3,Backward,9500,40.7802
W+2/RB2in/3,Forward,9500,0.0564705
W+2/RB1out/3,Forward,9500,0.169591
W+2/RB1in/3,Forward,9500,0.529598
W+2/RB2in/3,Backward,9500,0.0309857
W+2/RB1out/3,Backward,9500,0.0449931
W+2/RB1in/3,Backward,9500,0.365264
W+2/RB4/10-,Forward,9500,0.0651284
W+2/RB4/10+,Forward,9500,0.135562
W+2/RB3/10-,Forward,9500,0.17105
W+2/RB3/10+,Forward,9500,0.264485
W+2/RB4/10-,Backward,9500,0.0583901
W+2/RB4/10+,Backward,9500,0.0816686
W+2/RB3/10-,Backward,9500,0.111123
W+2/RB3/10+,Backward,9500,0.170346
W+2/RB2out/10,Forward,9500,0.144765
W+2/RB2out/10,Central,9500,0.141265
W+2/RB2out/10,Backward,9500,0.153429
W+2/RB2in/10,Forward,9500,0.303783
W+2/RB1out/10,Forward,9500,0.0413971
W+2/RB1in/10,Forward,9500,0.209702
W+2/RB2in/10,Backward,9500,0.18257
W+2/RB1out/10,Backward,9500,0.341857
W+2/RB1in/10,Backward,9500,0.0908153
W+2/RB4/11,Forward,9500,0.946281
W+2/RB3/11-,Forward,9500,26.1836
W+2/RB3/11+,Forward,9500,2.50014
W+2/RB4/11,Backward,9500,0.0231306
W+2/RB3/11-,Backward,9500,0.0682579
W+2/RB3/11+,Backward,9500,0.115552
W+2/RB2out/11,Forward,9500,0.0374706
W+2/RB2out/11,Central,9500,0.0487972
W+2/RB2out/11,Backward,9500,0.0478944
W+2/RB2in/11,Forward,9500,0.065763
W+2/RB1out/11,Forward,9500,0.484257
W+2/RB1in/11,Forward,9500,0.328098
W+2/RB1out/11,Backward,9500,0.360957
W+2/RB1in/11,Backward,9500,0.967792
W+2/RB4/12-,Forward,9500,4.69867
W+2/RB4/12+,Forward,9500,32.4196
W+2/RB3/12-,Forward,9500,16.4531
W+2/RB3/12+,Forward,9500,0.568562
W+2/RB4/12-,Backward,9500,0.111378
W+2/RB4/12+,Backward,9500,0.533163
W+2/RB3/12-,Backward,9500,0.000266804
W+2/RB3/12+,Backward,9500,0.0917042
W+2/RB2out/12,Forward,9500,0.802476
W+2/RB2out/12,Central,9500,0.337277
W+2/RB2out/12,Backward,9500,0.174728
W+2/RB2in/12,Forward,9500,9.70162
W+2/RB1out/12,Forward,9500,0.342868
W+2/RB1in/12,Forward,9500,0.275983
W+2/RB2in/12,Backward,9500,0.157467
W+2/RB1out/12,Backward,9500,0.198777
W+2/RB1in/12,Backward,9500,0.321149
W-1/RB2out/8,Backward,9500,0.173372
W-1/RB4/4++,Forward,9500,0.0818859
W-1/RB4/4+,Forward,9500,0.059205
W-1/RB4/4-,Forward,9500,0.0849833
W-1/RB4/4--,Forward,9500,0.0750779
W-1/RB3/4+,Forward,9500,0.113427
W-1/RB3/4-,Forward,9500,0.438622
W-1/RB4/4++,Backward,9500,0.0833322
W-1/RB4/4+,Backward,9500,1.20704
W-1/RB4/4-,Backward,9500,0.0619231
W-1/RB4/4--,Backward,9500,0.0627971
W-1/RB3/4+,Backward,9500,0.346187
W-1/RB3/4-,Backward,9500,0.16631
W-1/RB2in/4,Forward,9500,1.10316
W-1/RB2in/4,Central,9500,2.73933
W-1/RB2in/4,Backward,9500,2.70557
W-1/RB2out/4,Forward,9500,0.414994
W-1/RB1out/4,Forward,9500,0.00853417
W-1/RB1in/4,Forward,9500,0.0823663
W-1/RB2out/4,Backward,9500,0.515964
W-1/RB1out/4,Backward,9500,1.33636e-05
W-1/RB1in/4,Backward,9500,0.0523129
W-1/RB4/5+,Forward,9500,0.106911
W-1/RB4/5-,Forward,9500,0.111561
W-1/RB3/5+,Forward,9500,0.0852275
W-1/RB3/5-,Forward,9500,0.0428094
W-1/RB4/5+,Backward,9500,0.267652
W-1/RB4/5-,Backward,9500,0.110123
W-1/RB3/5+,Backward,9500,0.0814145
W-1/RB3/5-,Backward,9500,0.0370652
W-1/RB2in/5,Forward,9500,0.0345937
W-1/RB2in/5,Central,9500,0.0246709
W-1/RB2in/5,Backward,9500,0.0561174
W-1/RB2out/5,Forward,9500,0.141055
W-1/RB1out/5,Forward,9500,0.0638295
W-1/RB1in/5,Forward,9500,0.11109
W-1/RB2out/5,Backward,9500,0.0551114
W-1/RB1out/5,Backward,9500,0.0537889
W-1/RB1in/5,Backward,9500,0.0493001
W-1/RB4/6+,Forward,9500,0.0708147
W-1/RB4/6-,Forward,9500,7.76831
W-1/RB3/6+,Forward,9500,0.10401
W-1/RB3/6-,Forward,9500,0.059379
W-1/RB4/6+,Backward,9500,0.0619844
W-1/RB4/6-,Backward,9500,4.5108
W-1/RB3/6+,Backward,9500,0.0822486
W-1/RB3/6-,Backward,9500,0.0371101
W-1/RB2in/6,Forward,9500,0.047621
W-1/RB2in/6,Central,9500,0.0580867
W-1/RB2in/6,Backward,9500,0.0433028
W-1/RB2out/6,Forward,9500,0.0647178
W-1/RB1out/6,Forward,9500,0.0785298
W-1/RB1in/6,Forward,9500,0.0338256
W-1/RB2out/6,Backward,9500,0.0569249
W-1/RB1out/6,Backward,9500,0.0504009
W-1/RB1in/6,Backward,9500,0.0560141
W-1/RB4/7+,Forward,9500,0.0272179
W-1/RB4/7-,Forward,9500,0.0379272
W-1/RB3/7+,Forward,9500,0.0335642
W-1/RB3/7-,Forward,9500,0.0621717
W-1/RB4/7+,Backward,9500,0.0352969
W-1/RB4/7-,Backward,9500,0.0315111
W-1/RB3/7+,Backward,9500,0.0641921
W-1/RB3/7-,Backward,9500,0.109505
W-1/RB2in/7,Forward,9500,0.109772
W-1/RB2in/7,Central,9500,0.202226
W-1/RB2in/7,Backward,9500,0.108519
W-1/RB2out/7,Forward,9500,1.60354
W-1/RB1out/7,Forward,9500,0.0278733
W-1/RB1in/7,Forward,9500,0.0280355
W-1/RB2out/7,Backward,9500,0.0314318
W-1/RB1out/7,Backward,9500,0.0313248
W-1/RB1in/7,Backward,9500,0.0150141
W-1/RB4/8+,Forward,9500,0.000100095
W-1/RB4/8-,Forward,9500,0.460224
W-1/RB3/8+,Forward,9500,0.263108
W-1/RB3/8-,Forward,9500,0.241743
W-1/RB4/8+,Backward,9500,4.44054e-05
W-1/RB4/8-,Backward,9500,0.590444
W-1/RB3/8+,Backward,9500,0.138135
W-1/RB3/8-,Backward,9500,0.226281
W-1/RB2in/8,Forward,9500,0.129282
W-1/RB2in/8,Central,9500,0.130538
W-1/RB2in/8,Backward,9500,0.0989216
W-1/RB2out/8,Forward,9500,0.309726
W-1/RB1out/8,Forward,9500,0.207989
W-1/RB1in/8,Forward,9500,0.17346
W-1/RB1out/8,Backward,9500,0.0987436
W-1/RB1in/8,Backward,9500,0.117427
W-1/RB4/9,Forward,9500,0.14697
W-1/RB3/9+,Forward,9500,0.190378
W-1/RB3/9-,Forward,9500,0.0118573
W-1/RB4/9,Backward,9500,0.185314
W-1/RB3/9+,Backward,9500,0.237013
W-1/RB3/9-,Backward,9500,0.0119031
W-1/RB2in/9,Forward,9500,0.0969542
W-1/RB2in/9,Central,9500,0.0842494
W-1/RB2in/9,Backward,9500,0.116368
W-1/RB2out/9,Forward,9500,0.0539721
W-1/RB1out/9,Forward,9500,0.065254
W-1/RB1in/9,Forward,9500,0.25076
W-1/RB2out/9,Backward,9500,0.0629284
W-1/RB1out/9,Backward,9500,0.0683904
W-1/RB1in/9,Backward,9500,0.0425625
W-1/RB2out/11,Backward,9500,0.0836039
W-1/RB4/1+,Forward,9500,0.176673
W-1/RB4/1-,Forward,9500,0.128708
W-1/RB3/1+,Forward,9500,0.110264
W-1/RB3/1-,Forward,9500,0.253011
W-1/RB4/1+,Backward,9500,0.168511
W-1/RB4/1-,Backward,9500,0.0467189
W-1/RB3/1+,Backward,9500,0.10687
W-1/RB3/1-,Backward,9500,0.317165
W-1/RB2in/1,Forward,9500,0.0637283
W-1/RB2in/1,Central,9500,6.88409
W-1/RB2in/1,Backward,9500,0.0279055
W-1/RB2out/1,Forward,9500,0.042728
W-1/RB1out/1,Forward,9500,0.0445866
W-1/RB1in/1,Forward,9500,0.0472964
W-1/RB2out/1,Backward,9500,0.0540052
W-1/RB1out/1,Backward,9500,0.0196156
W-1/RB1in/1,Backward,9500,0.0251788
W-1/RB4/2+,Forward,9500,0.150286
W-1/RB4/2-,Forward,9500,0.0688954
W-1/RB3/2+,Forward,9500,0.0670567
W-1/RB3/2-,Forward,9500,0.133233
W-1/RB4/2+,Backward,9500,0.12958
W-1/RB4/2-,Backward,9500,0.0466748
W-1/RB3/2+,Backward,9500,0.0458581
W-1/RB3/2-,Backward,9500,0.141633
W-1/RB2in/2,Forward,9500,0.0930981
W-1/RB2in/2,Central,9500,0.141536
W-1/RB2in/2,Backward,9500,0.0980536
W-1/RB2out/2,Forward,9500,0.0744644
W-1/RB1out/2,Forward,9500,0.951927
W-1/RB1in/2,Forward,9500,0.464536
W-1/RB2out/2,Backward,9500,0.0338464
W-1/RB1out/2,Backward,9500,1.16662
W-1/RB1in/2,Backward,9500,0.281579
W-1/RB4/3+,Forward,9500,0.0685106
W-1/RB4/3-,Forward,9500,0.06251
W-1/RB3/3+,Forward,9500,0.0522865
W-1/RB3/3-,Forward,9500,0.0487398
W-1/RB4/3+,Backward,9500,0.0871024
W-1/RB4/3-,Backward,9500,0.0691078
W-1/RB3/3+,Backward,9500,0.0377152
W-1/RB3/3-,Backward,9500,0.0367039
W-1/RB2in/3,Forward,9500,0.0760703
W-1/RB2in/3,Central,9500,0.0709657
W-1/RB2in/3,Backward,9500,0.0474623
W-1/RB2out/3,Forward,9500,0.046255
W-1/RB1out/3,Forward,9500,0.0922402
W-1/RB1in/3,Forward,9500,0.0359548
W-1/RB2out/3,Backward,9500,0.0396691
W-1/RB1out/3,Backward,9500,0.044015
W-1/RB1in/3,Backward,9500,0.0435151
W-1/RB4/10+,Forward,9500,0.131255
W-1/RB4/10-,Forward,9500,0.0750105
W-1/RB3/10+,Forward,9500,0.300906
W-1/RB3/10-,Forward,9500,0.0606221
W-1/RB4/10+,Backward,9500,0.082541
W-1/RB4/10-,Backward,9500,0.0879389
W-1/RB3/10+,Backward,9500,0.350146
W-1/RB3/10-,Backward,9500,0.0562422
W-1/RB2in/10,Forward,9500,0.0489871
W-1/RB2in/10,Central,9500,0.0372855
W-1/RB2in/10,Backward,9500,0.0357195
W-1/RB2out/10,Forward,9500,0.0613275
W-1/RB1out/10,Forward,9500,0.104599
W-1/RB1in/10,Forward,9500,0.0510039
W-1/RB2out/10,Backward,9500,0.0489499
W-1/RB1out/10,Backward,9500,0.148753
W-1/RB1in/10,Backward,9500,0.0350097
W-1/RB4/11,Forward,9500,0.0594725
W-1/RB3/11+,Forward,9500,5.11283
W-1/RB3/11-,Forward,9500,0.0617452
W-1/RB4/11,Backward,9500,0.0592508
W-1/RB3/11+,Backward,9500,2.75014e-06
W-1/RB3/11-,Backward,9500,0.0462714
W-1/RB2in/11,Forward,9500,0.0553429
W-1/RB2in/11,Central,9500,0.140688
W-1/RB2in/11,Backward,9500,0.0580208
W-1/RB2out/11,Forward,9500,0.0953669
W-1/RB1out/11,Forward,9500,0.235748
W-1/RB1in/11,Forward,9500,0.0789843
W-1/RB1out/11,Backward,9500,1.01006
W-1/RB1in/11,Backward,9500,0.133616
W-1/RB4/12+,Forward,9500,1.43821
W-1/RB4/12-,Forward,9500,0.171093
W-1/RB3/12+,Forward,9500,0.0572749
W-1/RB3/12-,Forward,9500,0.0800135
W-1/RB4/12+,Backward,9500,1.01548
W-1/RB4/12-,Backward,9500,0.148905
W-1/RB3/12+,Backward,9500,0.0469638
W-1/RB3/12-,Backward,9500,0.0756698
W-1/RB2in/12,Forward,9500,0.115725
W-1/RB2in/12,Central,9500,0.183953
W-1/RB2in/12,Backward,9500,0.186871
W-1/RB2out/12,Forward,9500,0.18065
W-1/RB1out/12,Forward,9500,0.0253623
W-1/RB1in/12,Forward,9500,0.0751335
W-1/RB2out/12,Backward,9500,0.235222
W-1/RB1out/12,Backward,9500,0.0374891
W-1/RB1in/12,Backward,9500,0.0404386
W-2/RB2in/8,Backward,9500,0.356053
W-2/RB4/4++,Forward,9500,0.0258073
W-2/RB4/4+,Forward,9500,0.0645359
W-2/RB4/4-,Forward,9500,0.0652422
W-2/RB4/4--,Forward,9500,0.237063
W-2/RB3/4+,Forward,9500,0.0237139
W-2/RB3/4-,Forward,9500,0.0523604
W-2/RB4/4++,Backward,9500,0.0287047
W-2/RB4/4+,Backward,9500,0.0623652
W-2/RB4/4-,Backward,9500,0.0718522
W-2/RB4/4--,Backward,9500,0.45875
W-2/RB3/4+,Backward,9500,0.0255606
W-2/RB3/4-,Backward,9500,0.0680991
W-2/RB2out/4,Forward,9500,0.0985857
W-2/RB2out/4,Central,9500,0.0884329
W-2/RB2out/4,Backward,9500,0.0814566
W-2/RB2in/4,Forward,9500,0.18716
W-2/RB1out/4,Forward,9500,0.0940663
W-2/RB1in/4,Forward,9500,0.0678606
W-2/RB2in/4,Backward,9500,0.259636
W-2/RB1out/4,Backward,9500,3.69799
W-2/RB1in/4,Backward,9500,0.0533713
W-2/RB4/5+,Forward,9500,0.0436194
W-2/RB4/5-,Forward,9500,0.0388705
W-2/RB3/5+,Forward,9500,0.0717883
W-2/RB3/5-,Forward,9500,0.0513373
W-2/RB4/5+,Backward,9500,0.00965296
W-2/RB4/5-,Backward,9500,0.0402933
W-2/RB3/5+,Backward,9500,0.05742
W-2/RB3/5-,Backward,9500,0.0255494
W-2/RB2out/5,Forward,9500,0.118256
W-2/RB2out/5,Central,9500,0.10661
W-2/RB2out/5,Backward,9500,0.087069
W-2/RB2in/5,Forward,9500,0.0845288
W-2/RB1out/5,Forward,9500,0.0450535
W-2/RB1in/5,Forward,9500,0.070767
W-2/RB2in/5,Backward,9500,0.00269035
W-2/RB1out/5,Backward,9500,0.0280229
W-2/RB1in/5,Backward,9500,0.0409699
W-2/RB4/6+,Forward,9500,0.530966
W-2/RB4/6-,Forward,9500,0.0957748
W-2/RB3/6+,Forward,9500,0.0536942
W-2/RB3/6-,Forward,9500,0.0611252
W-2/RB4/6+,Backward,9500,0.537542
W-2/RB4/6-,Backward,9500,0.0266327
W-2/RB3/6+,Backward,9500,0.0294066
W-2/RB3/6-,Backward,9500,0.0538008
W-2/RB2out/6,Forward,9500,0.0868928
W-2/RB2out/6,Central,9500,0.0909293
W-2/RB2out/6,Backward,9500,0.0567179
W-2/RB2in/6,Forward,9500,0.158508
W-2/RB1out/6,Forward,9500,0.411951
W-2/RB1in/6,Forward,9500,0.0400298
W-2/RB2in/6,Backward,9500,0.167475
W-2/RB1out/6,Backward,9500,0.0552642
W-2/RB1in/6,Backward,9500,0.0360571
W-2/RB4/7+,Forward,9500,0.0842216
W-2/RB4/7-,Forward,9500,0.0560972
W-2/RB3/7+,Forward,9500,0.173959
W-2/RB3/7-,Forward,9500,0.0665095
W-2/RB4/7+,Backward,9500,0.0420411
W-2/RB4/7-,Backward,9500,0.0263538
W-2/RB3/7+,Backward,9500,0.195193
W-2/RB3/7-,Backward,9500,0.0619774
W-2/RB2out/7,Forward,9500,0.0639014
W-2/RB2out/7,Central,9500,0.0624925
W-2/RB2out/7,Backward,9500,0.0412871
W-2/RB2in/7,Forward,9500,0.579591
W-2/RB1out/7,Forward,9500,0.0359766
W-2/RB1in/7,Forward,9500,0.112251
W-2/RB2in/7,Backward,9500,0.179406
W-2/RB1out/7,Backward,9500,0.0187236
W-2/RB1in/7,Backward,9500,0.163192
W-2/RB4/8+,Forward,9500,0.0562969
W-2/RB4/8-,Forward,9500,0.0653537
W-2/RB3/8+,Forward,9500,0.0519492
W-2/RB3/8-,Forward,9500,0.118863
W-2/RB4/8+,Backward,9500,0.187059
W-2/RB4/8-,Backward,9500,0.206922
W-2/RB3/8+,Backward,9500,3.86756
W-2/RB3/8-,Backward,9500,0.233562
W-2/RB2out/8,Forward,9500,0.134189
W-2/RB2out/8,Central,9500,0.311031
W-2/RB2out/8,Backward,9500,0.0773439
W-2/RB2in/8,Forward,9500,0.24354
W-2/RB1out/8,Forward,9500,0.952812
W-2/RB1in/8,Forward,9500,0.0321912
W-2/RB1out/8,Backward,9500,0.158576
W-2/RB1in/8,Backward,9500,0.0147398
W-2/RB4/9,Forward,9500,0.117893
W-2/RB3/9+,Forward,9500,0.105287
W-2/RB3/9-,Forward,9500,0.114547
W-2/RB4/9,Backward,9500,0.107705
W-2/RB3/9+,Backward,9500,0.0606897
W-2/RB3/9-,Backward,9500,0.0728124
W-2/RB2out/9,Forward,9500,0.0814284
W-2/RB2out/9,Central,9500,0.0466871
W-2/RB2out/9,Backward,9500,0.0461336
W-2/RB2in/9,Forward,9500,0.346089
W-2/RB1out/9,Forward,9500,0.119424
W-2/RB1in/9,Forward,9500,0.0272065
W-2/RB2in/9,Backward,9500,0.154766
W-2/RB1out/9,Backward,9500,0.04271
W-2/RB1in/9,Backward,9500,0.536197
W-2/RB2in/11,Backward,9500,0.00246134
W-2/RB4/1+,Forward,9500,0.0498632
W-2/RB4/1-,Forward,9500,0.0444632
W-2/RB3/1+,Forward,9500,0.0669317
W-2/RB3/1-,Forward,9500,0.0650463
W-2/RB4/1+,Backward,9500,0.0404555
W-2/RB4/1-,Backward,9500,0.0709931
W-2/RB3/1+,Backward,9500,0.107248
W-2/RB3/1-,Backward,9500,0.0835878
W-2/RB2out/1,Forward,9500,0.0585553
W-2/RB2out/1,Central,9500,0.141755
W-2/RB2out/1,Backward,9500,0.0584789
W-2/RB2in/1,Forward,9500,0.138083
W-2/RB1out/1,Forward,9500,0.042491
W-2/RB1in/1,Forward,9500,0.0248042
W-2/RB2in/1,Backward,9500,0.0815727
W-2/RB1out/1,Backward,9500,0.0212546
W-2/RB1in/1,Backward,9500,0.0310768
W-2/RB4/2+,Forward,9500,0.547796
W-2/RB4/2-,Forward,9500,0.528672
W-2/RB3/2+,Forward,9500,0.0480204
W-2/RB3/2-,Forward,9500,0.118859
W-2/RB4/2+,Backward,9500,0.277454
W-2/RB4/2-,Backward,9500,0.398652
W-2/RB3/2+,Backward,9500,0.123209
W-2/RB3/2-,Backward,9500,0.0554665
W-2/RB2out/2,Forward,9500,0.0854825
W-2/RB2out/2,Central,9500,0.086913
W-2/RB2out/2,Backward,9500,0.0866177
W-2/RB2in/2,Forward,9500,0.905569
W-2/RB1out/2,Forward,9500,0.112944
W-2/RB1in/2,Forward,9500,0.0737948
W-2/RB2in/2,Backward,9500,0.0306257
W-2/RB1out/2,Backward,9500,0.0658152
W-2/RB1in/2,Backward,9500,0.0265676
W-2/RB4/3+,Forward,9500,0.231171
W-2/RB4/3-,Forward,9500,0.7832
W-2/RB3/3+,Forward,9500,0.0969684
W-2/RB3/3-,Forward,9500,0.0816169
W-2/RB4/3+,Backward,9500,0.178729
W-2/RB4/3-,Backward,9500,2.02716
W-2/RB3/3+,Backward,9500,0.0482915
W-2/RB3/3-,Backward,9500,0.0702005
W-2/RB2out/3,Forward,9500,0.081004
W-2/RB2out/3,Central,9500,0.142041
W-2/RB2out/3,Backward,9500,0.102186
W-2/RB2in/3,Forward,9500,0.346021
W-2/RB1out/3,Forward,9500,0.0703245
W-2/RB1in/3,Forward,9500,0.251538
W-2/RB2in/3,Backward,9500,0.180571
W-2/RB1out/3,Backward,9500,0.0618498
W-2/RB1in/3,Backward,9500,0.202528
W-2/RB4/10+,Forward,9500,0.0524282
W-2/RB4/10-,Forward,9500,0.121084
W-2/RB3/10+,Forward,9500,0.0289649
W-2/RB3/10-,Forward,9500,0.184524
W-2/RB4/10+,Backward,9500,0.0304612
W-2/RB4/10-,Backward,9500,0.123829
W-2/RB3/10+,Backward,9500,0.025909
W-2/RB3/10-,Backward,9500,0.0910327
W-2/RB2out/10,Forward,9500,0.238716
W-2/RB2out/10,Central,9500,0.221405
W-2/RB2out/10,Backward,9500,0.150491
W-2/RB2in/10,Forward,9500,0.0485528
W-2/RB1out/10,Forward,9500,0.140013
W-2/RB1in/10,Forward,9500,0.037378
W-2/RB2in/10,Backward,9500,0.0525657
W-2/RB1out/10,Backward,9500,0.0657073
W-2/RB1in/10,Backward,9500,0.0403758
W-2/RB4/11,Forward,9500,0.0524743
W-2/RB3/11+,Forward,9500,0.160506
W-2/RB3/11-,Forward,9500,0.058538
W-2/RB4/11,Backward,9500,0.0295555
W-2/RB3/11+,Backward,9500,0.298149
W-2/RB3/11-,Backward,9500,0.0701297
W-2/RB2out/11,Forward,9500,0.0743428
W-2/RB2out/11,Central,9500,0.169981
W-2/RB2out/11,Backward,9500,0.109024
W-2/RB2in/11,Forward,9500,0.000177604
W-2/RB1out/11,Forward,9500,0.122366
W-2/RB1in/11,Forward,9500,0.138704
W-2/RB1out/11,Backward,9500,0.0830077
W-2/RB1in/11,Backward,9500,0.0903781
W-2/RB4/12+,Forward,9500,0.154237
W-2/RB4/12-,Forward,9500,0.0703743
W-2/RB3/12+,Forward,9500,0.0706608
W-2/RB3/12-,Forward,9500,0.0822145
W-2/RB4/12+,Backward,9500,0.190136
W-2/RB4/12-,Backward,9500,0.0400508
W-2/RB3/12+,Backward,9500,0.083649
W-2/RB3/12-,Backward,9500,0.0969341
W-2/RB2out/12,Forward,9500,0.0806838
W-2/RB2out/12,Central,9500,0.200957
W-2/RB2out/12,Backward,9500,0.141473
W-2/RB2in/12,Forward,9500,0.28561
W-2/RB1out/12,Forward,9500,0
W-2/RB1in/12,Forward,9500,0.392811
W-2/RB2in/12,Backward,9500,0.292129
W-2/RB1out/12,Backward,9500,0
W-2/RB1in/12,Backward,9500,0.485251
W0/RB2out/8,Backward,9500,0.407749
W0/RB4/4+,Forward,9500,0.0978787
W0/RB4/4++,Forward,9500,0.0699332
W0/RB4/4--,Forward,9500,0.162741
W0/RB4/4-,Forward,9500,0.0881135
W0/RB3/4+,Forward,9500,0.139101
W0/RB3/4-,Forward,9500,0.0865729
W0/RB4/4+,Backward,9500,0.0711163
W0/RB4/4++,Backward,9500,0.113804
W0/RB4/4--,Backward,9500,0.132494
W0/RB4/4-,Backward,9500,0.0699828
W0/RB3/4+,Backward,9500,0.173087
W0/RB3/4-,Backward,9500,0.119889
W0/RB2in/4,Forward,9500,0.150143
W0/RB2in/4,Central,9500,0.274186
W0/RB2in/4,Backward,9500,0.398057
W0/RB2out/4,Forward,9500,0.070245
W0/RB1out/4,Forward,9500,0.0687539
W0/RB1in/4,Forward,9500,0.0647433
W0/RB2out/4,Backward,9500,0.0471425
W0/RB1out/4,Backward,9500,0.08491
W0/RB1in/4,Backward,9500,0.0627897
W0/RB4/5+,Forward,9500,0.148573
W0/RB4/5-,Forward,9500,0.0945365
W0/RB3/5+,Forward,9500,0.095189
W0/RB3/5-,Forward,9500,0.0424247
W0/RB4/5+,Backward,9500,0.148735
W0/RB4/5-,Backward,9500,0.106194
W0/RB3/5+,Backward,9500,0.0498643
W0/RB3/5-,Backward,9500,0.0738653
W0/RB2in/5,Forward,9500,8.72054
W0/RB2in/5,Central,9500,0.163111
W0/RB2in/5,Backward,9500,0.111038
W0/RB2out/5,Forward,9500,0.0788344
W0/RB1out/5,Forward,9500,0.629649
W0/RB1in/5,Forward,9500,2.12382
W0/RB2out/5,Backward,9500,0.0854921
W0/RB1out/5,Backward,9500,2.18944
W0/RB1in/5,Backward,9500,0.514419
W0/RB4/6-,Forward,9500,0.0465433
W0/RB4/6+,Forward,9500,0.0841788
W0/RB3/6-,Forward,9500,0.0330564
W0/RB3/6+,Forward,9500,0.0981519
W0/RB4/6-,Backward,9500,0.0443311
W0/RB4/6+,Backward,9500,0.071422
W0/RB3/6-,Backward,9500,0.0511936
W0/RB3/6+,Backward,9500,0.0551251
W0/RB2in/6,Forward,9500,0.0754575
W0/RB2in/6,Central,9500,0.153905
W0/RB2in/6,Backward,9500,0.132383
W0/RB2out/6,Forward,9500,0.379195
W0/RB1out/6,Forward,9500,0.191251
W0/RB1in/6,Forward,9500,0.0450079
W0/RB2out/6,Backward,9500,0.376569
W0/RB1out/6,Backward,9500,0.0393015
W0/RB1in/6,Backward,9500,0.0412757
W0/RB4/7-,Forward,9500,0.00988835
W0/RB4/7+,Forward,9500,0.0270907
W0/RB3/7-,Forward,9500,0.131077
W0/RB3/7+,Forward,9500,0.150585
W0/RB4/7-,Backward,9500,0.00890747
W0/RB4/7+,Backward,9500,0.0249492
W0/RB3/7-,Backward,9500,0.0376975
W0/RB3/7+,Backward,9500,0.0747536
W0/RB2in/7,Forward,9500,0.45343
W0/RB2in/7,Central,9500,0.0998955
W0/RB2in/7,Backward,9500,0.0387027
W0/RB2out/7,Forward,9500,0.13558
W0/RB1out/7,Forward,9500,0.025261
W0/RB1in/7,Forward,9500,0.018206
W0/RB2out/7,Backward,9500,0.0410832
W0/RB1out/7,Backward,9500,0.016623
W0/RB1in/7,Backward,9500,0.257082
W0/RB4/8+,Forward,9500,0.0516954
W0/RB4/8-,Forward,9500,0.0864116
W0/RB3/8+,Forward,9500,0.03579
W0/RB3/8-,Forward,9500,0.481749
W0/RB4/8+,Backward,9500,0.0371696
W0/RB4/8-,Backward,9500,0.0891613
W0/RB3/8+,Backward,9500,0.687955
W0/RB3/8-,Backward,9500,0.706367
W0/RB2in/8,Forward,9500,0.415535
W0/RB2in/8,Central,9500,0.21952
W0/RB2in/8,Backward,9500,0.118001
W0/RB2out/8,Forward,9500,2.48676
W0/RB1out/8,Forward,9500,0.0615941
W0/RB1in/8,Forward,9500,0.0420824
W0/RB1out/8,Backward,9500,0.0256936
W0/RB1in/8,Backward,9500,0.0424625
W0/RB4/9,Forward,9500,4.63733
W0/RB3/9+,Forward,9500,0.0743707
W0/RB3/9-,Forward,9500,0.085821
W0/RB4/9,Backward,9500,4.99859
W0/RB3/9+,Backward,9500,0.0670163
W0/RB3/9-,Backward,9500,0.111302
W0/RB2in/9,Forward,9500,0.228811
W0/RB2in/9,Central,9500,0.0643983
W0/RB2in/9,Backward,9500,0.0567106
W0/RB2out/9,Forward,9500,0.107556
W0/RB1out/9,Forward,9500,0.0432459
W0/RB1in/9,Forward,9500,0.188267
W0/RB2out/9,Backward,9500,0.166575
W0/RB1out/9,Backward,9500,0.0386865
W0/RB1in/9,Backward,9500,0.22955
W0/RB2out/11,Backward,9500,0.183456
W0/RB4/1+,Forward,9500,0.0331756
W0/RB4/1-,Forward,9500,0.0271504
W0/RB3/1+,Forward,9500,0.422215
W0/RB3/1-,Forward,9500,0.0961184
W0/RB4/1+,Backward,9500,0.0454166
W0/RB4/1-,Backward,9500,0.0238098
W0/RB3/1+,Backward,9500,0.155756
W0/RB3/1-,Backward,9500,0.0439466
W0/RB2in/1,Forward,9500,0.10828
W0/RB2in/1,Central,9500,0.0403213
W0/RB2in/1,Backward,9500,0.0315234
W0/RB2out/1,Forward,9500,0.0405557
W0/RB1out/1,Forward,9500,0.0763677
W0/RB1in/1,Forward,9500,0.0123715
W0/RB2out/1,Backward,9500,0.0165703
W0/RB1out/1,Backward,9500,0.0202423
W0/RB1in/1,Backward,9500,0.00740726
W0/RB4/2-,Forward,9500,0.180279
W0/RB4/2+,Forward,9500,0.126906
W0/RB3/2-,Forward,9500,0.422742
W0/RB3/2+,Forward,9500,0.103781
W0/RB4/2-,Backward,9500,0.128625
W0/RB4/2+,Backward,9500,0.109132
W0/RB3/2-,Backward,9500,0.11576
W0/RB3/2+,Backward,9500,0.0690938
W0/RB2in/2,Forward,9500,0.124708
W0/RB2in/2,Central,9500,0.329314
W0/RB2in/2,Backward,9500,0.105084
W0/RB2out/2,Forward,9500,0.0652719
W0/RB1out/2,Forward,9500,0.131751
W0/RB1in/2,Forward,9500,0.125214
W0/RB2out/2,Backward,9500,0.0756379
W0/RB1out/2,Backward,9500,0.0860054
W0/RB1in/2,Backward,9500,0.32013
W0/RB4/3-,Forward,9500,0.102099
W0/RB4/3+,Forward,9500,0.0904659
W0/RB3/3-,Forward,9500,0.105428
W0/RB3/3+,Forward,9500,3.03196
W0/RB4/3-,Backward,9500,0.0612675
W0/RB4/3+,Backward,9500,0.074349
W0/RB3/3-,Backward,9500,0.0801863
W0/RB3/3+,Backward,9500,0.0876779
W0/RB2in/3,Forward,9500,0.196078
W0/RB2in/3,Central,9500,0.0993715
W0/RB2in/3,Backward,9500,0.0949299
W0/RB2out/3,Forward,9500,0.0226004
W0/RB1out/3,Forward,9500,0.0654031
W0/RB1in/3,Forward,9500,0.0428803
W0/RB2out/3,Backward,9500,0.411432
W0/RB1out/3,Backward,9500,0.0478954
W0/RB1in/3,Backward,9500,0.0616985
W0/RB4/10-,Forward,9500,0.203581
W0/RB4/10+,Forward,9500,0.0267923
W0/RB3/10-,Forward,9500,0.184325
W0/RB3/10+,Forward,9500,0.141936
W0/RB4/10-,Backward,9500,0.0379347
W0/RB4/10+,Backward,9500,0.0268582
W0/RB3/10-,Backward,9500,0.0491223
W0/RB3/10+,Backward,9500,0.0587384
W0/RB2in/10,Forward,9500,0.150116
W0/RB2in/10,Central,9500,0.1758
W0/RB2in/10,Backward,9500,0.115216
W0/RB2out/10,Forward,9500,0.0968809
W0/RB1out/10,Forward,9500,0.0619498
W0/RB1in/10,Forward,9500,0.0743917
W0/RB2out/10,Backward,9500,0.056883
W0/RB1out/10,Backward,9500,0.0593715
W0/RB1in/10,Backward,9500,0.0363517
W0/RB4/11,Forward,9500,0.122176
W0/RB3/11-,Forward,9500,0.0393808
W0/RB3/11+,Forward,9500,0.0587318
W0/RB4/11,Backward,9500,0.0659774
W0/RB3/11-,Backward,9500,0.144766
W0/RB3/11+,Backward,9500,0.0477382
W0/RB2in/11,Forward,9500,0.329694
W0/RB2in/11,Central,9500,0.135154
W0/RB2in/11,Backward,9500,0.0591073
W0/RB2out/11,Forward,9500,0.22616
W0/RB1out/11,Forward,9500,0.156896
W0/RB1in/11,Forward,9500,0.238265
W0/RB1out/11,Backward,9500,0.105176
W0/RB1in/11,Backward,9500,0.189987
W0/RB4/12+,Forward,9500,0.0783702
W0/RB4/12-,Forward,9500,0.128742
W0/RB3/12+,Forward,9500,0.17196
W0/RB3/12-,Forward,9500,0.067415
W0/RB4/12+,Backward,9500,0.0881605
W0/RB4/12-,Backward,9500,0.179243
W0/RB3/12+,Backward,9500,0.151916
W0/RB3/12-,Backward,9500,0.0778024
W0/RB2in/12,Forward,9500,0.0860801
W0/RB2in/12,Central,9500,0.173352
W0/RB2in/12,Backward,9500,0.0874596
W0/RB2out/12,Forward,9500,0.352223
W0/RB1out/12,Forward,9500,0.100045
W0/RB1in/12,Forward,9500,0.125852
W0/RB2out/12,Backward,9500,0.21763
W0/RB1out/12,Backward,9500,0.0442002
W0/RB1in/12,Backward,9500,0.0571465
RE-1/3/25,A,9500,0.0623459
RE-1/3/25,B,9500,0.0624429
RE-1/3/25,C,9500,0.0349048
RE-1/2/9,A,9500,0.0752073
RE-1/2/9,B,9500,0.0649991
RE-1/2/9,C,9500,0.0461584
RE-1/2/10,A,9500,0.0496901
RE-1/2/10,B,9500,0.0743678
RE-1/2/10,C,9500,0.0446106
RE-1/2/11,A,9500,0.103014
RE-1/2/11,B,9500,0.0882045
RE-1/2/11,C,9500,0.0545227
RE-1/3/9,A,9500,0.0709076
RE-1/3/9,B,9500,0.0787495
RE-1/3/9,C,9500,0.0631911
RE-1/3/10,A,9500,0
RE-1/3/10,B,9500,0.0511066
RE-1/3/10,C,9500,0.0512446
RE-1/3/11,A,9500,0.0659263
RE-1/3/11,B,9500,0.0837589
RE-1/3/11,C,9500,0.109224
RE-2/2/11,A,9500,0.0862046
RE-2/2/11,B,9500,0.110248
RE-2/2/11,C,9500,0.0919906
RE-2/2/12,A,9500,0.129937
RE-2/2/12,B,9500,0.214718
RE-2/2/12,C,9500,0.103405
RE-2/2/13,A,9500,0.086735
RE-2/2/13,B,9500,0.137974
RE-2/2/13,C,9500,0.106975
RE-2/3/11,A,9500,0.102524
RE-2/3/11,B,9500,0.0976144
RE-2/3/11,C,9500,0.0748452
RE-2/3/12,A,9500,0.0850735
RE-2/3/12,B,9500,0.13368
RE-2/3/12,C,9500,0.140679
RE-2/3/13,A,9500,0.105254
RE-2/3/13,B,9500,0.0989718
RE-2/3/13,C,9500,0.0833369
RE-1/2/12,A,9500,0.0670529
RE-1/2/12,B,9500,0.054381
RE-1/2/12,C,9500,0.064205
RE-1/2/13,A,9500,0.0661897
RE-1/2/13,B,9500,0.0525917
RE-1/2/13,C,9500,0.0439003
RE-1/2/14,A,9500,0.155785
RE-1/2/14,B,9500,0.129737
RE-1/2/14,C,9500,0.0893943
RE-1/3/12,A,9500,0.049585
RE-1/3/12,B,9500,0.0435223
RE-1/3/12,C,9500,0.0196726
RE-1/3/13,A,9500,0.0521182
RE-1/3/13,B,9500,0.0894575
RE-1/3/13,C,9500,0.0776766
RE-1/3/14,A,9500,0.0727485
RE-1/3/14,B,9500,0.0573112
RE-1/3/14,C,9500,0.0425908
RE-2/2/14,A,9500,0.081211
RE-2/2/14,B,9500,0.119787
RE-2/2/14,C,9500,0.0713998
RE-2/2/15,A,9500,0.121163
RE-2/2/15,B,9500,0.158408
RE-2/2/15,C,9500,0.113084
RE-2/2/16,A,9500,0.117708
RE-2/2/16,B,9500,0.152583
RE-2/2/16,C,9500,0.141465
RE-2/3/14,A,9500,0.0778643
RE-2/3/14,B,9500,0.0795844
RE-2/3/14,C,9500,0.047805
RE-2/3/15,A,9500,0.0775417
RE-2/3/15,B,9500,0.0839832
RE-2/3/15,C,9500,0.0775262
RE-2/3/16,A,9500,0.0662876
RE-2/3/16,B,9500,0.0777776
RE-2/3/16,C,9500,0.0887262
RE-1/2/15,A,9500,0.17852
RE-1/2/15,B,9500,0.158924
RE-1/2/15,C,9500,0.140794
RE-1/2/16,A,9500,0.0768316
RE-1/2/16,B,9500,0.102458
RE-1/2/16,C,9500,0.0816178
RE-1/2/17,A,9500,0.0673398
RE-1/2/17,B,9500,0.0654519
RE-1/2/17,C,9500,0.0313234
RE-1/3/15,A,9500,0.045829
RE-1/3/15,B,9500,0.0394557
RE-1/3/15,C,9500,0.0341745
RE-1/3/16,A,9500,0.042139
RE-1/3/16,B,9500,0.0428347
RE-1/3/16,C,9500,0.0402194
RE-1/3/17,A,9500,0.0309007
RE-1/3/17,B,9500,0.0253203
RE-1/3/17,C,9500,0.0216068
RE-2/2/17,A,9500,0.0845721
RE-2/2/17,B,9500,0.121662
RE-2/2/17,C,9500,0.0672182
RE-2/2/18,A,9500,0.117188
RE-2/2/18,B,9500,0.143661
RE-2/2/18,C,9500,0.0916897
RE-2/2/19,A,9500,0.150575
RE-2/2/19,B,9500,0.174273
RE-2/2/19,C,9500,0.117543
RE-2/3/17,A,9500,0.132517
RE-2/3/17,B,9500,0.138565
RE-2/3/17,C,9500,0.158188
RE-2/3/18,A,9500,0.082155
RE-2/3/18,B,9500,0.111957
RE-2/3/18,C,9500,0.0939628
RE-2/3/19,A,9500,0.109419
RE-2/3/19,B,9500,0.122794
RE-2/3/19,C,9500,0.116376
RE-1/2/18,A,9500,0.0367695
RE-1/2/18,B,9500,0.0659029
RE-1/2/18,C,9500,0.79458
RE-1/2/19,A,9500,0.0549351
RE-1/2/19,B,9500,0.0948296
RE-1/2/19,C,9500,0.0745697
RE-1/2/20,A,9500,0.206311
RE-1/2/20,B,9500,0.102922
RE-1/2/20,C,9500,0.193269
RE-1/3/18,A,9500,0.0506156
RE-1/3/18,B,9500,0.0674762
RE-1/3/18,C,9500,0.0359267
RE-1/3/19,A,9500,0.442633
RE-1/3/19,B,9500,0.174822
RE-1/3/19,C,9500,0.13804
RE-1/3/20,A,9500,0.0536934
RE-1/3/20,B,9500,0.0422206
RE-1/3/20,C,9500,0.035594
RE-2/2/20,A,9500,0.0656186
RE-2/2/20,B,9500,0.0826301
RE-2/2/20,C,9500,0.072446
RE-2/2/21,A,9500,0.355523
RE-2/2/21,B,9500,0.142421
RE-2/2/21,C,9500,0.1047
RE-2/2/22,A,9500,0.159894
RE-2/2/22,B,9500,0.196983
RE-2/2/22,C,9500,0.174044
RE-2/3/20,A,9500,0.112385
RE-2/3/20,B,9500,0.132965
RE-2/3/20,C,9500,0.1019
RE-2/3/21,A,9500,0.077523
RE-2/3/21,B,9500,0.0940924
RE-2/3/21,C,9500,0.0937565
RE-2/3/22,A,9500,0.126402
RE-2/3/22,B,9500,0.1528
RE-2/3/22,C,9500,0.155171
RE-1/2/21,A,9500,0.0768231
RE-1/2/21,B,9500,0.0688386
RE-1/2/21,C,9500,0.0586478
RE-1/2/22,A,9500,0.0453374
RE-1/2/22,B,9500,0.0589802
RE-1/2/22,C,9500,0.058111
RE-1/2/23,A,9500,0.0510456
RE-1/2/23,B,9500,0.0577203
RE-1/2/23,C,9500,0.0347098
RE-1/3/21,A,9500,0.0410048
RE-1/3/21,B,9500,0.0399912
RE-1/3/21,C,9500,0.0420033
RE-1/3/22,A,9500,0.0643142
RE-1/3/22,B,9500,0.0579266
RE-1/3/22,C,9500,0.0483881
RE-1/3/23,A,9500,0.0770075
RE-1/3/23,B,9500,0.0406182
RE-1/3/23,C,9500,0.023059
RE-2/2/23,A,9500,0.0941688
RE-2/2/23,B,9500,0.097167
RE-2/2/23,C,9500,0.106069
RE-2/2/24,A,9500,0.101158
RE-2/2/24,B,9500,0.164415
RE-2/2/24,C,9500,0.149162
RE-2/2/25,A,9500,0.157814
RE-2/2/25,B,9500,0.185341
RE-2/2/25,C,9500,0.129998
RE-2/3/23,A,9500,0.154039
RE-2/3/23,B,9500,0.177298
RE-2/3/23,C,9500,0.121456
RE-2/3/24,A,9500,0.106612
RE-2/3/24,B,9500,0.16848
RE-2/3/24,C,9500,0.148457
RE-2/3/25,A,9500,0.196848
RE-2/3/25,B,9500,0.107243
RE-2/3/25,C,9500,0.0758197
RE-1/2/24,A,9500,0.0520271
RE-1/2/24,B,9500,0.0786313
RE-1/2/24,C,9500,0.0499818
RE-1/2/25,A,9500,0.0613008
RE-1/2/25,B,9500,0.0790493
RE-1/2/25,C,9500,0.0379631
RE-1/2/26,A,9500,0.0564208
RE-1/2/26,B,9500,0.375743
RE-1/2/26,C,9500,0.0469289
RE-1/3/24,A,9500,0.125643
RE-1/3/24,B,9500,0.0759769
RE-1/3/24,C,9500,0.0244845
RE-1/3/26,A,9500,0.0701953
RE-1/3/26,B,9500,0.0618473
RE-1/3/26,C,9500,0.0465709
RE-2/2/26,A,9500,0.134266
RE-2/2/26,B,9500,0.127697
RE-2/2/26,C,9500,0.0945114
RE-2/2/27,A,9500,0.351407
RE-2/2/27,B,9500,1.39251
RE-2/2/27,C,9500,0.715232
RE-2/2/28,A,9500,0.193494
RE-2/2/28,B,9500,0.260419
RE-2/2/28,C,9500,0.263189
RE-2/3/26,A,9500,0.132613
RE-2/3/26,B,9500,0.130085
RE-2/3/26,C,9500,0.164353
RE-2/3/27,A,9500,0.138536
RE-2/3/27,B,9500,0.13271
RE-2/3/27,C,9500,0.533462
RE-2/3/28,A,9500,0.116541
RE-2/3/28,B,9500,0.123759
RE-2/3/28,C,9500,0.0920534
RE-1/3/34,A,9500,0.0890113
RE-1/3/34,B,9500,0.0785679
RE-1/3/34,C,9500,0.0458897
RE-1/2/36,A,9500,0.0613862
RE-1/2/36,B,9500,0.058669
RE-1/2/36,C,9500,0.0421604
RE-1/2/1,A,9500,0.0851621
RE-1/2/1,B,9500,0.0802991
RE-1/2/1,C,9500,0.0621384
RE-1/2/2,A,9500,0.0579778
RE-1/2/2,B,9500,0.0499516
RE-1/2/2,C,9500,0.0635813
RE-1/3/36,A,9500,0.109509
RE-1/3/36,B,9500,0.0981952
RE-1/3/36,C,9500,0.0636193
RE-1/3/1,A,9500,0.0444705
RE-1/3/1,B,9500,0.0599669
RE-1/3/1,C,9500,0.0433551
RE-1/3/2,A,9500,0.0322051
RE-1/3/2,B,9500,0.0252202
RE-1/3/2,C,9500,0.0210081
RE-2/2/2,A,9500,0.0906844
RE-2/2/2,B,9500,0.119484
RE-2/2/2,C,9500,0.083133
RE-2/2/3,A,9500,0.113926
RE-2/2/3,B,9500,0.135689
RE-2/2/3,C,9500,0.192064
RE-2/2/4,A,9500,0.0762035
RE-2/2/4,B,9500,0.139595
RE-2/2/4,C,9500,0.128356
RE-2/3/2,A,9500,0.0921875
RE-2/3/2,B,9500,0.157865
RE-2/3/2,C,9500,0.111238
RE-2/3/3,A,9500,0.163292
RE-2/3/3,B,9500,0.166504
RE-2/3/3,C,9500,0.224192
RE-2/3/4,A,9500,0.143332
RE-2/3/4,B,9500,0.153971
RE-2/3/4,C,9500,0.13009
RE-1/2/3,A,9500,0.0571016
RE-1/2/3,B,9500,0.084446
RE-1/2/3,C,9500,0.0674624
RE-1/2/4,A,9500,0.0530822
RE-1/2/4,B,9500,0.0533416
RE-1/2/4,C,9500,0.0477648
RE-1/2/5,A,9500,0.352786
RE-1/2/5,B,9500,0.104273
RE-1/2/5,C,9500,0.133207
RE-1/3/3,A,9500,0.0751194
RE-1/3/3,B,9500,0.0759506
RE-1/3/3,C,9500,0.0501763
RE-1/3/4,A,9500,0.198492
RE-1/3/4,B,9500,0.108324
RE-1/3/4,C,9500,0.0810459
RE-1/3/5,A,9500,0.0363802
RE-1/3/5,B,9500,0.0340252
RE-1/3/5,C,9500,0.02964
RE-2/2/5,A,9500,0.0625568
RE-2/2/5,B,9500,0.0963729
RE-2/2/5,C,9500,0.0805042
RE-2/2/6,A,9500,0.121058
RE-2/2/6,B,9500,0.122689
RE-2/2/6,C,9500,0.163039
RE-2/2/7,A,9500,0.46698
RE-2/2/7,B,9500,0.176469
RE-2/2/7,C,9500,0.0893438
RE-2/3/5,A,9500,0.136415
RE-2/3/5,B,9500,0.0935261
RE-2/3/5,C,9500,0.090823
RE-2/3/6,A,9500,0.0976276
RE-2/3/6,B,9500,0.145757
RE-2/3/6,C,9500,0.128045
RE-2/3/7,A,9500,0.782303
RE-2/3/7,B,9500,0.125069
RE-2/3/7,C,9500,0.110232
RE-1/2/6,A,9500,0.113864
RE-1/2/6,B,9500,0.211485
RE-1/2/6,C,9500,0.0601376
RE-1/2/7,A,9500,0.0965046
RE-1/2/7,B,9500,0.140498
RE-1/2/7,C,9500,0.0600252
RE-1/2/8,A,9500,0.160732
RE-1/2/8,B,9500,0.200819
RE-1/2/8,C,9500,0.149938
RE-1/3/6,A,9500,0.0631643
RE-1/3/6,B,9500,0.052336
RE-1/3/6,C,9500,0.0268618
RE-1/3/7,A,9500,0.11359
RE-1/3/7,B,9500,0.142786
RE-1/3/7,C,9500,0.119811
RE-1/3/8,A,9500,0.053859
RE-1/3/8,B,9500,0.0314313
RE-1/3/8,C,9500,0.0229829
RE-2/2/8,A,9500,4.47537
RE-2/2/8,B,9500,0.128183
RE-2/2/8,C,9500,0.0582001
RE-2/2/9,A,9500,0.0812815
RE-2/2/9,B,9500,0.157627
RE-2/2/9,C,9500,0.113248
RE-2/2/10,A,9500,0.111248
RE-2/2/10,B,9500,0.142232
RE-2/2/10,C,9500,0.19006
RE-2/3/8,A,9500,0.0878456
RE-2/3/8,B,9500,0.116878
RE-2/3/8,C,9500,0.0814034
RE-2/3/9,A,9500,0.0986568
RE-2/3/9,B,9500,0.121555
RE-2/3/9,C,9500,0.103902
RE-2/3/10,A,9500,0.147939
RE-2/3/10,B,9500,0.168749
RE-2/3/10,C,9500,0.132468
RE-1/2/27,A,9500,0.0568114
RE-1/2/27,B,9500,0.0827142
RE-1/2/27,C,9500,0.11262
RE-1/2/28,A,9500,0.0398946
RE-1/2/28,B,9500,0.0347186
RE-1/2/28,C,9500,0.0293498
RE-1/2/29,A,9500,0.0410789
RE-1/2/29,B,9500,0.0331673
RE-1/2/29,C,9500,0.0255962
RE-1/3/27,A,9500,0.115378
RE-1/3/27,B,9500,0.139423
RE-1/3/27,C,9500,0.0686665
RE-1/3/28,A,9500,0.0745865
RE-1/3/28,B,9500,0.0562368
RE-1/3/28,C,9500,0.0261285
RE-1/3/29,A,9500,0.159127
RE-1/3/29,B,9500,0.0919225
RE-1/3/29,C,9500,0.102493
RE-2/2/29,A,9500,0.0696002
RE-2/2/29,B,9500,0.0917104
RE-2/2/29,C,9500,0.0917475
RE-2/2/30,A,9500,0.147065
RE-2/2/30,B,9500,0.154952
RE-2/2/30,C,9500,0.0976038
RE-2/2/31,A,9500,0.107314
RE-2/2/31,B,9500,0.0986599
RE-2/2/31,C,9500,0.0793679
RE-2/3/29,A,9500,0.113357
RE-2/3/29,B,9500,0.131951
RE-2/3/29,C,9500,0.0610759
RE-2/3/30,A,9500,0.0856026
RE-2/3/30,B,9500,0.123126
RE-2/3/30,C,9500,0.142965
RE-2/3/31,A,9500,0.115146
RE-2/3/31,B,9500,0.137919
RE-2/3/31,C,9500,0.134534
RE-1/2/30,A,9500,0.0612306
RE-1/2/30,B,9500,0.189662
RE-1/2/30,C,9500,0.080605
RE-1/2/31,A,9500,0.0143146
RE-1/2/31,B,9500,0.0219927
RE-1/2/31,C,9500,0.00962311
RE-1/2/32,A,9500,0.0829318
RE-1/2/32,B,9500,0.1436
RE-1/2/32,C,9500,0.0461591
RE-1/3/30,A,9500,0.0793761
RE-1/3/30,B,9500,0.0533979
RE-1/3/30,C,9500,0.0935821
RE-1/3/31,A,9500,0.131529
RE-1/3/31,B,9500,0.261207
RE-1/3/31,C,9500,0.101875
RE-1/3/32,A,9500,17.8763
RE-1/3/32,B,9500,0.0421638
RE-1/3/32,C,9500,0.0529633
RE-2/2/32,A,9500,0.0760283
RE-2/2/32,B,9500,0.0815086
RE-2/2/32,C,9500,0.0763994
RE-2/2/33,A,9500,0.112365
RE-2/2/33,B,9500,0.152077
RE-2/2/33,C,9500,0.166006
RE-2/2/34,A,9500,27.7727
RE-2/2/34,B,9500,0.183448
RE-2/2/34,C,9500,0.152615
RE-2/3/32,A,9500,0.100198
RE-2/3/32,B,9500,0.0921349
RE-2/3/32,C,9500,0.0886948
RE-2/3/33,A,9500,0.127641
RE-2/3/33,B,9500,0.197232
RE-2/3/33,C,9500,0.139377
RE-2/3/34,A,9500,0.122927
RE-2/3/34,B,9500,0.121751
RE-2/3/34,C,9500,0.131531
RE-1/2/33,A,9500,0.05587
RE-1/2/33,B,9500,0.0634573
RE-1/2/33,C,9500,0.0574017
RE-1/2/34,A,9500,0.0447919
RE-1/2/34,B,9500,0.10006
RE-1/2/34,C,9500,0.0463104
RE-1/2/35,A,9500,0.0699539
RE-1/2/35,B,9500,0.0514552
RE-1/2/35,C,9500,0.100884
RE-1/3/33,A,9500,0.0685956
RE-1/3/33,B,9500,0.0851412
RE-1/3/33,C,9500,0.0560971
RE-1/3/35,A,9500,0.0268598
RE-1/3/35,B,9500,0.0406991
RE-1/3/35,C,9500,0.0387691
RE-2/2/35,A,9500,0.0937521
RE-2/2/35,B,9500,0.107928
RE-2/2/35,C,9500,0.0878473
RE-2/2/36,A,9500,0.150035
RE-2/2/36,B,9500,0.193059
RE-2/2/36,C,9500,0.105287
RE-2/2/1,A,9500,0.115196
RE-2/2/1,B,9500,0.137007
RE-2/2/1,C,9500,0.13013
RE-2/3/35,A,9500,0.172849
RE-2/3/35,B,9500,0.142261
RE-2/3/35,C,9500,0.107916
RE-2/3/36,A,9500,0.088381
RE-2/3/36,B,9500,0.0934221
RE-2/3/36,C,9500,0.114604
RE-2/3/1,A,9500,0.112772
RE-2/3/1,B,9500,0.114528
RE-2/3/1,C,9500,0.119686
RE-3/3/22,A,9500,0.045143
RE-3/3/22,B,9500,0.0312863
RE-3/3/22,C,9500,0.0191826
RE-4/2/9,A,9500,0.0636486
RE-4/2/9,B,9500,0.0506375
RE-4/2/9,C,9500,0.0296288
RE-4/2/10,A,9500,0.0402785
RE-4/2/10,B,9500,0.0456784
RE-4/2/10,C,9500,0.033664
RE-4/2/11,A,9500,0.0561618
RE-4/2/11,B,9500,0.0809731
RE-4/2/11,C,9500,0.0370091
RE-4/3/9,A,9500,0.0381824
RE-4/3/9,B,9500,0.058868
RE-4/3/9,C,9500,0.11753
RE-4/3/10,A,9500,0.0400697
RE-4/3/10,B,9500,0.0398081
RE-4/3/10,C,9500,0.0343842
RE-4/3/11,A,9500,0.038147
RE-4/3/11,B,9500,0.119906
RE-4/3/11,C,9500,0.0231785
RE-4/2/12,A,9500,0.0325286
RE-4/2/12,B,9500,0.0383023
RE-4/2/12,C,9500,0.0203472
RE-4/2/13,A,9500,0.0645784
RE-4/2/13,B,9500,0.063565
RE-4/2/13,C,9500,0.0644217
RE-4/2/14,A,9500,0.0401182
RE-4/2/14,B,9500,0.036958
RE-4/2/14,C,9500,0.0320223
RE-4/3/12,A,9500,0.0308874
RE-4/3/12,B,9500,0.048447
RE-4/3/12,C,9500,0.0260009
RE-4/3/13,A,9500,0.0918001
RE-4/3/13,B,9500,0.0327407
RE-4/3/13,C,9500,0.026942
RE-4/3/14,A,9500,0.0588654
RE-4/3/14,B,9500,0.0771482
RE-4/3/14,C,9500,0.045995
RE-4/2/15,A,9500,0.0339141
RE-4/2/15,B,9500,0.0415731
RE-4/2/15,C,9500,0.0253707
RE-4/2/16,A,9500,0.0308685
RE-4/2/16,B,9500,0.104509
RE-4/2/16,C,9500,0.0322126
RE-4/2/17,A,9500,0.6585
RE-4/2/17,B,9500,0.176139
RE-4/2/17,C,9500,0.064626
RE-4/3/15,A,9500,0.0235244
RE-4/3/15,B,9500,0.0501218
RE-4/3/15,C,9500,0.0280108
RE-4/3/16,A,9500,0.0681168
RE-4/3/16,B,9500,0.0584232
RE-4/3/16,C,9500,0.0618681
RE-4/3/17,A,9500,0.0287325
RE-4/3/17,B,9500,0.0526278
RE-4/3/17,C,9500,0.0653258
RE-4/2/18,A,9500,0.0882595
RE-4/2/18,B,9500,0.0647061
RE-4/2/18,C,9500,1.32696
RE-4/2/19,A,9500,0.041962
RE-4/2/19,B,9500,0.0901829
RE-4/2/19,C,9500,0.0397196
RE-4/2/20,A,9500,0.181912
RE-4/2/20,B,9500,0.107458
RE-4/2/20,C,9500,0.0776621
RE-4/3/18,A,9500,0.0335334
RE-4/3/18,B,9500,0.0243087
RE-4/3/18,C,9500,0.0205066
RE-4/3/19,A,9500,0.0490134
RE-4/3/19,B,9500,0.123039
RE-4/3/19,C,9500,0.0820302
RE-4/3/20,A,9500,0.0732639
RE-4/3/20,B,9500,0.0516324
RE-4/3/20,C,9500,0.039818
RE-4/2/21,A,9500,0.0751524
RE-4/2/21,B,9500,0.0548367
RE-4/2/21,C,9500,0.0564978
RE-4/2/22,A,9500,0.0386211
RE-4/2/22,B,9500,0.0177308
RE-4/2/22,C,9500,0.00924369
RE-4/2/23,A,9500,0.0432817
RE-4/2/23,B,9500,0.0409083
RE-4/2/23,C,9500,0.0409331
RE-4/3/21,A,9500,0.0417973
RE-4/3/21,B,9500,0.0993096
RE-4/3/21,C,9500,0.534151
RE-4/3/22,A,9500,0.0346271
RE-4/3/22,B,9500,0.0385859
RE-4/3/22,C,9500,0.0404117
RE-4/3/23,A,9500,0.0631702
RE-4/3/23,B,9500,0.049687
RE-4/3/23,C,9500,0.0347771
RE-4/2/24,A,9500,0.0510069
RE-4/2/24,B,9500,0.054961
RE-4/2/24,C,9500,0.0340013
RE-4/2/25,A,9500,0.0727118
RE-4/2/25,B,9500,0.0510746
RE-4/2/25,C,9500,0.057131
RE-4/2/26,A,9500,0.0571696
RE-4/2/26,B,9500,0.0570316
RE-4/2/26,C,9500,0.0562381
RE-4/3/24,A,9500,0.0352056
RE-4/3/24,B,9500,0.147424
RE-4/3/24,C,9500,0.0427392
RE-4/3/25,A,9500,0.0247959
RE-4/3/25,B,9500,0.0859253
RE-4/3/25,C,9500,0.0643624
RE-4/3/26,A,9500,2.66313
RE-4/3/26,B,9500,0.0589926
RE-4/3/26,C,9500,0.0685743
RE-3/2/9,A,9500,0.047657
RE-3/2/9,B,9500,0.0591684
RE-3/2/9,C,9500,0.0508554
RE-3/2/10,A,9500,0.103773
RE-3/2/10,B,9500,0.121712
RE-3/2/10,C,9500,0.0501745
RE-3/2/11,A,9500,0.0529656
RE-3/2/11,B,9500,0.0750741
RE-3/2/11,C,9500,0.0794388
RE-3/3/9,A,9500,0.0468657
RE-3/3/9,B,9500,0.0622422
RE-3/3/9,C,9500,0.0287005
RE-3/3/10,A,9500,0.0498663
RE-3/3/10,B,9500,0.0715327
RE-3/3/10,C,9500,0.0547918
RE-3/3/11,A,9500,0.0629003
RE-3/3/11,B,9500,0.0724183
RE-3/3/11,C,9500,0.0464365
RE-3/2/12,A,9500,0.0502162
RE-3/2/12,B,9500,0.0940202
RE-3/2/12,C,9500,0.0534662
RE-3/2/13,A,9500,0.058219
RE-3/2/13,B,9500,0.0788532
RE-3/2/13,C,9500,0.0646643
RE-3/2/14,A,9500,0.0672058
RE-3/2/14,B,9500,0.0502736
RE-3/2/14,C,9500,0.209839
RE-3/3/12,A,9500,0.0516838
RE-3/3/12,B,9500,0.0663368
RE-3/3/12,C,9500,0.0468749
RE-3/3/13,A,9500,0.0382737
RE-3/3/13,B,9500,0.0747696
RE-3/3/13,C,9500,0.0631358
RE-3/3/14,A,9500,0.0415466
RE-3/3/14,B,9500,0.0806726
RE-3/3/14,C,9500,0.0565351
RE-3/2/15,A,9500,0.0516069
RE-3/2/15,B,9500,0.053777
RE-3/2/15,C,9500,0.0370426
RE-3/2/16,A,9500,0.0434394
RE-3/2/16,B,9500,0.0753064
RE-3/2/16,C,9500,0.0998402
RE-3/2/17,A,9500,0.0227253
RE-3/2/17,B,9500,0.0432254
RE-3/2/17,C,9500,0.0272934
RE-3/3/15,A,9500,0.0999517
RE-3/3/15,B,9500,0.147645
RE-3/3/15,C,9500,0.102579
RE-3/3/16,A,9500,0.056427
RE-3/3/16,B,9500,0.0960141
RE-3/3/16,C,9500,0.105203
RE-3/3/17,A,9500,0.0857767
RE-3/3/17,B,9500,0.0738736
RE-3/3/17,C,9500,0.060304
RE-3/2/18,A,9500,0.0418522
RE-3/2/18,B,9500,0.041256
RE-3/2/18,C,9500,0.0341253
RE-3/2/19,A,9500,0.057185
RE-3/2/19,B,9500,0.0510251
RE-3/2/19,C,9500,0.0746916
RE-3/2/20,A,9500,0.0694906
RE-3/2/20,B,9500,0.101621
RE-3/2/20,C,9500,0.111735
RE-3/3/18,A,9500,0.0444066
RE-3/3/18,B,9500,0.0657174
RE-3/3/18,C,9500,0.038439
RE-3/3/19,A,9500,0.0875137
RE-3/3/19,B,9500,0.0729543
RE-3/3/19,C,9500,0.0762206
RE-3/3/20,A,9500,0.0511728
RE-3/3/20,B,9500,0.0677414
RE-3/3/20,C,9500,0.0397157
RE-3/2/21,A,9500,0.0661985
RE-3/2/21,B,9500,0.133687
RE-3/2/21,C,9500,0.0735797
RE-3/2/22,A,9500,0.031835
RE-3/2/22,B,9500,0.0719082
RE-3/2/22,C,9500,0.0589995
RE-3/2/23,A,9500,0.0403243
RE-3/2/23,B,9500,0.07221
RE-3/2/23,C,9500,0.0497933
RE-3/3/21,A,9500,0.0515452
RE-3/3/21,B,9500,0.0689971
RE-3/3/21,C,9500,0.0355714
RE-3/3/23,A,9500,0.0301261
RE-3/3/23,B,9500,0.0365381
RE-3/3/23,C,9500,0.0370233
RE-3/2/24,A,9500,0.0286378
RE-3/2/24,B,9500,0.0386925
RE-3/2/24,C,9500,0.0309265
RE-3/2/25,A,9500,0.0348448
RE-3/2/25,B,9500,0.0362934
RE-3/2/25,C,9500,0.0327279
RE-3/2/26,A,9500,0.0387442
RE-3/2/26,B,9500,0.0538851
RE-3/2/26,C,9500,0.0573297
RE-3/3/24,A,9500,0.0326013
RE-3/3/24,B,9500,0.0452399
RE-3/3/24,C,9500,0.0411189
RE-3/3/25,A,9500,0.0393849
RE-3/3/25,B,9500,0.0378224
RE-3/3/25,C,9500,0.0371143
RE-3/3/26,A,9500,0.0908386
RE-3/3/26,B,9500,0.133287
RE-3/3/26,C,9500,0.0870769
RE-3/3/28,A,9500,0.0346999
RE-3/3/28,B,9500,0.0341128
RE-3/3/28,C,9500,0.035545
RE-4/2/33,A,9500,0.0400407
RE-4/2/33,B,9500,0.0304903
RE-4/2/33,C,9500,0.0211707
RE-4/2/34,A,9500,0.057938
RE-4/2/34,B,9500,0.0585784
RE-4/2/34,C,9500,0.0488035
RE-4/2/35,A,9500,0.340233
RE-4/2/35,B,9500,0.113923
RE-4/2/35,C,9500,0.221538
RE-4/3/33,A,9500,0.0283249
RE-4/3/33,B,9500,0.219179
RE-4/3/33,C,9500,0.0438974
RE-4/3/34,A,9500,0.0297734
RE-4/3/34,B,9500,0.0475184
RE-4/3/34,C,9500,0.0476652
RE-4/3/35,A,9500,0.0676464
RE-4/3/35,B,9500,0.192759
RE-4/3/35,C,9500,3.76262
RE-4/2/36,A,9500,0.130832
RE-4/2/36,B,9500,0.090947
RE-4/2/36,C,9500,0.255718
RE-4/2/1,A,9500,0.0612166
RE-4/2/1,B,9500,0.0575427
RE-4/2/1,C,9500,0.0358051
RE-4/2/2,A,9500,0.0722937
RE-4/2/2,B,9500,0.0840852
RE-4/2/2,C,9500,0.061201
RE-4/3/36,A,9500,0.105608
RE-4/3/36,B,9500,0.324561
RE-4/3/36,C,9500,0.276816
RE-4/3/1,A,9500,0.644371
RE-4/3/1,B,9500,0.0494399
RE-4/3/1,C,9500,0.0590344
RE-4/3/2,A,9500,0.48127
RE-4/3/2,B,9500,0.0435542
RE-4/3/2,C,9500,0.0491213
RE-4/2/3,A,9500,0.121936
RE-4/2/3,B,9500,0.0359568
RE-4/2/3,C,9500,0.0291554
RE-4/2/4,A,9500,0.111133
RE-4/2/4,B,9500,0.168523
RE-4/2/4,C,9500,0.560025
RE-4/2/5,A,9500,0.031403
RE-4/2/5,B,9500,0.0436226
RE-4/2/5,C,9500,0.037125
RE-4/3/3,A,9500,0.0271814
RE-4/3/3,B,9500,0.07001
RE-4/3/3,C,9500,0.130714
RE-4/3/4,A,9500,0.041185
RE-4/3/4,B,9500,0.0588553
RE-4/3/4,C,9500,0.0559097
RE-4/3/5,A,9500,0.0166879
RE-4/3/5,B,9500,0.0323786
RE-4/3/5,C,9500,0.0258181
RE-4/2/6,A,9500,0.279305
RE-4/2/6,B,9500,0.0576829
RE-4/2/6,C,9500,0.0276694
RE-4/2/7,A,9500,0.131038
RE-4/2/7,B,9500,0.0343476
RE-4/2/7,C,9500,2.52959
RE-4/2/8,A,9500,0.417529
RE-4/2/8,B,9500,0.292257
RE-4/2/8,C,9500,0.194619
RE-4/3/6,A,9500,0.0320844
RE-4/3/6,B,9500,0.0381954
RE-4/3/6,C,9500,0.0338507
RE-4/3/7,A,9500,0.0478465
RE-4/3/7,B,9500,0.0808773
RE-4/3/7,C,9500,0.0702932
RE-4/3/8,A,9500,0.386306
RE-4/3/8,B,9500,0.403254
RE-4/3/8,C,9500,0.406727
RE-4/2/27,A,9500,0.0392089
RE-4/2/27,B,9500,0.62792
RE-4/2/27,C,9500,0.0246183
RE-4/2/28,A,9500,0.114036
RE-4/2/28,B,9500,0.0450641
RE-4/2/28,C,9500,0.0610474
RE-4/2/29,A,9500,0.179476
RE-4/2/29,B,9500,0.0578318
RE-4/2/29,C,9500,0.0352053
RE-4/3/27,A,9500,0.0350544
RE-4/3/27,B,9500,0.0880848
RE-4/3/27,C,9500,0.0687033
RE-4/3/28,A,9500,0.0292212
RE-4/3/28,B,9500,0.0905174
RE-4/3/28,C,9500,0.0477523
RE-4/3/29,A,9500,0.0237527
RE-4/3/29,B,9500,0.0796552
RE-4/3/29,C,9500,0.0570544
RE-4/2/30,A,9500,0.0464736
RE-4/2/30,B,9500,0.0677005
RE-4/2/30,C,9500,0.0501766
RE-4/2/31,A,9500,0.0527288
RE-4/2/31,B,9500,0.032232
RE-4/2/31,C,9500,0.0248987
RE-4/2/32,A,9500,0.057034
RE-4/2/32,B,9500,0.0815478
RE-4/2/32,C,9500,0.0487843
RE-4/3/30,A,9500,1.06655
RE-4/3/30,B,9500,0.0274778
RE-4/3/30,C,9500,0.024328
RE-4/3/31,A,9500,3.87238
RE-4/3/31,B,9500,0.0632232
RE-4/3/31,C,9500,0.0496851
RE-4/3/32,A,9500,0.0297789
RE-4/3/32,B,9500,0.0451221
RE-4/3/32,C,9500,0.0458836
RE-3/2/33,A,9500,0.0488766
RE-3/2/33,B,9500,0.129308
RE-3/2/33,C,9500,0.0800038
RE-3/2/34,A,9500,0.0276908
RE-3/2/34,B,9500,0.047577
RE-3/2/34,C,9500,0.0382082
RE-3/2/35,A,9500,0
RE-3/2/35,B,9500,0
RE-3/2/35,C,9500,0
RE-3/3/33,A,9500,0.0357626
RE-3/3/33,B,9500,0.0701203
RE-3/3/33,C,9500,0.0383175
RE-3/3/34,A,9500,0.0563118
RE-3/3/34,B,9500,0.0566785
RE-3/3/34,C,9500,0.0399168
RE-3/3/35,A,9500,0
RE-3/3/35,B,9500,0
RE-3/3/35,C,9500,0
RE-3/2/36,A,9500,0.184681
RE-3/2/36,B,9500,0.161013
RE-3/2/36,C,9500,0.142556
RE-3/2/1,A,9500,0.053812
RE-3/2/1,B,9500,0.0687724
RE-3/2/1,C,9500,0.0501211
RE-3/2/2,A,9500,0.0386472
RE-3/2/2,B,9500,0.0405049
RE-3/2/2,C,9500,0.0442253
RE-3/3/36,A,9500,0.0347905
RE-3/3/36,B,9500,0.0545416
RE-3/3/36,C,9500,0.0337265
RE-3/3/1,A,9500,0.0324043
RE-3/3/1,B,9500,0.0300459
RE-3/3/1,C,9500,0.0308428
RE-3/3/2,A,9500,0.0351556
RE-3/3/2,B,9500,0.0470283
RE-3/3/2,C,9500,0.0339031
RE-3/2/3,A,9500,0.0520117
RE-3/2/3,B,9500,0.0599896
RE-3/2/3,C,9500,0.0534307
RE-3/2/4,A,9500,0.0376821
RE-3/2/4,B,9500,0.0488915
RE-3/2/4,C,9500,0.0239891
RE-3/2/5,A,9500,0.0454381
RE-3/2/5,B,9500,0.0533629
RE-3/2/5,C,9500,0.0563422
RE-3/3/3,A,9500,0.0522778
RE-3/3/3,B,9500,0.0592747
RE-3/3/3,C,9500,0.0414296
RE-3/3/4,A,9500,0.0476252
RE-3/3/4,B,9500,0.0599338
RE-3/3/4,C,9500,0.0467061
RE-3/3/5,A,9500,0.0437526
RE-3/3/5,B,9500,0.0510338
RE-3/3/5,C,9500,0.0643245
RE-3/2/6,A,9500,0.0545938
RE-3/2/6,B,9500,0.192411
RE-3/2/6,C,9500,0.054532
RE-3/2/7,A,9500,0.065953
RE-3/2/7,B,9500,0.083373
RE-3/2/7,C,9500,0.0791758
RE-3/2/8,A,9500,0.636287
RE-3/2/8,B,9500,0.091658
RE-3/2/8,C,9500,0.0595023
RE-3/3/6,A,9500,0.0579127
RE-3/3/6,B,9500,0.0715048
RE-3/3/6,C,9500,0.0690212
RE-3/3/7,A,9500,0.0362861
RE-3/3/7,B,9500,0.066086
RE-3/3/7,C,9500,0.0480195
RE-3/3/8,A,9500,0.0517684
RE-3/3/8,B,9500,0.0854635
RE-3/3/8,C,9500,0.0579029
RE-3/2/27,A,9500,0.0676872
RE-3/2/27,B,9500,0.0708498
RE-3/2/27,C,9500,0.0453
RE-3/2/28,A,9500,0.0300578
RE-3/2/28,B,9500,0.035249
RE-3/2/28,C,9500,0.0319644
RE-3/2/29,A,9500,0.0499746
RE-3/2/29,B,9500,0.0627315
RE-3/2/29,C,9500,0.0474421
RE-3/3/27,A,9500,0.0387292
RE-3/3/27,B,9500,0.0855103
RE-3/3/27,C,9500,0.0833612
RE-3/3/29,A,9500,0.0361447
RE-3/3/29,B,9500,0.0716536
RE-3/3/29,C,9500,0.0578838
RE-3/2/30,A,9500,0.0396917
RE-3/2/30,B,9500,0.0434647
RE-3/2/30,C,9500,0.0417435
RE-3/2/31,A,9500,0.0291896
RE-3/2/31,B,9500,0.0537119
RE-3/2/31,C,9500,0.0434093
RE-3/2/32,A,9500,0.0197787
RE-3/2/32,B,9500,0.0264422
RE-3/2/32,C,9500,0.0216074
RE-3/3/30,A,9500,0.0466194
RE-3/3/30,B,9500,0.0679934
RE-3/3/30,C,9500,0.0364116
RE-3/3/31,A,9500,0.0938707
RE-3/3/31,B,9500,0.123277
RE-3/3/31,C,9500,0.179844
RE-3/3/32,A,9500,0.144982
RE-3/3/32,B,9500,0.0503986
RE-3/3/32,C,9500,0.0354624
RE+1/3/25,A,9500,0.000116504
RE+1/3/25,B,9500,6.26709e-06
RE+1/3/25,C,9500,8.84805e-05
RE+1/2/9,A,9500,0.0512989
RE+1/2/9,B,9500,0.0617869
RE+1/2/9,C,9500,0.0498411
RE+1/2/10,A,9500,0.781689
RE+1/2/10,B,9500,0.46954
RE+1/2/10,C,9500,0.169155
RE+1/2/11,A,9500,0.316382
RE+1/2/11,B,9500,0.579701
RE+1/2/11,C,9500,0.226074
RE+1/3/9,A,9500,0.187279
RE+1/3/9,B,9500,0.114348
RE+1/3/9,C,9500,0.120139
RE+1/3/10,A,9500,0.0421876
RE+1/3/10,B,9500,0.0437581
RE+1/3/10,C,9500,0.028711
RE+1/3/11,A,9500,0.149115
RE+1/3/11,B,9500,0.116137
RE+1/3/11,C,9500,0.0539442
RE+2/2/11,A,9500,0.259181
RE+2/2/11,B,9500,0.144934
RE+2/2/11,C,9500,0.886485
RE+2/2/12,A,9500,0.103621
RE+2/2/12,B,9500,0.0665835
RE+2/2/12,C,9500,0.0548466
RE+2/2/13,A,9500,0.0933219
RE+2/2/13,B,9500,0.100384
RE+2/2/13,C,9500,0.161144
RE+2/3/11,A,9500,0.0309175
RE+2/3/11,B,9500,0.0827898
RE+2/3/11,C,9500,0.104998
RE+2/3/12,A,9500,0.0878626
RE+2/3/12,B,9500,0.0539685
RE+2/3/12,C,9500,0.0647929
RE+2/3/13,A,9500,0.402949
RE+2/3/13,B,9500,0.0979505
RE+2/3/13,C,9500,0.0704577
RE+1/2/12,A,9500,0.206822
RE+1/2/12,B,9500,0.248376
RE+1/2/12,C,9500,0.3152
RE+1/2/13,A,9500,0.0702165
RE+1/2/13,B,9500,0.0957786
RE+1/2/13,C,9500,0.0605752
RE+1/2/14,A,9500,0.309669
RE+1/2/14,B,9500,0.462549
RE+1/2/14,C,9500,0.330432
RE+1/3/12,A,9500,0.0683803
RE+1/3/12,B,9500,0.0880886
RE+1/3/12,C,9500,0.0652364
RE+1/3/13,A,9500,0.195997
RE+1/3/13,B,9500,0.17074
RE+1/3/13,C,9500,0.118666
RE+1/3/14,A,9500,0.0624877
RE+1/3/14,B,9500,0.0603639
RE+1/3/14,C,9500,0.0382782
RE+2/2/14,A,9500,0.093131
RE+2/2/14,B,9500,0.188221
RE+2/2/14,C,9500,0.154234
RE+2/2/15,A,9500,0.0695168
RE+2/2/15,B,9500,0.0795498
RE+2/2/15,C,9500,0.0834083
RE+2/2/16,A,9500,0.097165
RE+2/2/16,B,9500,0.106843
RE+2/2/16,C,9500,0.147182
RE+2/3/14,A,9500,1.38794
RE+2/3/14,B,9500,0.202208
RE+2/3/14,C,9500,0.0750581
RE+2/3/15,A,9500,0.111667
RE+2/3/15,B,9500,0.0790203
RE+2/3/15,C,9500,0.0981671
RE+2/3/16,A,9500,0.184601
RE+2/3/16,B,9500,0.0713199
RE+2/3/16,C,9500,0.0813278
RE+1/2/15,A,9500,0.23781
RE+1/2/15,B,9500,0.326247
RE+1/2/15,C,9500,0.256953
RE+1/2/16,A,9500,0.713627
RE+1/2/16,B,9500,0.767406
RE+1/2/16,C,9500,0.367663
RE+1/2/17,A,9500,0.57213
RE+1/2/17,B,9500,0.508445
RE+1/2/17,C,9500,0.460513
RE+1/3/15,A,9500,0.0991809
RE+1/3/15,B,9500,0.11869
RE+1/3/15,C,9500,0.0882995
RE+1/3/16,A,9500,0.0856515
RE+1/3/16,B,9500,0.0872097
RE+1/3/16,C,9500,0.0606741
RE+1/3/17,A,9500,0.147032
RE+1/3/17,B,9500,0.161841
RE+1/3/17,C,9500,0.0840318
RE+2/2/17,A,9500,0.119894
RE+2/2/17,B,9500,0.229765
RE+2/2/17,C,9500,0.0935591
RE+2/2/18,A,9500,0.105505
RE+2/2/18,B,9500,0.127304
RE+2/2/18,C,9500,0.138268
RE+2/2/19,A,9500,0.102708
RE+2/2/19,B,9500,0.0975374
RE+2/2/19,C,9500,0.10627
RE+2/3/17,A,9500,1.15035
RE+2/3/17,B,9500,0.296941
RE+2/3/17,C,9500,0.598346
RE+2/3/18,A,9500,0.215312
RE+2/3/18,B,9500,0.145958
RE+2/3/18,C,9500,0.0956065
RE+2/3/19,A,9500,0.0781869
RE+2/3/19,B,9500,0.103709
RE+2/3/19,C,9500,0.0948772
RE+1/2/18,A,9500,0.148622
RE+1/2/18,B,9500,0.056295
RE+1/2/18,C,9500,0.043341
RE+1/2/19,A,9500,0.122389
RE+1/2/19,B,9500,0.212652
RE+1/2/19,C,9500,0.128371
RE+1/2/20,A,9500,0.0775026
RE+1/2/20,B,9500,0.137058
RE+1/2/20,C,9500,0.0551724
RE+1/3/18,A,9500,0.226743
RE+1/3/18,B,9500,0.108142
RE+1/3/18,C,9500,0.0832017
RE+1/3/19,A,9500,0.143537
RE+1/3/19,B,9500,0.124059
RE+1/3/19,C,9500,0.0956813
RE+1/3/20,A,9500,0.262609
RE+1/3/20,B,9500,0.220683
RE+1/3/20,C,9500,0.11388
RE+2/2/20,A,9500,0.0852082
RE+2/2/20,B,9500,0.134853
RE+2/2/20,C,9500,0.133968
RE+2/2/21,A,9500,0.0725476
RE+2/2/21,B,9500,0.0924063
RE+2/2/21,C,9500,0.0965749
RE+2/2/22,A,9500,0.0808651
RE+2/2/22,B,9500,0.113667
RE+2/2/22,C,9500,0.168506
RE+2/3/20,A,9500,0.1613
RE+2/3/20,B,9500,0.188169
RE+2/3/20,C,9500,0.139956
RE+2/3/21,A,9500,1.00134
RE+2/3/21,B,9500,0.658406
RE+2/3/21,C,9500,0.119659
RE+2/3/22,A,9500,0.136396
RE+2/3/22,B,9500,0.0399724
RE+2/3/22,C,9500,0.0654498
RE+1/2/21,A,9500,0.234577
RE+1/2/21,B,9500,0.270655
RE+1/2/21,C,9500,0.209007
RE+1/2/22,A,9500,0.287887
RE+1/2/22,B,9500,0.492144
RE+1/2/22,C,9500,0.135669
RE+1/2/23,A,9500,0.545849
RE+1/2/23,B,9500,0.542463
RE+1/2/23,C,9500,0.356948
RE+1/3/21,A,9500,0.410844
RE+1/3/21,B,9500,0.271628
RE+1/3/21,C,9500,0.085515
RE+1/3/22,A,9500,0.0357657
RE+1/3/22,B,9500,0.0398766
RE+1/3/22,C,9500,0.0240887
RE+1/3/23,A,9500,0.137224
RE+1/3/23,B,9500,0.111917
RE+1/3/23,C,9500,0.0937002
RE+2/2/23,A,9500,0.0284597
RE+2/2/23,B,9500,0.0290859
RE+2/2/23,C,9500,0.0204807
RE+2/2/24,A,9500,0.0916134
RE+2/2/24,B,9500,0.14083
RE+2/2/24,C,9500,0.128682
RE+2/2/25,A,9500,0.0912319
RE+2/2/25,B,9500,0.0993028
RE+2/2/25,C,9500,0.111319
RE+2/3/23,A,9500,0.0577791
RE+2/3/23,B,9500,0.0700168
RE+2/3/23,C,9500,0.134232
RE+2/3/24,A,9500,0.64399
RE+2/3/24,B,9500,0.0718454
RE+2/3/24,C,9500,0.14764
RE+2/3/25,A,9500,0.324193
RE+2/3/25,B,9500,0.0616617
RE+2/3/25,C,9500,0.0548907
RE+1/2/24,A,9500,0.0517796
RE+1/2/24,B,9500,0.0530609
RE+1/2/24,C,9500,0.0467042
RE+1/2/25,A,9500,0.333371
RE+1/2/25,B,9500,0.715945
RE+1/2/25,C,9500,0.549015
RE+1/2/26,A,9500,0.0370766
RE+1/2/26,B,9500,0.0455825
RE+1/2/26,C,9500,0.055635
RE+1/3/24,A,9500,0.174419
RE+1/3/24,B,9500,0.0730399
RE+1/3/24,C,9500,0.0593014
RE+1/3/26,A,9500,0.275586
RE+1/3/26,B,9500,0.141315
RE+1/3/26,C,9500,0.184932
RE+2/2/26,A,9500,0.0651076
RE+2/2/26,B,9500,0.161789
RE+2/2/26,C,9500,0.190487
RE+2/2/27,A,9500,0.0434602
RE+2/2/27,B,9500,0.0313098
RE+2/2/27,C,9500,0.0346744
RE+2/2/28,A,9500,0.16477
RE+2/2/28,B,9500,0.114368
RE+2/2/28,C,9500,0.101831
RE+2/3/26,A,9500,0.265738
RE+2/3/26,B,9500,0.415431
RE+2/3/26,C,9500,0.128892
RE+2/3/27,A,9500,1.03629
RE+2/3/27,B,9500,0.765925
RE+2/3/27,C,9500,0.0631313
RE+2/3/28,A,9500,0.169628
RE+2/3/28,B,9500,0.0781143
RE+2/3/28,C,9500,0.0703086
RE+1/2/33,A,9500,0.0382521
RE+1/2/33,B,9500,0.110797
RE+1/2/33,C,9500,0.0454097
RE+1/2/36,A,9500,0.159981
RE+1/2/36,B,9500,0.185091
RE+1/2/36,C,9500,0.0858968
RE+1/2/1,A,9500,0.088409
RE+1/2/1,B,9500,0.0652075
RE+1/2/1,C,9500,0.0432015
RE+1/2/2,A,9500,0.0518621
RE+1/2/2,B,9500,0.132384
RE+1/2/2,C,9500,0.0835208
RE+1/3/36,A,9500,0.185647
RE+1/3/36,B,9500,0.142173
RE+1/3/36,C,9500,0.0699294
RE+1/3/1,A,9500,0.446807
RE+1/3/1,B,9500,0.126895
RE+1/3/1,C,9500,0.111137
RE+1/3/2,A,9500,0.175841
RE+1/3/2,B,9500,0.122711
RE+1/3/2,C,9500,0.13298
RE+2/2/2,A,9500,0.0821228
RE+2/2/2,B,9500,0.12387
RE+2/2/2,C,9500,0.151949
RE+2/2/3,A,9500,0.0773597
RE+2/2/3,B,9500,0.267216
RE+2/2/3,C,9500,5.98275
RE+2/2/4,A,9500,0.114903
RE+2/2/4,B,9500,0.0968793
RE+2/2/4,C,9500,0.168712
RE+2/3/2,A,9500,0.082664
RE+2/3/2,B,9500,0.0622088
RE+2/3/2,C,9500,0.0857899
RE+2/3/3,A,9500,0.128574
RE+2/3/3,B,9500,0.0827879
RE+2/3/3,C,9500,0.0913609
RE+2/3/4,A,9500,0.0630249
RE+2/3/4,B,9500,0.0574626
RE+2/3/4,C,9500,0.0747394
RE+1/2/3,A,9500,0.0675857
RE+1/2/3,B,9500,0.118761
RE+1/2/3,C,9500,0.0608863
RE+1/2/4,A,9500,0.492255
RE+1/2/4,B,9500,0.664117
RE+1/2/4,C,9500,0.211368
RE+1/2/5,A,9500,0.164852
RE+1/2/5,B,9500,0.125898
RE+1/2/5,C,9500,0.0603826
RE+1/3/3,A,9500,0.0971276
RE+1/3/3,B,9500,0.0857815
RE+1/3/3,C,9500,0.0664539
RE+1/3/4,A,9500,0.136433
RE+1/3/4,B,9500,0.0915666
RE+1/3/4,C,9500,0.0656433
RE+1/3/5,A,9500,0.323405
RE+1/3/5,B,9500,0.213235
RE+1/3/5,C,9500,0.13343
RE+2/2/5,A,9500,0.1246
RE+2/2/5,B,9500,0.090383
RE+2/2/5,C,9500,0.100278
RE+2/2/6,A,9500,0.0953433
RE+2/2/6,B,9500,0.141807
RE+2/2/6,C,9500,0.140883
RE+2/2/7,A,9500,0.118612
RE+2/2/7,B,9500,0.138541
RE+2/2/7,C,9500,0.0932891
RE+2/3/5,A,9500,0.515868
RE+2/3/5,B,9500,0.197797
RE+2/3/5,C,9500,0.116278
RE+2/3/6,A,9500,0.0898105
RE+2/3/6,B,9500,0.0569825
RE+2/3/6,C,9500,0.624483
RE+2/3/7,A,9500,0.0973986
RE+2/3/7,B,9500,0.0986266
RE+2/3/7,C,9500,0.111311
RE+1/1/3,E,9500,0
RE+1/1/3,F,9500,0
RE+1/1/3,A,9500,0.0214629
RE+1/1/3,B,9500,0.0523609
RE+1/1/3,C,9500,0.0357528
RE+1/1/3,D,9500,0.274415
RE+1/1/4,E,9500,0
RE+1/1/4,F,9500,0
RE+1/1/4,A,9500,0.0440561
RE+1/1/4,B,9500,0.0222174
RE+1/1/4,C,9500,0.044118
RE+1/1/4,D,9500,0.0219422
RE+1/2/6,A,9500,0.32033
RE+1/2/6,B,9500,0.462672
RE+1/2/6,C,9500,0.365969
RE+1/2/7,A,9500,0.275824
RE+1/2/7,B,9500,0.290794
RE+1/2/7,C,9500,0.0343565
RE+1/2/8,A,9500,0.0528102
RE+1/2/8,B,9500,0.0380911
RE+1/2/8,C,9500,0.0543353
RE+1/3/6,A,9500,0.128696
RE+1/3/6,B,9500,0.0952876
RE+1/3/6,C,9500,0.069159
RE+1/3/7,A,9500,0.220955
RE+1/3/7,B,9500,0.14771
RE+1/3/7,C,9500,0.120844
RE+1/3/8,A,9500,0.223965
RE+1/3/8,B,9500,0.166802
RE+1/3/8,C,9500,0.104409
RE+1/1/1,E,9500,0
RE+1/1/1,F,9500,0
RE+1/1/1,A,9500,0.0452238
RE+1/1/1,B,9500,0.0163941
RE+1/1/1,C,9500,0.0189327
RE+1/1/1,D,9500,0.0135722
RE+1/1/2,E,9500,0
RE+1/1/2,F,9500,0
RE+1/1/2,A,9500,0.0658164
RE+1/1/2,B,9500,0.0176768
RE+1/1/2,C,9500,0.0365736
RE+1/1/2,D,9500,0.0207104
RE+2/2/8,A,9500,0.129314
RE+2/2/8,B,9500,0.112305
RE+2/2/8,C,9500,0.116582
RE+2/2/9,A,9500,0.128097
RE+2/2/9,B,9500,0.203584
RE+2/2/9,C,9500,0.185972
RE+2/2/10,A,9500,0.129755
RE+2/2/10,B,9500,0.141594
RE+2/2/10,C,9500,0.126099
RE+2/3/8,A,9500,0.172785
RE+2/3/8,B,9500,0.169346
RE+2/3/8,C,9500,0.163209
RE+2/3/9,A,9500,0.0763853
RE+2/3/9,B,9500,0.144489
RE+2/3/9,C,9500,0.220287
RE+2/3/10,A,9500,0.169635
RE+2/3/10,B,9500,0.138115
RE+2/3/10,C,9500,0.12847
RE+1/2/27,A,9500,0.342948
RE+1/2/27,B,9500,0.616833
RE+1/2/27,C,9500,0.74684
RE+1/2/28,A,9500,0.160604
RE+1/2/28,B,9500,0.180918
RE+1/2/28,C,9500,0.0730219
RE+1/2/29,A,9500,0.231723
RE+1/2/29,B,9500,0
RE+1/2/29,C,9500,0.227987
RE+1/3/27,A,9500,0.161885
RE+1/3/27,B,9500,0.092992
RE+1/3/27,C,9500,0.148389
RE+1/3/28,A,9500,0.0986732
RE+1/3/28,B,9500,0.0775241
RE+1/3/28,C,9500,0.0386443
RE+1/3/29,A,9500,0.14924
RE+1/3/29,B,9500,0.0697012
RE+1/3/29,C,9500,0.0647206
RE+2/2/29,A,9500,0.355413
RE+2/2/29,B,9500,0.0929488
RE+2/2/29,C,9500,0.116385
RE+2/2/30,A,9500,0.111949
RE+2/2/30,B,9500,0.0705935
RE+2/2/30,C,9500,0.111402
RE+2/2/31,A,9500,0.0662664
RE+2/2/31,B,9500,0.0894096
RE+2/2/31,C,9500,0.141387
RE+2/3/29,A,9500,0.296017
RE+2/3/29,B,9500,0.302608
RE+2/3/29,C,9500,0.126563
RE+2/3/30,A,9500,1.09555
RE+2/3/30,B,9500,0.333224
RE+2/3/30,C,9500,0.0848832
RE+2/3/31,A,9500,0.231654
RE+2/3/31,B,9500,0.0638024
RE+2/3/31,C,9500,0.053419
RE+1/2/30,A,9500,0.0414505
RE+1/2/30,B,9500,0.0408735
RE+1/2/30,C,9500,0.0211473
RE+1/2/31,A,9500,0.232482
RE+1/2/31,B,9500,0.216367
RE+1/2/31,C,9500,0.138942
RE+1/2/32,A,9500,0.0177759
RE+1/2/32,B,9500,0.0219569
RE+1/2/32,C,9500,0.028328
RE+1/3/30,A,9500,0.0261227
RE+1/3/30,B,9500,0.0369075
RE+1/3/30,C,9500,0.023928
RE+1/3/31,A,9500,0.0620911
RE+1/3/31,B,9500,0.0844069
RE+1/3/31,C,9500,0.628356
RE+1/3/32,A,9500,0.374193
RE+1/3/32,B,9500,0.227333
RE+1/3/32,C,9500,0.0991251
RE+2/2/32,A,9500,0.119443
RE+2/2/32,B,9500,0.149898
RE+2/2/32,C,9500,0.275534
RE+2/2/33,A,9500,0.127705
RE+2/2/33,B,9500,0.0751866
RE+2/2/33,C,9500,0.125567
RE+2/2/34,A,9500,0.101167
RE+2/2/34,B,9500,0.136969
RE+2/2/34,C,9500,0.088484
RE+2/3/32,A,9500,0.327054
RE+2/3/32,B,9500,0.136967
RE+2/3/32,C,9500,0.111977
RE+2/3/33,A,9500,0.0623161
RE+2/3/33,B,9500,0.0793042
RE+2/3/33,C,9500,0.226485
RE+2/3/34,A,9500,0.0935551
RE+2/3/34,B,9500,0.0826063
RE+2/3/34,C,9500,0.0718132
RE+1/2/34,A,9500,0.330189
RE+1/2/34,B,9500,0.605743
RE+1/2/34,C,9500,0.217545
RE+1/2/35,A,9500,0
RE+1/2/35,B,9500,0.0162274
RE+1/2/35,C,9500,0
RE+1/3/33,A,9500,0.452768
RE+1/3/33,B,9500,0.0829313
RE+1/3/33,C,9500,0.0302918
RE+1/3/34,A,9500,0.085583
RE+1/3/34,B,9500,0.090841
RE+1/3/34,C,9500,0.0620674
RE+1/3/35,A,9500,0.0753793
RE+1/3/35,B,9500,0.0586069
RE+1/3/35,C,9500,0.0635458
RE+2/2/35,A,9500,0.129681
RE+2/2/35,B,9500,0.13435
RE+2/2/35,C,9500,0.196845
RE+2/2/36,A,9500,0.0300673
RE+2/2/36,B,9500,0.0186277
RE+2/2/36,C,9500,0.0162308
RE+2/2/1,A,9500,0.116781
RE+2/2/1,B,9500,0.0893954
RE+2/2/1,C,9500,0.0531455
RE+2/3/35,A,9500,0.130033
RE+2/3/35,B,9500,0.0769705
RE+2/3/35,C,9500,0.0562202
RE+2/3/36,A,9500,0.112349
RE+2/3/36,B,9500,0.10759
RE+2/3/36,C,9500,0.103636
RE+2/3/1,A,9500,0.0642573
RE+2/3/1,B,9500,0.0468631
RE+2/3/1,C,9500,0.0570415
RE+3/3/22,A,9500,0.247492
RE+3/3/22,B,9500,0.217759
RE+3/3/22,C,9500,0.143607
RE+4/2/9,A,9500,0.0858723
RE+4/2/9,B,9500,0.0464886
RE+4/2/9,C,9500,0.0260074
RE+4/2/10,A,9500,0.0525822
RE+4/2/10,B,9500,0.0461208
RE+4/2/10,C,9500,0.0325997
RE+4/2/11,A,9500,0.0773678
RE+4/2/11,B,9500,0.0794227
RE+4/2/11,C,9500,0.052541
RE+4/3/9,A,9500,0.0432519
RE+4/3/9,B,9500,0.0323103
RE+4/3/9,C,9500,0.0319569
RE+4/3/10,A,9500,0.0273677
RE+4/3/10,B,9500,0.0421374
RE+4/3/10,C,9500,0.188215
RE+4/3/11,A,9500,0.303967
RE+4/3/11,B,9500,0.478595
RE+4/3/11,C,9500,0.842268
RE+4/2/12,A,9500,0.275985
RE+4/2/12,B,9500,0.0354556
RE+4/2/12,C,9500,0.0332782
RE+4/2/13,A,9500,0.114206
RE+4/2/13,B,9500,0.167455
RE+4/2/13,C,9500,0.195176
RE+4/2/14,A,9500,0.0943353
RE+4/2/14,B,9500,0.0705479
RE+4/2/14,C,9500,0.0424843
RE+4/3/12,A,9500,0.0439659
RE+4/3/12,B,9500,0.040061
RE+4/3/12,C,9500,0.0366057
RE+4/3/13,A,9500,0.0343033
RE+4/3/13,B,9500,0.037308
RE+4/3/13,C,9500,0.246963
RE+4/3/14,A,9500,0.0220484
RE+4/3/14,B,9500,0.0224179
RE+4/3/14,C,9500,0.0216809
RE+4/2/15,A,9500,1.41474
RE+4/2/15,B,9500,0.0934747
RE+4/2/15,C,9500,0.0894667
RE+4/2/16,A,9500,0.0577586
RE+4/2/16,B,9500,0.038858
RE+4/2/16,C,9500,0.0435967
RE+4/2/17,A,9500,0.56579
RE+4/2/17,B,9500,2.16214
RE+4/2/17,C,9500,2.58483
RE+4/3/15,A,9500,0.0533653
RE+4/3/15,B,9500,0.0202339
RE+4/3/15,C,9500,0.0385808
RE+4/3/16,A,9500,0.029781
RE+4/3/16,B,9500,0.0320265
RE+4/3/16,C,9500,0.0704605
RE+4/3/17,A,9500,0.0532357
RE+4/3/17,B,9500,0.0392032
RE+4/3/17,C,9500,0.0660334
RE+4/2/18,A,9500,0.0602214
RE+4/2/18,B,9500,0.0313516
RE+4/2/18,C,9500,0.0242512
RE+4/2/19,A,9500,0.125331
RE+4/2/19,B,9500,0.0710991
RE+4/2/19,C,9500,0.0461079
RE+4/2/20,A,9500,0.0420262
RE+4/2/20,B,9500,0.086705
RE+4/2/20,C,9500,0.0480379
RE+4/3/18,A,9500,0.028183
RE+4/3/18,B,9500,0.0315229
RE+4/3/18,C,9500,0.0270686
RE+4/3/19,A,9500,0.014115
RE+4/3/19,B,9500,0.0277139
RE+4/3/19,C,9500,0.0417254
RE+4/3/20,A,9500,0.0485704
RE+4/3/20,B,9500,0.0196208
RE+4/3/20,C,9500,0.0342968
RE+4/2/21,A,9500,0.044608
RE+4/2/21,B,9500,0.200834
RE+4/2/21,C,9500,0.124066
RE+4/2/22,A,9500,0.0533164
RE+4/2/22,B,9500,0.0779838
RE+4/2/22,C,9500,0.0299395
RE+4/2/23,A,9500,0.177632
RE+4/2/23,B,9500,0.0759894
RE+4/2/23,C,9500,0.280597
RE+4/3/21,A,9500,0.0351769
RE+4/3/21,B,9500,0.0662008
RE+4/3/21,C,9500,0.0302735
RE+4/3/22,A,9500,0.161666
RE+4/3/22,B,9500,0.0866793
RE+4/3/22,C,9500,0.0596894
RE+4/3/23,A,9500,2.56815
RE+4/3/23,B,9500,0.0225525
RE+4/3/23,C,9500,0.0329382
RE+4/2/24,A,9500,0.810909
RE+4/2/24,B,9500,0.364749
RE+4/2/24,C,9500,1.71941
RE+4/2/25,A,9500,0.385063
RE+4/2/25,B,9500,0.182106
RE+4/2/25,C,9500,0.160982
RE+4/2/26,A,9500,0.0513055
RE+4/2/26,B,9500,0.154842
RE+4/2/26,C,9500,0.0995046
RE+4/3/24,A,9500,0.0717669
RE+4/3/24,B,9500,0.027487
RE+4/3/24,C,9500,0.0265694
RE+4/3/25,A,9500,0.0246582
RE+4/3/25,B,9500,0.0212511
RE+4/3/25,C,9500,0.0311915
RE+4/3/26,A,9500,0.0487654
RE+4/3/26,B,9500,0.0732827
RE+4/3/26,C,9500,0.0928376
RE+3/2/9,A,9500,0.119449
RE+3/2/9,B,9500,0.161254
RE+3/2/9,C,9500,0.150867
RE+3/2/10,A,9500,0.299599
RE+3/2/10,B,9500,0.321532
RE+3/2/10,C,9500,0.16133
RE+3/2/11,A,9500,0.131286
RE+3/2/11,B,9500,0.210504
RE+3/2/11,C,9500,0.169261
RE+3/3/9,A,9500,0.198315
RE+3/3/9,B,9500,0.232415
RE+3/3/9,C,9500,0.206268
RE+3/3/10,A,9500,0.204255
RE+3/3/10,B,9500,0.178868
RE+3/3/10,C,9500,0.141815
RE+3/3/11,A,9500,0.202881
RE+3/3/11,B,9500,0.295204
RE+3/3/11,C,9500,0.292105
RE+3/2/12,A,9500,0.16305
RE+3/2/12,B,9500,0.0913539
RE+3/2/12,C,9500,0.132409
RE+3/2/13,A,9500,0.0950073
RE+3/2/13,B,9500,0.139667
RE+3/2/13,C,9500,0.100602
RE+3/2/14,A,9500,0.0920346
RE+3/2/14,B,9500,0.123163
RE+3/2/14,C,9500,0.0842569
RE+3/3/12,A,9500,0.334174
RE+3/3/12,B,9500,0.166189
RE+3/3/12,C,9500,0.169195
RE+3/3/13,A,9500,0.255293
RE+3/3/13,B,9500,0.151898
RE+3/3/13,C,9500,0.162334
RE+3/3/14,A,9500,0.110327
RE+3/3/14,B,9500,0.168676
RE+3/3/14,C,9500,0.139001
RE+3/2/15,A,9500,0.0996444
RE+3/2/15,B,9500,0.124224
RE+3/2/15,C,9500,0.11832
RE+3/2/16,A,9500,0.0921115
RE+3/2/16,B,9500,0.125998
RE+3/2/16,C,9500,0.111692
RE+3/2/17,A,9500,0.100044
RE+3/2/17,B,9500,0.165264
RE+3/2/17,C,9500,0.108011
RE+3/3/15,A,9500,0.107422
RE+3/3/15,B,9500,0.172153
RE+3/3/15,C,9500,0.155111
RE+3/3/16,A,9500,0.164122
RE+3/3/16,B,9500,0.104979
RE+3/3/16,C,9500,0.133187
RE+3/3/17,A,9500,0.175652
RE+3/3/17,B,9500,0.175672
RE+3/3/17,C,9500,0.157929
RE+3/2/18,A,9500,0.082971
RE+3/2/18,B,9500,0.0692673
RE+3/2/18,C,9500,0.0972571
RE+3/2/19,A,9500,0.158915
RE+3/2/19,B,9500,0.119955
RE+3/2/19,C,9500,0.10261
RE+3/2/20,A,9500,0.137301
RE+3/2/20,B,9500,0.15284
RE+3/2/20,C,9500,0.109501
RE+3/3/18,A,9500,0.0661767
RE+3/3/18,B,9500,0.0521938
RE+3/3/18,C,9500,0.0540277
RE+3/3/19,A,9500,0.0756329
RE+3/3/19,B,9500,0.0883111
RE+3/3/19,C,9500,0.470556
RE+3/3/20,A,9500,0.124454
RE+3/3/20,B,9500,0.133525
RE+3/3/20,C,9500,0.101518
RE+3/2/21,A,9500,0.131456
RE+3/2/21,B,9500,0.148148
RE+3/2/21,C,9500,0.189935
RE+3/2/22,A,9500,0.101497
RE+3/2/22,B,9500,0.132317
RE+3/2/22,C,9500,0.127807
RE+3/2/23,A,9500,0.144053
RE+3/2/23,B,9500,0.199632
RE+3/2/23,C,9500,0.130827
RE+3/3/21,A,9500,0.175395
RE+3/3/21,B,9500,0.135066
RE+3/3/21,C,9500,0.15698
RE+3/3/23,A,9500,0.139179
RE+3/3/23,B,9500,0.167475
RE+3/3/23,C,9500,0.144321
RE+3/2/24,A,9500,0.0990052
RE+3/2/24,B,9500,0.177622
RE+3/2/24,C,9500,0.131928
RE+3/2/25,A,9500,0.144282
RE+3/2/25,B,9500,0.218897
RE+3/2/25,C,9500,0.162581
RE+3/2/26,A,9500,0.28465
RE+3/2/26,B,9500,0.272468
RE+3/2/26,C,9500,0.142122
RE+3/3/24,A,9500,0.0506302
RE+3/3/24,B,9500,0.0619222
RE+3/3/24,C,9500,0.128404
RE+3/3/25,A,9500,0.137162
RE+3/3/25,B,9500,0.129549
RE+3/3/25,C,9500,0.177844
RE+3/3/26,A,9500,0.205327
RE+3/3/26,B,9500,0.241178
RE+3/3/26,C,9500,0.198649
RE+3/3/28,A,9500,0.149329
RE+3/3/28,B,9500,0.189439
RE+3/3/28,C,9500,0.116116
RE+4/2/33,A,9500,0.0272163
RE+4/2/33,B,9500,0.0429443
RE+4/2/33,C,9500,0.0272794
RE+4/2/34,A,9500,0.181357
RE+4/2/34,B,9500,0.0900026
RE+4/2/34,C,9500,0.058979
RE+4/2/35,A,9500,0.0479806
RE+4/2/35,B,9500,0.0434436
RE+4/2/35,C,9500,0.0332073
RE+4/3/33,A,9500,0.114928
RE+4/3/33,B,9500,0.0654057
RE+4/3/33,C,9500,1.02988
RE+4/3/34,A,9500,0.0436122
RE+4/3/34,B,9500,0.0454969
RE+4/3/34,C,9500,0.06223
RE+4/3/35,A,9500,0.0304117
RE+4/3/35,B,9500,0.797485
RE+4/3/35,C,9500,0.0163702
RE+4/2/36,A,9500,0.0505317
RE+4/2/36,B,9500,0.0427025
RE+4/2/36,C,9500,0.0437641
RE+4/2/1,A,9500,0.0422982
RE+4/2/1,B,9500,0.0476842
RE+4/2/1,C,9500,0.0726857
RE+4/2/2,A,9500,0.0366697
RE+4/2/2,B,9500,0.0444451
RE+4/2/2,C,9500,0.0335534
RE+4/3/36,A,9500,0.0313724
RE+4/3/36,B,9500,0.0265633
RE+4/3/36,C,9500,0.0250015
RE+4/3/1,A,9500,0.0182637
RE+4/3/1,B,9500,0.0241775
RE+4/3/1,C,9500,0.0435599
RE+4/3/2,A,9500,0.218394
RE+4/3/2,B,9500,0.0232502
RE+4/3/2,C,9500,0.0223396
RE+4/2/3,A,9500,0.0360573
RE+4/2/3,B,9500,0.0419477
RE+4/2/3,C,9500,0.044283
RE+4/2/4,A,9500,0.0373359
RE+4/2/4,B,9500,0.0382987
RE+4/2/4,C,9500,0.0231356
RE+4/2/5,A,9500,0.662573
RE+4/2/5,B,9500,0.255195
RE+4/2/5,C,9500,0.139102
RE+4/3/3,A,9500,0.0720205
RE+4/3/3,B,9500,0.0382573
RE+4/3/3,C,9500,0.0314179
RE+4/3/4,A,9500,0.0430925
RE+4/3/4,B,9500,0.0264775
RE+4/3/4,C,9500,0.0261989
RE+4/3/5,A,9500,0.0568343
RE+4/3/5,B,9500,0.0315562
RE+4/3/5,C,9500,0.0386011
RE+4/2/6,A,9500,0.038012
RE+4/2/6,B,9500,0.0434655
RE+4/2/6,C,9500,0.0249347
RE+4/2/7,A,9500,0.0668616
RE+4/2/7,B,9500,0.0817229
RE+4/2/7,C,9500,0.0317213
RE+4/2/8,A,9500,1.80631
RE+4/2/8,B,9500,0.084947
RE+4/2/8,C,9500,0.210508
RE+4/3/6,A,9500,0.0250835
RE+4/3/6,B,9500,0.0299898
RE+4/3/6,C,9500,0.0282538
RE+4/3/7,A,9500,0.0891694
RE+4/3/7,B,9500,0.0894106
RE+4/3/7,C,9500,0.0332447
RE+4/3/8,A,9500,0.0294491
RE+4/3/8,B,9500,0.451893
RE+4/3/8,C,9500,0.0235973
RE+4/2/27,A,9500,0.0375298
RE+4/2/27,B,9500,0.155776
RE+4/2/27,C,9500,0.0658812
RE+4/2/28,A,9500,0.0463473
RE+4/2/28,B,9500,0.236705
RE+4/2/28,C,9500,0.23606
RE+4/2/29,A,9500,0.0621243
RE+4/2/29,B,9500,0.0439017
RE+4/2/29,C,9500,0.040199
RE+4/3/27,A,9500,0.175199
RE+4/3/27,B,9500,0.0326475
RE+4/3/27,C,9500,0.0416975
RE+4/3/28,A,9500,0.0950278
RE+4/3/28,B,9500,0.0346258
RE+4/3/28,C,9500,0.0330908
RE+4/3/29,A,9500,0.0327933
RE+4/3/29,B,9500,0.0468085
RE+4/3/29,C,9500,0.042455
RE+4/2/30,A,9500,0.0143278
RE+4/2/30,B,9500,0.0130263
RE+4/2/30,C,9500,0.0146815
RE+4/2/31,A,9500,0.0343858
RE+4/2/31,B,9500,0.0458853
RE+4/2/31,C,9500,0.0356352
RE+4/2/32,A,9500,0.0369862
RE+4/2/32,B,9500,0.0624436
RE+4/2/32,C,9500,0.0644944
RE+4/3/30,A,9500,0.983772
RE+4/3/30,B,9500,0.024342
RE+4/3/30,C,9500,0.0204168
RE+4/3/31,A,9500,0.0204798
RE+4/3/31,B,9500,0.0193054
RE+4/3/31,C,9500,0.0353492
RE+4/3/32,A,9500,0.0340706
RE+4/3/32,B,9500,0.0291961
RE+4/3/32,C,9500,0.0272546
RE+3/2/3,A,9500,0.344686
RE+3/2/3,B,9500,0.646849
RE+3/2/3,C,9500,1.51888
RE+3/2/4,A,9500,0.0439306
RE+3/2/4,B,9500,0.0641174
RE+3/2/4,C,9500,0.0499795
RE+3/2/5,A,9500,0.439644
RE+3/2/5,B,9500,0.136705
RE+3/2/5,C,9500,0.108811
RE+3/3/3,A,9500,0.272882
RE+3/3/3,B,9500,0.0962698
RE+3/3/3,C,9500,0.0744787
RE+3/3/4,A,9500,0.1455
RE+3/3/4,B,9500,0.156628
RE+3/3/4,C,9500,0.136928
RE+3/3/5,A,9500,0.203481
RE+3/3/5,B,9500,0.169332
RE+3/3/5,C,9500,0.143868
RE+3/2/6,A,9500,0.169001
RE+3/2/6,B,9500,0.0937103
RE+3/2/6,C,9500,0.0952433
RE+3/2/7,A,9500,0.0826662
RE+3/2/7,B,9500,0.112667
RE+3/2/7,C,9500,0.143441
RE+3/2/8,A,9500,0.24182
RE+3/2/8,B,9500,0.134638
RE+3/2/8,C,9500,0.0887007
RE+3/3/6,A,9500,0.0892462
RE+3/3/6,B,9500,0.0558021
RE+3/3/6,C,9500,0.0777282
RE+3/3/7,A,9500,0.235257
RE+3/3/7,B,9500,0.199475
RE+3/3/7,C,9500,0.208582
RE+3/3/8,A,9500,0.160288
RE+3/3/8,B,9500,0.190459
RE+3/3/8,C,9500,0.153885
RE+3/2/33,A,9500,0.258674
RE+3/2/33,B,9500,0.277605
RE+3/2/33,C,9500,0.161645
RE+3/2/34,A,9500,0.0893448
RE+3/2/34,B,9500,0.162654
RE+3/2/34,C,9500,0.174866
RE+3/2/35,A,9500,0.089446
RE+3/2/35,B,9500,0.242183
RE+3/2/35,C,9500,0.141023
RE+3/3/33,A,9500,0.5998
RE+3/3/33,B,9500,0.304265
RE+3/3/33,C,9500,0.279471
RE+3/3/34,A,9500,0.143476
RE+3/3/34,B,9500,0.1009
RE+3/3/34,C,9500,0.138603
RE+3/3/35,A,9500,0.177203
RE+3/3/35,B,9500,0.185082
RE+3/3/35,C,9500,0.16322
RE+3/2/36,A,9500,0.0806089
RE+3/2/36,B,9500,0.146434
RE+3/2/36,C,9500,0.0949894
RE+3/2/1,A,9500,0.123823
RE+3/2/1,B,9500,0.211166
RE+3/2/1,C,9500,0.196905
RE+3/2/2,A,9500,0.103977
RE+3/2/2,B,9500,0.160017
RE+3/2/2,C,9500,0.140255
RE+3/3/36,A,9500,0.088478
RE+3/3/36,B,9500,0.0587374
RE+3/3/36,C,9500,0.0801073
RE+3/3/1,A,9500,0.239375
RE+3/3/1,B,9500,0.183285
RE+3/3/1,C,9500,0.159978
RE+3/3/2,A,9500,0.111353
RE+3/3/2,B,9500,0.153831
RE+3/3/2,C,9500,0.183773
RE+3/2/27,A,9500,0.0789412
RE+3/2/27,B,9500,0.12957
RE+3/2/27,C,9500,0.0993694
RE+3/2/28,A,9500,0.11627
RE+3/2/28,B,9500,0.241275
RE+3/2/28,C,9500,0.158203
RE+3/2/29,A,9500,0.0870991
RE+3/2/29,B,9500,0.158215
RE+3/2/29,C,9500,0.139021
RE+3/3/27,A,9500,0.110489
RE+3/3/27,B,9500,0.126435
RE+3/3/27,C,9500,0.16396
RE+3/3/29,A,9500,0.149171
RE+3/3/29,B,9500,0.160744
RE+3/3/29,C,9500,0.152563
RE+3/2/30,A,9500,0.0944137
RE+3/2/30,B,9500,0.12293
RE+3/2/30,C,9500,0.105448
RE+3/2/31,A,9500,0.657981
RE+3/2/31,B,9500,1.08648
RE+3/2/31,C,9500,1.82632
RE+3/2/32,A,9500,0.194736
RE+3/2/32,B,9500,0.266377
RE+3/2/32,C,9500,0.323836
RE+3/3/30,A,9500,0.185341
RE+3/3/30,B,9500,0.200232
RE+3/3/30,C,9500,0.119255
RE+3/3/31,A,9500,0.136596
RE+3/3/31,B,9500,0.107213
RE+3/3/31,C,9500,0.0893966
RE+3/3/32,A,9500,0.339306
RE+3/3/32,B,9500,0.321244
RE+3/3/32,C,9500,3.57661
