W+1/RB2out/8,Backward,9400,0.212624
W+1/RB4/4--,Forward,9400,0.0153426
W+1/RB4/4-,Forward,9400,0.0119297
W+1/RB4/4+,Forward,9400,0.0795522
W+1/RB4/4++,Forward,9400,0.000279538
W+1/RB3/4-,Forward,9400,0.0254947
W+1/RB3/4+,Forward,9400,0.0402047
W+1/RB4/4--,Backward,9400,0.0134891
W+1/RB4/4-,Backward,9400,0.0188969
W+1/RB4/4+,Backward,9400,0.129997
W+1/RB4/4++,Backward,9400,0.000212208
W+1/RB3/4-,Backward,9400,0.0472904
W+1/RB3/4+,Backward,9400,0.0359654
W+1/RB2in/4,Forward,9400,0.0758436
W+1/RB2in/4,Central,9400,0.0747057
W+1/RB2in/4,Backward,9400,25.3957
W+1/RB2out/4,Forward,9400,0.0776188
W+1/RB1out/4,Forward,9400,0.0732612
W+1/RB1in/4,Forward,9400,0.0569943
W+1/RB2out/4,Backward,9400,0.037516
W+1/RB1out/4,Backward,9400,0.026225
W+1/RB1in/4,Backward,9400,0.072542
W+1/RB4/5-,Forward,9400,0.0927281
W+1/RB4/5+,Forward,9400,0.16793
W+1/RB3/5-,Forward,9400,0.0719399
W+1/RB3/5+,Forward,9400,0.0322413
W+1/RB4/5-,Backward,9400,0.186184
W+1/RB4/5+,Backward,9400,0.176545
W+1/RB3/5-,Backward,9400,0.0749064
W+1/RB3/5+,Backward,9400,0.017357
W+1/RB2in/5,Forward,9400,0.512974
W+1/RB2in/5,Central,9400,0.180878
W+1/RB2in/5,Backward,9400,0.0924904
W+1/RB2out/5,Forward,9400,0.0351298
W+1/RB1out/5,Forward,9400,0.270721
W+1/RB1in/5,Forward,9400,0.0642768
W+1/RB2out/5,Backward,9400,0.0322087
W+1/RB1out/5,Backward,9400,0.171476
W+1/RB1in/5,Backward,9400,0.0236572
W+1/RB4/6-,Forward,9400,0.100323
W+1/RB4/6+,Forward,9400,0.0950914
W+1/RB3/6-,Forward,9400,0.35587
W+1/RB3/6+,Forward,9400,0.0954202
W+1/RB4/6-,Backward,9400,0.0722916
W+1/RB4/6+,Backward,9400,0.130524
W+1/RB3/6-,Backward,9400,0.428098
W+1/RB3/6+,Backward,9400,0.065674
W+1/RB2in/6,Forward,9400,0.387665
W+1/RB2in/6,Central,9400,0.319211
W+1/RB2in/6,Backward,9400,0.213141
W+1/RB2out/6,Forward,9400,0.358614
W+1/RB1out/6,Forward,9400,0.0723563
W+1/RB1in/6,Forward,9400,0.79302
W+1/RB2out/6,Backward,9400,0.313653
W+1/RB1out/6,Backward,9400,0.0654804
W+1/RB1in/6,Backward,9400,0.0400272
W+1/RB4/7-,Forward,9400,0.0843307
W+1/RB4/7+,Forward,9400,0.266908
W+1/RB3/7-,Forward,9400,7.23816
W+1/RB3/7+,Forward,9400,0.0737451
W+1/RB4/7-,Backward,9400,0.116721
W+1/RB4/7+,Backward,9400,0.165013
W+1/RB3/7-,Backward,9400,14.5254
W+1/RB3/7+,Backward,9400,0.0704095
W+1/RB2in/7,Forward,9400,0.131107
W+1/RB2in/7,Central,9400,0.102021
W+1/RB2in/7,Backward,9400,0.0438192
W+1/RB2out/7,Forward,9400,0.0973443
W+1/RB1out/7,Forward,9400,0.0220297
W+1/RB1in/7,Forward,9400,0.174867
W+1/RB2out/7,Backward,9400,0.0239785
W+1/RB1out/7,Backward,9400,0.0288972
W+1/RB1in/7,Backward,9400,0.100598
W+1/RB4/8-,Forward,9400,0.13986
W+1/RB4/8+,Forward,9400,0.0911977
W+1/RB3/8-,Forward,9400,0.0827248
W+1/RB3/8+,Forward,9400,0.309774
W+1/RB4/8-,Backward,9400,0.256505
W+1/RB4/8+,Backward,9400,0.0833636
W+1/RB3/8-,Backward,9400,0.867549
W+1/RB3/8+,Backward,9400,0.435325
W+1/RB2in/8,Forward,9400,0.217693
W+1/RB2in/8,Central,9400,0.200346
W+1/RB2in/8,Backward,9400,0.117225
W+1/RB2out/8,Forward,9400,0.182423
W+1/RB1out/8,Forward,9400,0.131089
W+1/RB1in/8,Forward,9400,0.200747
W+1/RB1out/8,Backward,9400,0.232767
W+1/RB1in/8,Backward,9400,0.0916861
W+1/RB4/9,Forward,9400,0.174609
W+1/RB3/9-,Forward,9400,0.0541917
W+1/RB3/9+,Forward,9400,0.100714
W+1/RB4/9,Backward,9400,0.219766
W+1/RB3/9-,Backward,9400,0.0710024
W+1/RB3/9+,Backward,9400,0.056504
W+1/RB2in/9,Forward,9400,0.195455
W+1/RB2in/9,Central,9400,0.243658
W+1/RB2in/9,Backward,9400,0.19326
W+1/RB2out/9,Forward,9400,0.210197
W+1/RB1out/9,Forward,9400,0.0773049
W+1/RB1in/9,Forward,9400,0.239948
W+1/RB2out/9,Backward,9400,0.18977
W+1/RB1out/9,Backward,9400,0.0668336
W+1/RB1in/9,Backward,9400,0.144602
W+1/RB2out/11,Backward,9400,0.142847
W+1/RB4/1-,Forward,9400,0.0674427
W+1/RB4/1+,Forward,9400,0.253053
W+1/RB3/1-,Forward,9400,0.0854189
W+1/RB3/1+,Forward,9400,0.475363
W+1/RB4/1-,Backward,9400,0.12752
W+1/RB4/1+,Backward,9400,0.290795
W+1/RB3/1-,Backward,9400,0.155795
W+1/RB3/1+,Backward,9400,0.14484
W+1/RB2in/1,Forward,9400,0.231523
W+1/RB2in/1,Central,9400,0.524571
W+1/RB2in/1,Backward,9400,0.0304221
W+1/RB2out/1,Forward,9400,0.0738746
W+1/RB1out/1,Forward,9400,0.0191504
W+1/RB1in/1,Forward,9400,0.00574517
W+1/RB2out/1,Backward,9400,0.0705114
W+1/RB1out/1,Backward,9400,0.0340509
W+1/RB1in/1,Backward,9400,0.00572202
W+1/RB4/2-,Forward,9400,0.0314251
W+1/RB4/2+,Forward,9400,0.0652984
W+1/RB3/2-,Forward,9400,0.239299
W+1/RB3/2+,Forward,9400,0.269368
W+1/RB4/2-,Backward,9400,0.0543216
W+1/RB4/2+,Backward,9400,0.0982875
W+1/RB3/2-,Backward,9400,0.205239
W+1/RB3/2+,Backward,9400,0.634923
W+1/RB2in/2,Forward,9400,0.156851
W+1/RB2in/2,Central,9400,0.15554
W+1/RB2in/2,Backward,9400,0.0880847
W+1/RB2out/2,Forward,9400,0.28107
W+1/RB1out/2,Forward,9400,0.190801
W+1/RB1in/2,Forward,9400,0.266736
W+1/RB2out/2,Backward,9400,0.314539
W+1/RB1out/2,Backward,9400,0.0528027
W+1/RB1in/2,Backward,9400,0.194178
W+1/RB4/3-,Forward,9400,0.0476326
W+1/RB4/3+,Forward,9400,0.178901
W+1/RB3/3-,Forward,9400,0.114131
W+1/RB3/3+,Forward,9400,0.0744834
W+1/RB4/3-,Backward,9400,0.0542762
W+1/RB4/3+,Backward,9400,0.155217
W+1/RB3/3-,Backward,9400,0.0541504
W+1/RB3/3+,Backward,9400,0.0577287
W+1/RB2in/3,Forward,9400,0.337563
W+1/RB2in/3,Central,9400,0.233508
W+1/RB2in/3,Backward,9400,0.164781
W+1/RB2out/3,Forward,9400,0.276264
W+1/RB1out/3,Forward,9400,0.241339
W+1/RB1in/3,Forward,9400,0.164308
W+1/RB2out/3,Backward,9400,0.176775
W+1/RB1out/3,Backward,9400,0.199525
W+1/RB1in/3,Backward,9400,0.0539061
W+1/RB4/10-,Forward,9400,0.175488
W+1/RB4/10+,Forward,9400,0.0303202
W+1/RB3/10-,Forward,9400,0.187677
W+1/RB3/10+,Forward,9400,0.0604814
W+1/RB4/10-,Backward,9400,0.125003
W+1/RB4/10+,Backward,9400,0.0293642
W+1/RB3/10-,Backward,9400,0.156374
W+1/RB3/10+,Backward,9400,0.0713824
W+1/RB2in/10,Forward,9400,0.130458
W+1/RB2in/10,Central,9400,0.130369
W+1/RB2in/10,Backward,9400,0.0826058
W+1/RB2out/10,Forward,9400,0.184987
W+1/RB1out/10,Forward,9400,0.0624397
W+1/RB1in/10,Forward,9400,0.0245466
W+1/RB2out/10,Backward,9400,0.274016
W+1/RB1out/10,Backward,9400,0.0398659
W+1/RB1in/10,Backward,9400,0.0409145
W+1/RB4/11,Forward,9400,0.0611462
W+1/RB3/11-,Forward,9400,0.136554
W+1/RB3/11+,Forward,9400,0.0838078
W+1/RB4/11,Backward,9400,0.0527159
W+1/RB3/11-,Backward,9400,0.100132
W+1/RB3/11+,Backward,9400,0.0641929
W+1/RB2in/11,Forward,9400,0.115913
W+1/RB2in/11,Central,9400,0.10594
W+1/RB2in/11,Backward,9400,0.0286506
W+1/RB2out/11,Forward,9400,0.276892
W+1/RB1out/11,Forward,9400,0.0781758
W+1/RB1in/11,Forward,9400,0.0758568
W+1/RB1out/11,Backward,9400,0.13532
W+1/RB1in/11,Backward,9400,0.0377958
W+1/RB4/12-,Forward,9400,0.0363392
W+1/RB4/12+,Forward,9400,0.15249
W+1/RB3/12-,Forward,9400,0.18394
W+1/RB3/12+,Forward,9400,0.102971
W+1/RB4/12-,Backward,9400,0.096423
W+1/RB4/12+,Backward,9400,0.0668347
W+1/RB3/12-,Backward,9400,0.155702
W+1/RB3/12+,Backward,9400,0.0630086
W+1/RB2in/12,Forward,9400,0.247577
W+1/RB2in/12,Central,9400,0.328664
W+1/RB2in/12,Backward,9400,0.231632
W+1/RB2out/12,Forward,9400,0.259749
W+1/RB1out/12,Forward,9400,0.341973
W+1/RB1in/12,Forward,9400,0.147698
W+1/RB2out/12,Backward,9400,0.185957
W+1/RB1out/12,Backward,9400,0.0870731
W+1/RB1in/12,Backward,9400,0.142135
W+2/RB2in/8,Backward,9400,0.250892
W+2/RB4/4--,Forward,9400,0.168508
W+2/RB4/4-,Forward,9400,0.0779489
W+2/RB4/4+,Forward,9400,0.0816711
W+2/RB4/4++,Forward,9400,0.15879
W+2/RB3/4-,Forward,9400,0.234145
W+2/RB3/4+,Forward,9400,0.152456
W+2/RB4/4--,Backward,9400,0.173072
W+2/RB4/4-,Backward,9400,0.171991
W+2/RB4/4+,Backward,9400,0.0505673
W+2/RB4/4++,Backward,9400,0.106662
W+2/RB3/4-,Backward,9400,0.0978283
W+2/RB3/4+,Backward,9400,0.144342
W+2/RB2out/4,Forward,9400,0.0743649
W+2/RB2out/4,Central,9400,0.109328
W+2/RB2out/4,Backward,9400,0.0397209
W+2/RB2in/4,Forward,9400,0.11882
W+2/RB1out/4,Forward,9400,1.14197
W+2/RB1in/4,Forward,9400,0.146645
W+2/RB2in/4,Backward,9400,0.187092
W+2/RB1out/4,Backward,9400,0.251457
W+2/RB1in/4,Backward,9400,0.215568
W+2/RB4/5-,Forward,9400,0.117171
W+2/RB4/5+,Forward,9400,0.140487
W+2/RB3/5-,Forward,9400,0.203084
W+2/RB3/5+,Forward,9400,0.150492
W+2/RB4/5-,Backward,9400,0.136303
W+2/RB4/5+,Backward,9400,0.102486
W+2/RB3/5-,Backward,9400,0.185883
W+2/RB3/5+,Backward,9400,0.172466
W+2/RB2out/5,Forward,9400,0.109496
W+2/RB2out/5,Central,9400,0.0987474
W+2/RB2out/5,Backward,9400,0.0547593
W+2/RB2in/5,Forward,9400,0.263774
W+2/RB1out/5,Forward,9400,0.279609
W+2/RB1in/5,Forward,9400,0.388644
W+2/RB2in/5,Backward,9400,0.116119
W+2/RB1out/5,Backward,9400,0.230483
W+2/RB1in/5,Backward,9400,0.131351
W+2/RB4/6-,Forward,9400,0.181794
W+2/RB4/6+,Forward,9400,0.0609905
W+2/RB3/6-,Forward,9400,0.144677
W+2/RB3/6+,Forward,9400,0.162105
W+2/RB4/6-,Backward,9400,0.0920872
W+2/RB4/6+,Backward,9400,0.123986
W+2/RB3/6-,Backward,9400,0.174104
W+2/RB3/6+,Backward,9400,0.204273
W+2/RB2out/6,Forward,9400,0.0720274
W+2/RB2out/6,Central,9400,0.0800047
W+2/RB2out/6,Backward,9400,0.0644209
W+2/RB2in/6,Forward,9400,0.0426376
W+2/RB1out/6,Forward,9400,0.124017
W+2/RB1in/6,Forward,9400,0.197877
W+2/RB2in/6,Backward,9400,0.0431453
W+2/RB1out/6,Backward,9400,0.0924376
W+2/RB1in/6,Backward,9400,0.121654
W+2/RB4/7-,Forward,9400,0.1362
W+2/RB4/7+,Forward,9400,0.226926
W+2/RB3/7-,Forward,9400,0.130636
W+2/RB3/7+,Forward,9400,0.0369269
W+2/RB4/7-,Backward,9400,0.194407
W+2/RB4/7+,Backward,9400,0.228321
W+2/RB3/7-,Backward,9400,0.24199
W+2/RB3/7+,Backward,9400,0.0382498
W+2/RB2out/7,Forward,9400,0.0411952
W+2/RB2out/7,Central,9400,0.11529
W+2/RB2out/7,Backward,9400,0.0301574
W+2/RB2in/7,Forward,9400,0.0328652
W+2/RB1out/7,Forward,9400,0.246157
W+2/RB1in/7,Forward,9400,0.374695
W+2/RB2in/7,Backward,9400,0.03249
W+2/RB1out/7,Backward,9400,0.266231
W+2/RB1in/7,Backward,9400,0.407669
W+2/RB4/8-,Forward,9400,0.128271
W+2/RB4/8+,Forward,9400,0.0144703
W+2/RB3/8-,Forward,9400,0.221341
W+2/RB3/8+,Forward,9400,0.17188
W+2/RB4/8-,Backward,9400,0.153213
W+2/RB4/8+,Backward,9400,0.00652732
W+2/RB3/8-,Backward,9400,0.191654
W+2/RB3/8+,Backward,9400,0.210925
W+2/RB2out/8,Forward,9400,0.0965866
W+2/RB2out/8,Central,9400,0.207057
W+2/RB2out/8,Backward,9400,0
W+2/RB2in/8,Forward,9400,1.12103
W+2/RB1out/8,Forward,9400,0.401651
W+2/RB1in/8,Forward,9400,0.122156
W+2/RB1out/8,Backward,9400,0.594074
W+2/RB1in/8,Backward,9400,0.110026
W+2/RB4/9,Forward,9400,0.0744874
W+2/RB3/9-,Forward,9400,0.392382
W+2/RB3/9+,Forward,9400,0.1876
W+2/RB4/9,Backward,9400,0.13645
W+2/RB3/9-,Backward,9400,0.210394
W+2/RB3/9+,Backward,9400,0.331186
W+2/RB2out/9,Forward,9400,0.305175
W+2/RB2out/9,Central,9400,0.382098
W+2/RB2out/9,Backward,9400,0.198459
W+2/RB2in/9,Forward,9400,1.10968
W+2/RB1out/9,Forward,9400,0.0937151
W+2/RB1in/9,Forward,9400,1.52092
W+2/RB2in/9,Backward,9400,0.877732
W+2/RB1out/9,Backward,9400,0.0690569
W+2/RB1in/9,Backward,9400,0.0799847
W+2/RB2in/11,Backward,9400,0.849559
W+2/RB4/1-,Forward,9400,0.131169
W+2/RB4/1+,Forward,9400,0.367607
W+2/RB3/1-,Forward,9400,0.298177
W+2/RB3/1+,Forward,9400,0.212079
W+2/RB4/1-,Backward,9400,0.143188
W+2/RB4/1+,Backward,9400,0.421865
W+2/RB3/1-,Backward,9400,0.159493
W+2/RB3/1+,Backward,9400,2.19336
W+2/RB2out/1,Forward,9400,0.156966
W+2/RB2out/1,Central,9400,0.346568
W+2/RB2out/1,Backward,9400,0.0734483
W+2/RB2in/1,Forward,9400,0.276131
W+2/RB1out/1,Forward,9400,0.0205854
W+2/RB1in/1,Forward,9400,0.0259043
W+2/RB2in/1,Backward,9400,0.0271678
W+2/RB1out/1,Backward,9400,0.0311545
W+2/RB1in/1,Backward,9400,0.0247946
W+2/RB4/2-,Forward,9400,0.957998
W+2/RB4/2+,Forward,9400,1.22241
W+2/RB3/2-,Forward,9400,0.259824
W+2/RB3/2+,Forward,9400,0.144884
W+2/RB4/2-,Backward,9400,0.3033
W+2/RB4/2+,Backward,9400,0.0633849
W+2/RB3/2-,Backward,9400,0.271263
W+2/RB3/2+,Backward,9400,0.118961
W+2/RB2out/2,Forward,9400,0.0479501
W+2/RB2out/2,Central,9400,0.112633
W+2/RB2out/2,Backward,9400,0.0668512
W+2/RB2in/2,Forward,9400,0.125219
W+2/RB1out/2,Forward,9400,0.299285
W+2/RB1in/2,Forward,9400,0.15702
W+2/RB2in/2,Backward,9400,0.0442996
W+2/RB1out/2,Backward,9400,0.263822
W+2/RB1in/2,Backward,9400,0.121969
W+2/RB4/3-,Forward,9400,0.0224021
W+2/RB4/3+,Forward,9400,0.176413
W+2/RB3/3-,Forward,9400,0.112919
W+2/RB3/3+,Forward,9400,0.850266
W+2/RB4/3-,Backward,9400,0.0142084
W+2/RB4/3+,Backward,9400,0.157069
W+2/RB3/3-,Backward,9400,0.0938049
W+2/RB3/3+,Backward,9400,0.00569825
W+2/RB2out/3,Forward,9400,0.131642
W+2/RB2out/3,Central,9400,0.15473
W+2/RB2out/3,Backward,9400,51.3662
W+2/RB2in/3,Forward,9400,0.051286
W+2/RB1out/3,Forward,9400,0.157466
W+2/RB1in/3,Forward,9400,0.45445
W+2/RB2in/3,Backward,9400,0.0269294
W+2/RB1out/3,Backward,9400,0.0397105
W+2/RB1in/3,Backward,9400,0.292238
W+2/RB4/10-,Forward,9400,0.060279
W+2/RB4/10+,Forward,9400,0.120302
W+2/RB3/10-,Forward,9400,0.15296
W+2/RB3/10+,Forward,9400,0.226297
W+2/RB4/10-,Backward,9400,0.0523489
W+2/RB4/10+,Backward,9400,0.0778284
W+2/RB3/10-,Backward,9400,0.100557
W+2/RB3/10+,Backward,9400,3.1731
W+2/RB2out/10,Forward,9400,0.13293
W+2/RB2out/10,Central,9400,0.123502
W+2/RB2out/10,Backward,9400,0.140081
W+2/RB2in/10,Forward,9400,0.28113
W+2/RB1out/10,Forward,9400,0.0379003
W+2/RB1in/10,Forward,9400,0.169825
W+2/RB2in/10,Backward,9400,0.157917
W+2/RB1out/10,Backward,9400,0.339163
W+2/RB1in/10,Backward,9400,0.0770672
W+2/RB4/11,Forward,9400,0.664153
W+2/RB3/11-,Forward,9400,25.8215
W+2/RB3/11+,Forward,9400,1.74377
W+2/RB4/11,Backward,9400,0.0201278
W+2/RB3/11-,Backward,9400,0.0557721
W+2/RB3/11+,Backward,9400,0.10146
W+2/RB2out/11,Forward,9400,0.034995
W+2/RB2out/11,Central,9400,0.0447038
W+2/RB2out/11,Backward,9400,0.214908
W+2/RB2in/11,Forward,9400,0.0419376
W+2/RB1out/11,Forward,9400,0.413607
W+2/RB1in/11,Forward,9400,0.285868
W+2/RB1out/11,Backward,9400,0.334595
W+2/RB1in/11,Backward,9400,0.903705
W+2/RB4/12-,Forward,9400,4.38073
W+2/RB4/12+,Forward,9400,27.2151
W+2/RB3/12-,Forward,9400,14.0134
W+2/RB3/12+,Forward,9400,0.499527
W+2/RB4/12-,Backward,9400,0.0641898
W+2/RB4/12+,Backward,9400,0.477343
W+2/RB3/12-,Backward,9400,0.000156183
W+2/RB3/12+,Backward,9400,0.0890532
W+2/RB2out/12,Forward,9400,0.684118
W+2/RB2out/12,Central,9400,0.295091
W+2/RB2out/12,Backward,9400,0.153498
W+2/RB2in/12,Forward,9400,7.42747
W+2/RB1out/12,Forward,9400,0.288582
W+2/RB1in/12,Forward,9400,0.242529
W+2/RB2in/12,Backward,9400,0.142088
W+2/RB1out/12,Backward,9400,0.143771
W+2/RB1in/12,Backward,9400,0.286583
W-1/RB2out/8,Backward,9400,0.149351
W-1/RB4/4++,Forward,9400,0.0833682
W-1/RB4/4+,Forward,9400,0.0578118
W-1/RB4/4-,Forward,9400,0.0835799
W-1/RB4/4--,Forward,9400,0.0736507
W-1/RB3/4+,Forward,9400,0.112888
W-1/RB3/4-,Forward,9400,0.401649
W-1/RB4/4++,Backward,9400,0.084871
W-1/RB4/4+,Backward,9400,1.01903
W-1/RB4/4-,Backward,9400,0.0582332
W-1/RB4/4--,Backward,9400,0.0588114
W-1/RB3/4+,Backward,9400,0.33681
W-1/RB3/4-,Backward,9400,0.157996
W-1/RB2in/4,Forward,9400,0.715355
W-1/RB2in/4,Central,9400,2.45221
W-1/RB2in/4,Backward,9400,2.3173
W-1/RB2out/4,Forward,9400,0.334048
W-1/RB1out/4,Forward,9400,0.00822387
W-1/RB1in/4,Forward,9400,0.0813194
W-1/RB2out/4,Backward,9400,0.495592
W-1/RB1out/4,Backward,9400,8.59568e-06
W-1/RB1in/4,Backward,9400,0.0501008
W-1/RB4/5+,Forward,9400,0.0853169
W-1/RB4/5-,Forward,9400,0.089391
W-1/RB3/5+,Forward,9400,0.0747444
W-1/RB3/5-,Forward,9400,0.0387903
W-1/RB4/5+,Backward,9400,0.20207
W-1/RB4/5-,Backward,9400,0.0905376
W-1/RB3/5+,Backward,9400,0.0702809
W-1/RB3/5-,Backward,9400,0.0321003
W-1/RB2in/5,Forward,9400,0.029314
W-1/RB2in/5,Central,9400,0.021825
W-1/RB2in/5,Backward,9400,0.0876179
W-1/RB2out/5,Forward,9400,0.132858
W-1/RB1out/5,Forward,9400,0.0591772
W-1/RB1in/5,Forward,9400,0.102134
W-1/RB2out/5,Backward,9400,0.0491938
W-1/RB1out/5,Backward,9400,0.0495267
W-1/RB1in/5,Backward,9400,0.0447791
W-1/RB4/6+,Forward,9400,0.062182
W-1/RB4/6-,Forward,9400,7.61297
W-1/RB3/6+,Forward,9400,0.0952646
W-1/RB3/6-,Forward,9400,0.0524399
W-1/RB4/6+,Backward,9400,0.0545567
W-1/RB4/6-,Backward,9400,3.56837
W-1/RB3/6+,Backward,9400,0.0720032
W-1/RB3/6-,Backward,9400,0.0302695
W-1/RB2in/6,Forward,9400,0.044902
W-1/RB2in/6,Central,9400,0.0534067
W-1/RB2in/6,Backward,9400,0.0389477
W-1/RB2out/6,Forward,9400,0.0595357
W-1/RB1out/6,Forward,9400,0.0732244
W-1/RB1in/6,Forward,9400,0.0395765
W-1/RB2out/6,Backward,9400,0.0507238
W-1/RB1out/6,Backward,9400,0.0447546
W-1/RB1in/6,Backward,9400,0.0505575
W-1/RB4/7+,Forward,9400,0.0240604
W-1/RB4/7-,Forward,9400,0.0311795
W-1/RB3/7+,Forward,9400,0.0295532
W-1/RB3/7-,Forward,9400,0.0576111
W-1/RB4/7+,Backward,9400,0.031402
W-1/RB4/7-,Backward,9400,0.0255453
W-1/RB3/7+,Backward,9400,0.054118
W-1/RB3/7-,Backward,9400,0.0957051
W-1/RB2in/7,Forward,9400,0.0983467
W-1/RB2in/7,Central,9400,0.184075
W-1/RB2in/7,Backward,9400,0.100692
W-1/RB2out/7,Forward,9400,1.36726
W-1/RB1out/7,Forward,9400,0.0300543
W-1/RB1in/7,Forward,9400,0.0260924
W-1/RB2out/7,Backward,9400,0.0366286
W-1/RB1out/7,Backward,9400,0.032782
W-1/RB1in/7,Backward,9400,0.013099
W-1/RB4/8+,Forward,9400,0.000154215
W-1/RB4/8-,Forward,9400,0.398962
W-1/RB3/8+,Forward,9400,0.230901
W-1/RB3/8-,Forward,9400,0.22446
W-1/RB4/8+,Backward,9400,5.36208e-05
W-1/RB4/8-,Backward,9400,0.495938
W-1/RB3/8+,Backward,9400,0.118517
W-1/RB3/8-,Backward,9400,0.198893
W-1/RB2in/8,Forward,9400,0.114355
W-1/RB2in/8,Central,9400,0.111168
W-1/RB2in/8,Backward,9400,0.0830723
W-1/RB2out/8,Forward,9400,0.258829
W-1/RB1out/8,Forward,9400,0.174422
W-1/RB1in/8,Forward,9400,0.15261
W-1/RB1out/8,Backward,9400,0.0796099
W-1/RB1in/8,Backward,9400,0.104431
W-1/RB4/9,Forward,9400,0.12922
W-1/RB3/9+,Forward,9400,0.165901
W-1/RB3/9-,Forward,9400,0.00992705
W-1/RB4/9,Backward,9400,0.163497
W-1/RB3/9+,Backward,9400,0.203624
W-1/RB3/9-,Backward,9400,0.0110128
W-1/RB2in/9,Forward,9400,0.0912234
W-1/RB2in/9,Central,9400,0.0764612
W-1/RB2in/9,Backward,9400,0.110516
W-1/RB2out/9,Forward,9400,0.245952
W-1/RB1out/9,Forward,9400,0.0592736
W-1/RB1in/9,Forward,9400,0.222089
W-1/RB2out/9,Backward,9400,0.0577364
W-1/RB1out/9,Backward,9400,0.0635174
W-1/RB1in/9,Backward,9400,0.0358993
W-1/RB2out/11,Backward,9400,0.0760524
W-1/RB4/1+,Forward,9400,0.134382
W-1/RB4/1-,Forward,9400,0.114306
W-1/RB3/1+,Forward,9400,0.0952445
W-1/RB3/1-,Forward,9400,0.321067
W-1/RB4/1+,Backward,9400,0.126049
W-1/RB4/1-,Backward,9400,0.0393603
W-1/RB3/1+,Backward,9400,0.0946449
W-1/RB3/1-,Backward,9400,0.197757
W-1/RB2in/1,Forward,9400,0.0572042
W-1/RB2in/1,Central,9400,1.31472
W-1/RB2in/1,Backward,9400,0.0304379
W-1/RB2out/1,Forward,9400,0.0385726
W-1/RB1out/1,Forward,9400,0.0378504
W-1/RB1in/1,Forward,9400,0.0423965
W-1/RB2out/1,Backward,9400,0.0363894
W-1/RB1out/1,Backward,9400,0.0155017
W-1/RB1in/1,Backward,9400,0.0212544
W-1/RB4/2+,Forward,9400,0.134167
W-1/RB4/2-,Forward,9400,0.0603833
W-1/RB3/2+,Forward,9400,0.0622139
W-1/RB3/2-,Forward,9400,0.129028
W-1/RB4/2+,Backward,9400,0.114187
W-1/RB4/2-,Backward,9400,0.0393771
W-1/RB3/2+,Backward,9400,0.0440768
W-1/RB3/2-,Backward,9400,0.143243
W-1/RB2in/2,Forward,9400,0.0833837
W-1/RB2in/2,Central,9400,0.127357
W-1/RB2in/2,Backward,9400,0.0863892
W-1/RB2out/2,Forward,9400,0.0655335
W-1/RB1out/2,Forward,9400,0.808923
W-1/RB1in/2,Forward,9400,0.401175
W-1/RB2out/2,Backward,9400,0.0296477
W-1/RB1out/2,Backward,9400,0.88579
W-1/RB1in/2,Backward,9400,0.227456
W-1/RB4/3+,Forward,9400,0.0643603
W-1/RB4/3-,Forward,9400,0.0584305
W-1/RB3/3+,Forward,9400,0.0470867
W-1/RB3/3-,Forward,9400,0.0444357
W-1/RB4/3+,Backward,9400,0.0839487
W-1/RB4/3-,Backward,9400,0.0657084
W-1/RB3/3+,Backward,9400,0.0351686
W-1/RB3/3-,Backward,9400,0.0336133
W-1/RB2in/3,Forward,9400,0.069972
W-1/RB2in/3,Central,9400,0.0687025
W-1/RB2in/3,Backward,9400,0.0435128
W-1/RB2out/3,Forward,9400,0.0885374
W-1/RB1out/3,Forward,9400,0.0863873
W-1/RB1in/3,Forward,9400,0.0329043
W-1/RB2out/3,Backward,9400,0.0356706
W-1/RB1out/3,Backward,9400,0.0388903
W-1/RB1in/3,Backward,9400,0.0413256
W-1/RB4/10+,Forward,9400,0.126514
W-1/RB4/10-,Forward,9400,0.0702127
W-1/RB3/10+,Forward,9400,0.251165
W-1/RB3/10-,Forward,9400,0.0605101
W-1/RB4/10+,Backward,9400,0.0750904
W-1/RB4/10-,Backward,9400,0.0811004
W-1/RB3/10+,Backward,9400,0.307706
W-1/RB3/10-,Backward,9400,0.0515249
W-1/RB2in/10,Forward,9400,0.0410024
W-1/RB2in/10,Central,9400,0.0339707
W-1/RB2in/10,Backward,9400,0.0326421
W-1/RB2out/10,Forward,9400,0.0552765
W-1/RB1out/10,Forward,9400,0.111732
W-1/RB1in/10,Forward,9400,0.0464496
W-1/RB2out/10,Backward,9400,0.044188
W-1/RB1out/10,Backward,9400,0.15892
W-1/RB1in/10,Backward,9400,0.0327461
W-1/RB4/11,Forward,9400,0.0518034
W-1/RB3/11+,Forward,9400,7.00253
W-1/RB3/11-,Forward,9400,0.056645
W-1/RB4/11,Backward,9400,0.0513387
W-1/RB3/11+,Backward,9400,2.21408e-06
W-1/RB3/11-,Backward,9400,0.0429526
W-1/RB2in/11,Forward,9400,0.051132
W-1/RB2in/11,Central,9400,0.138815
W-1/RB2in/11,Backward,9400,0.0496228
W-1/RB2out/11,Forward,9400,0.085779
W-1/RB1out/11,Forward,9400,0.230825
W-1/RB1in/11,Forward,9400,0.0677061
W-1/RB1out/11,Backward,9400,0.974148
W-1/RB1in/11,Backward,9400,0.114753
W-1/RB4/12+,Forward,9400,1.35115
W-1/RB4/12-,Forward,9400,0.207197
W-1/RB3/12+,Forward,9400,0.045717
W-1/RB3/12-,Forward,9400,0.0738509
W-1/RB4/12+,Backward,9400,1.03629
W-1/RB4/12-,Backward,9400,0.154839
W-1/RB3/12+,Backward,9400,0.0464778
W-1/RB3/12-,Backward,9400,0.0681225
W-1/RB2in/12,Forward,9400,0.101777
W-1/RB2in/12,Central,9400,0.154292
W-1/RB2in/12,Backward,9400,0.167623
W-1/RB2out/12,Forward,9400,0.149667
W-1/RB1out/12,Forward,9400,0.0225035
W-1/RB1in/12,Forward,9400,0.0738892
W-1/RB2out/12,Backward,9400,0.17924
W-1/RB1out/12,Backward,9400,0.0320236
W-1/RB1in/12,Backward,9400,0.0386533
W-2/RB2in/8,Backward,9400,0.273291
W-2/RB4/4++,Forward,9400,0.0247372
W-2/RB4/4+,Forward,9400,0.061499
W-2/RB4/4-,Forward,9400,0.0598306
W-2/RB4/4--,Forward,9400,0.209688
W-2/RB3/4+,Forward,9400,0.0241998
W-2/RB3/4-,Forward,9400,0.0491337
W-2/RB4/4++,Backward,9400,0.0265201
W-2/RB4/4+,Backward,9400,0.0590047
W-2/RB4/4-,Backward,9400,0.069909
W-2/RB4/4--,Backward,9400,0.256562
W-2/RB3/4+,Backward,9400,0.0256083
W-2/RB3/4-,Backward,9400,0.0648675
W-2/RB2out/4,Forward,9400,0.0959013
W-2/RB2out/4,Central,9400,0.0849144
W-2/RB2out/4,Backward,9400,0.0796824
W-2/RB2in/4,Forward,9400,0.178597
W-2/RB1out/4,Forward,9400,0.0871338
W-2/RB1in/4,Forward,9400,0.0626225
W-2/RB2in/4,Backward,9400,0.239132
W-2/RB1out/4,Backward,9400,1.39227
W-2/RB1in/4,Backward,9400,0.0501227
W-2/RB4/5+,Forward,9400,0.0393054
W-2/RB4/5-,Forward,9400,0.033984
W-2/RB3/5+,Forward,9400,0.0651237
W-2/RB3/5-,Forward,9400,0.0604859
W-2/RB4/5+,Backward,9400,0.00748333
W-2/RB4/5-,Backward,9400,0.037153
W-2/RB3/5+,Backward,9400,0.0511467
W-2/RB3/5-,Backward,9400,0.0233143
W-2/RB2out/5,Forward,9400,0.105794
W-2/RB2out/5,Central,9400,0.0900619
W-2/RB2out/5,Backward,9400,0.0754509
W-2/RB2in/5,Forward,9400,0.0797383
W-2/RB1out/5,Forward,9400,0.0408378
W-2/RB1in/5,Forward,9400,0.072152
W-2/RB2in/5,Backward,9400,0.00257388
W-2/RB1out/5,Backward,9400,0.0273346
W-2/RB1in/5,Backward,9400,0.0375646
W-2/RB4/6+,Forward,9400,0.449859
W-2/RB4/6-,Forward,9400,0.0916002
W-2/RB3/6+,Forward,9400,0.0543428
W-2/RB3/6-,Forward,9400,0.0546661
W-2/RB4/6+,Backward,9400,0.445376
W-2/RB4/6-,Backward,9400,0.0238434
W-2/RB3/6+,Backward,9400,0.0265766
W-2/RB3/6-,Backward,9400,0.0507641
W-2/RB2out/6,Forward,9400,0.0822234
W-2/RB2out/6,Central,9400,0.082285
W-2/RB2out/6,Backward,9400,0.0533038
W-2/RB2in/6,Forward,9400,0.14204
W-2/RB1out/6,Forward,9400,0.318086
W-2/RB1in/6,Forward,9400,0.0395963
W-2/RB2in/6,Backward,9400,0.154331
W-2/RB1out/6,Backward,9400,0.0424896
W-2/RB1in/6,Backward,9400,0.0342225
W-2/RB4/7+,Forward,9400,0.0663748
W-2/RB4/7-,Forward,9400,0.0526949
W-2/RB3/7+,Forward,9400,0.150591
W-2/RB3/7-,Forward,9400,0.0628083
W-2/RB4/7+,Backward,9400,0.0369415
W-2/RB4/7-,Backward,9400,0.0237406
W-2/RB3/7+,Backward,9400,0.172897
W-2/RB3/7-,Backward,9400,0.0546139
W-2/RB2out/7,Forward,9400,0.0504667
W-2/RB2out/7,Central,9400,0.0589568
W-2/RB2out/7,Backward,9400,0.0417936
W-2/RB2in/7,Forward,9400,0.565263
W-2/RB1out/7,Forward,9400,0.0301837
W-2/RB1in/7,Forward,9400,0.096499
W-2/RB2in/7,Backward,9400,0.28598
W-2/RB1out/7,Backward,9400,0.0161625
W-2/RB1in/7,Backward,9400,0.142283
W-2/RB4/8+,Forward,9400,0.0443514
W-2/RB4/8-,Forward,9400,0.0638337
W-2/RB3/8+,Forward,9400,0.049748
W-2/RB3/8-,Forward,9400,0.10574
W-2/RB4/8+,Backward,9400,0.136208
W-2/RB4/8-,Backward,9400,0.116128
W-2/RB3/8+,Backward,9400,2.17677
W-2/RB3/8-,Backward,9400,0.0784573
W-2/RB2out/8,Forward,9400,0.117267
W-2/RB2out/8,Central,9400,0.253868
W-2/RB2out/8,Backward,9400,0.0690367
W-2/RB2in/8,Forward,9400,0.189656
W-2/RB1out/8,Forward,9400,0.798037
W-2/RB1in/8,Forward,9400,0.0295883
W-2/RB1out/8,Backward,9400,0.13509
W-2/RB1in/8,Backward,9400,0.0137501
W-2/RB4/9,Forward,9400,0.103499
W-2/RB3/9+,Forward,9400,0.0769047
W-2/RB3/9-,Forward,9400,0.103469
W-2/RB4/9,Backward,9400,0.0925725
W-2/RB3/9+,Backward,9400,0.0466616
W-2/RB3/9-,Backward,9400,0.0621042
W-2/RB2out/9,Forward,9400,0.0700196
W-2/RB2out/9,Central,9400,0.0412961
W-2/RB2out/9,Backward,9400,0.0496249
W-2/RB2in/9,Forward,9400,0.295944
W-2/RB1out/9,Forward,9400,0.104643
W-2/RB1in/9,Forward,9400,0.0229508
W-2/RB2in/9,Backward,9400,0.132196
W-2/RB1out/9,Backward,9400,0.0381253
W-2/RB1in/9,Backward,9400,0.0457767
W-2/RB2in/11,Backward,9400,0.000666661
W-2/RB4/1+,Forward,9400,0.0454437
W-2/RB4/1-,Forward,9400,0.0417588
W-2/RB3/1+,Forward,9400,0.0635613
W-2/RB3/1-,Forward,9400,0.0604806
W-2/RB4/1+,Backward,9400,0.0406042
W-2/RB4/1-,Backward,9400,0.0651378
W-2/RB3/1+,Backward,9400,0.0970127
W-2/RB3/1-,Backward,9400,0.0712945
W-2/RB2out/1,Forward,9400,0.0684639
W-2/RB2out/1,Central,9400,0.160334
W-2/RB2out/1,Backward,9400,0.0537985
W-2/RB2in/1,Forward,9400,0.120244
W-2/RB1out/1,Forward,9400,0.0401205
W-2/RB1in/1,Forward,9400,0.0227747
W-2/RB2in/1,Backward,9400,0.0778954
W-2/RB1out/1,Backward,9400,0.0236291
W-2/RB1in/1,Backward,9400,0.0270276
W-2/RB4/2+,Forward,9400,0.431638
W-2/RB4/2-,Forward,9400,0.425084
W-2/RB3/2+,Forward,9400,0.0472636
W-2/RB3/2-,Forward,9400,0.184729
W-2/RB4/2+,Backward,9400,0.229319
W-2/RB4/2-,Backward,9400,0.311522
W-2/RB3/2+,Backward,9400,0.0619088
W-2/RB3/2-,Backward,9400,0.0872538
W-2/RB2out/2,Forward,9400,0.0776283
W-2/RB2out/2,Central,9400,0.0786539
W-2/RB2out/2,Backward,9400,0.0788313
W-2/RB2in/2,Forward,9400,0.0198252
W-2/RB1out/2,Forward,9400,0.104569
W-2/RB1in/2,Forward,9400,0.047218
W-2/RB2in/2,Backward,9400,0.0380645
W-2/RB1out/2,Backward,9400,0.0561322
W-2/RB1in/2,Backward,9400,0.0235249
W-2/RB4/3+,Forward,9400,0.178869
W-2/RB4/3-,Forward,9400,0.714613
W-2/RB3/3+,Forward,9400,0.093675
W-2/RB3/3-,Forward,9400,0.0749349
W-2/RB4/3+,Backward,9400,0.147428
W-2/RB4/3-,Backward,9400,1.78265
W-2/RB3/3+,Backward,9400,0.0424974
W-2/RB3/3-,Backward,9400,0.0587668
W-2/RB2out/3,Forward,9400,0.0742952
W-2/RB2out/3,Central,9400,0.138551
W-2/RB2out/3,Backward,9400,0.0919507
W-2/RB2in/3,Forward,9400,0.303391
W-2/RB1out/3,Forward,9400,0.0638889
W-2/RB1in/3,Forward,9400,0.205668
W-2/RB2in/3,Backward,9400,0.172958
W-2/RB1out/3,Backward,9400,0.0542172
W-2/RB1in/3,Backward,9400,0.168281
W-2/RB4/10+,Forward,9400,0.0459966
W-2/RB4/10-,Forward,9400,0.0723535
W-2/RB3/10+,Forward,9400,0.0278457
W-2/RB3/10-,Forward,9400,0.157499
W-2/RB4/10+,Backward,9400,0.0272761
W-2/RB4/10-,Backward,9400,0.109284
W-2/RB3/10+,Backward,9400,0.0231386
W-2/RB3/10-,Backward,9400,0.0805926
W-2/RB2out/10,Forward,9400,0.213308
W-2/RB2out/10,Central,9400,0.196495
W-2/RB2out/10,Backward,9400,0.133955
W-2/RB2in/10,Forward,9400,0.0466708
W-2/RB1out/10,Forward,9400,0.125905
W-2/RB1in/10,Forward,9400,0.0352562
W-2/RB2in/10,Backward,9400,0.0487685
W-2/RB1out/10,Backward,9400,0.0608646
W-2/RB1in/10,Backward,9400,0.0367644
W-2/RB4/11,Forward,9400,0.0463274
W-2/RB3/11+,Forward,9400,0.313801
W-2/RB3/11-,Forward,9400,0.0708339
W-2/RB4/11,Backward,9400,0.0203772
W-2/RB3/11+,Backward,9400,0.178655
W-2/RB3/11-,Backward,9400,0.0641972
W-2/RB2out/11,Forward,9400,0.0714633
W-2/RB2out/11,Central,9400,0.153795
W-2/RB2out/11,Backward,9400,0.102786
W-2/RB2in/11,Forward,9400,0.000272621
W-2/RB1out/11,Forward,9400,0.107776
W-2/RB1in/11,Forward,9400,0.127222
W-2/RB1out/11,Backward,9400,0.0769298
W-2/RB1in/11,Backward,9400,0.0775496
W-2/RB4/12+,Forward,9400,0.137111
W-2/RB4/12-,Forward,9400,0.0625599
W-2/RB3/12+,Forward,9400,0.0572002
W-2/RB3/12-,Forward,9400,0.0727233
W-2/RB4/12+,Backward,9400,0.156513
W-2/RB4/12-,Backward,9400,0.0357492
W-2/RB3/12+,Backward,9400,0.0693959
W-2/RB3/12-,Backward,9400,0.087329
W-2/RB2out/12,Forward,9400,0.0709899
W-2/RB2out/12,Central,9400,0.147014
W-2/RB2out/12,Backward,9400,0.12009
W-2/RB2in/12,Forward,9400,0.339549
W-2/RB1out/12,Forward,9400,0
W-2/RB1in/12,Forward,9400,0.330711
W-2/RB2in/12,Backward,9400,0.343995
W-2/RB1out/12,Backward,9400,0
W-2/RB1in/12,Backward,9400,0.427036
W0/RB2out/8,Backward,9400,0.319663
W0/RB4/4+,Forward,9400,0.0862157
W0/RB4/4++,Forward,9400,0.0634482
W0/RB4/4--,Forward,9400,0.16495
W0/RB4/4-,Forward,9400,0.0822367
W0/RB3/4+,Forward,9400,0.136122
W0/RB3/4-,Forward,9400,0.159727
W0/RB4/4+,Backward,9400,0.0663046
W0/RB4/4++,Backward,9400,0.10759
W0/RB4/4--,Backward,9400,0.119634
W0/RB4/4-,Backward,9400,0.0615414
W0/RB3/4+,Backward,9400,0.16411
W0/RB3/4-,Backward,9400,0.113655
W0/RB2in/4,Forward,9400,0.147536
W0/RB2in/4,Central,9400,0.262529
W0/RB2in/4,Backward,9400,0.383431
W0/RB2out/4,Forward,9400,0.0668586
W0/RB1out/4,Forward,9400,0.0635378
W0/RB1in/4,Forward,9400,0.0609927
W0/RB2out/4,Backward,9400,0.0407354
W0/RB1out/4,Backward,9400,0.0765155
W0/RB1in/4,Backward,9400,0.0578496
W0/RB4/5+,Forward,9400,0.126951
W0/RB4/5-,Forward,9400,0.081537
W0/RB3/5+,Forward,9400,0.0847529
W0/RB3/5-,Forward,9400,0.0382554
W0/RB4/5+,Backward,9400,0.123099
W0/RB4/5-,Backward,9400,0.105657
W0/RB3/5+,Backward,9400,0.0465156
W0/RB3/5-,Backward,9400,0.0328223
W0/RB2in/5,Forward,9400,12.7645
W0/RB2in/5,Central,9400,0.147899
W0/RB2in/5,Backward,9400,0.0963427
W0/RB2out/5,Forward,9400,0.0734343
W0/RB1out/5,Forward,9400,0.554977
W0/RB1in/5,Forward,9400,1.75772
W0/RB2out/5,Backward,9400,0.0790331
W0/RB1out/5,Backward,9400,1.93733
W0/RB1in/5,Backward,9400,0.422671
W0/RB4/6-,Forward,9400,0.0420649
W0/RB4/6+,Forward,9400,0.064386
W0/RB3/6-,Forward,9400,0.0310255
W0/RB3/6+,Forward,9400,0.0479234
W0/RB4/6-,Backward,9400,0.039997
W0/RB4/6+,Backward,9400,0.0629392
W0/RB3/6-,Backward,9400,0.0458117
W0/RB3/6+,Backward,9400,0.0399127
W0/RB2in/6,Forward,9400,0.0714765
W0/RB2in/6,Central,9400,0.537245
W0/RB2in/6,Backward,9400,0.118051
W0/RB2out/6,Forward,9400,0.356145
W0/RB1out/6,Forward,9400,0.163146
W0/RB1in/6,Forward,9400,0.0413012
W0/RB2out/6,Backward,9400,0.344315
W0/RB1out/6,Backward,9400,0.0353951
W0/RB1in/6,Backward,9400,0.0385018
W0/RB4/7-,Forward,9400,0.0086203
W0/RB4/7+,Forward,9400,0.0251564
W0/RB3/7-,Forward,9400,0.118139
W0/RB3/7+,Forward,9400,0.139144
W0/RB4/7-,Backward,9400,0.0078281
W0/RB4/7+,Backward,9400,0.0234156
W0/RB3/7-,Backward,9400,0.031656
W0/RB3/7+,Backward,9400,0.0639868
W0/RB2in/7,Forward,9400,0.270727
W0/RB2in/7,Central,9400,0.111644
W0/RB2in/7,Backward,9400,0.0349876
W0/RB2out/7,Forward,9400,0.117181
W0/RB1out/7,Forward,9400,0.022342
W0/RB1in/7,Forward,9400,0.0258599
W0/RB2out/7,Backward,9400,0.0363004
W0/RB1out/7,Backward,9400,0.0145393
W0/RB1in/7,Backward,9400,0.0264996
W0/RB4/8+,Forward,9400,0.0507219
W0/RB4/8-,Forward,9400,0.0770018
W0/RB3/8+,Forward,9400,0.0306374
W0/RB3/8-,Forward,9400,0.114785
W0/RB4/8+,Backward,9400,0.0338708
W0/RB4/8-,Backward,9400,0.0799825
W0/RB3/8+,Backward,9400,0.242466
W0/RB3/8-,Backward,9400,0.173306
W0/RB2in/8,Forward,9400,0.208362
W0/RB2in/8,Central,9400,0.191514
W0/RB2in/8,Backward,9400,0.102236
W0/RB2out/8,Forward,9400,2.15017
W0/RB1out/8,Forward,9400,0.0496952
W0/RB1in/8,Forward,9400,0.0390526
W0/RB1out/8,Backward,9400,0.0225777
W0/RB1in/8,Backward,9400,0.0397731
W0/RB4/9,Forward,9400,8.96341
W0/RB3/9+,Forward,9400,0.0683161
W0/RB3/9-,Forward,9400,0.0761028
W0/RB4/9,Backward,9400,9.73013
W0/RB3/9+,Backward,9400,0.0587378
W0/RB3/9-,Backward,9400,0.0986453
W0/RB2in/9,Forward,9400,0.186994
W0/RB2in/9,Central,9400,0.0564911
W0/RB2in/9,Backward,9400,0.0487715
W0/RB2out/9,Forward,9400,0.102724
W0/RB1out/9,Forward,9400,0.0369616
W0/RB1in/9,Forward,9400,0.160973
W0/RB2out/9,Backward,9400,0.158755
W0/RB1out/9,Backward,9400,0.0367522
W0/RB1in/9,Backward,9400,0.191558
W0/RB2out/11,Backward,9400,0.162469
W0/RB4/1+,Forward,9400,0.0329063
W0/RB4/1-,Forward,9400,0.026173
W0/RB3/1+,Forward,9400,0.365528
W0/RB3/1-,Forward,9400,0.0948395
W0/RB4/1+,Backward,9400,0.044064
W0/RB4/1-,Backward,9400,0.0260494
W0/RB3/1+,Backward,9400,0.145395
W0/RB3/1-,Backward,9400,0.0459217
W0/RB2in/1,Forward,9400,0.101287
W0/RB2in/1,Central,9400,0.0373167
W0/RB2in/1,Backward,9400,0.0287528
W0/RB2out/1,Forward,9400,0.0391047
W0/RB1out/1,Forward,9400,0.0556335
W0/RB1in/1,Forward,9400,0.0104686
W0/RB2out/1,Backward,9400,0.0146035
W0/RB1out/1,Backward,9400,0.0186293
W0/RB1in/1,Backward,9400,0.00664818
W0/RB4/2-,Forward,9400,0.162141
W0/RB4/2+,Forward,9400,0.110647
W0/RB3/2-,Forward,9400,0.358189
W0/RB3/2+,Forward,9400,0.0896528
W0/RB4/2-,Backward,9400,0.112854
W0/RB4/2+,Backward,9400,0.0947307
W0/RB3/2-,Backward,9400,0.099587
W0/RB3/2+,Backward,9400,0.0633165
W0/RB2in/2,Forward,9400,0.0998602
W0/RB2in/2,Central,9400,0.281188
W0/RB2in/2,Backward,9400,0.0866808
W0/RB2out/2,Forward,9400,0.0659209
W0/RB1out/2,Forward,9400,0.11901
W0/RB1in/2,Forward,9400,0.117827
W0/RB2out/2,Backward,9400,0.0667462
W0/RB1out/2,Backward,9400,0.0771144
W0/RB1in/2,Backward,9400,0.297252
W0/RB4/3-,Forward,9400,0.0885417
W0/RB4/3+,Forward,9400,0.0799859
W0/RB3/3-,Forward,9400,0.0977245
W0/RB3/3+,Forward,9400,1.53833
W0/RB4/3-,Backward,9400,0.0596442
W0/RB4/3+,Backward,9400,0.0731805
W0/RB3/3-,Backward,9400,0.071112
W0/RB3/3+,Backward,9400,0.0869418
W0/RB2in/3,Forward,9400,0.177174
W0/RB2in/3,Central,9400,0.0894671
W0/RB2in/3,Backward,9400,0.0858298
W0/RB2out/3,Forward,9400,0.0210324
W0/RB1out/3,Forward,9400,0.061023
W0/RB1in/3,Forward,9400,0.040694
W0/RB2out/3,Backward,9400,0.707778
W0/RB1out/3,Backward,9400,0.0437175
W0/RB1in/3,Backward,9400,0.057983
W0/RB4/10-,Forward,9400,0.0912682
W0/RB4/10+,Forward,9400,0.0244945
W0/RB3/10-,Forward,9400,0.173761
W0/RB3/10+,Forward,9400,0.117881
W0/RB4/10-,Backward,9400,0.0348717
W0/RB4/10+,Backward,9400,0.0247856
W0/RB3/10-,Backward,9400,0.047314
W0/RB3/10+,Backward,9400,0.0543614
W0/RB2in/10,Forward,9400,0.134791
W0/RB2in/10,Central,9400,0.15582
W0/RB2in/10,Backward,9400,0.0992655
W0/RB2out/10,Forward,9400,0.0887526
W0/RB1out/10,Forward,9400,0.0570325
W0/RB1in/10,Forward,9400,0.0710788
W0/RB2out/10,Backward,9400,0.0521488
W0/RB1out/10,Backward,9400,0.053273
W0/RB1in/10,Backward,9400,0.0354028
W0/RB4/11,Forward,9400,0.113665
W0/RB3/11-,Forward,9400,0.0366509
W0/RB3/11+,Forward,9400,0.0529724
W0/RB4/11,Backward,9400,0.0623527
W0/RB3/11-,Backward,9400,0.120374
W0/RB3/11+,Backward,9400,0.0426115
W0/RB2in/11,Forward,9400,0.302503
W0/RB2in/11,Central,9400,0.120721
W0/RB2in/11,Backward,9400,0.051861
W0/RB2out/11,Forward,9400,0.194102
W0/RB1out/11,Forward,9400,0.132342
W0/RB1in/11,Forward,9400,0.182338
W0/RB1out/11,Backward,9400,0.0820289
W0/RB1in/11,Backward,9400,0.15968
W0/RB4/12+,Forward,9400,0.0627133
W0/RB4/12-,Forward,9400,0.118702
W0/RB3/12+,Forward,9400,0.15501
W0/RB3/12-,Forward,9400,0.0606141
W0/RB4/12+,Backward,9400,0.0736122
W0/RB4/12-,Backward,9400,0.150202
W0/RB3/12+,Backward,9400,0.140015
W0/RB3/12-,Backward,9400,0.0734523
W0/RB2in/12,Forward,9400,0.0754507
W0/RB2in/12,Central,9400,0.156211
W0/RB2in/12,Backward,9400,0.0784389
W0/RB2out/12,Forward,9400,0.268785
W0/RB1out/12,Forward,9400,0.0963227
W0/RB1in/12,Forward,9400,0.108296
W0/RB2out/12,Backward,9400,0.196282
W0/RB1out/12,Backward,9400,0.0415117
W0/RB1in/12,Backward,9400,0.0482861
RE-1/3/25,A,9400,0.0562003
RE-1/3/25,B,9400,0.0566119
RE-1/3/25,C,9400,0.0302336
RE-1/2/9,A,9400,0.0683218
RE-1/2/9,B,9400,0.0609966
RE-1/2/9,C,9400,0.0429626
RE-1/2/10,A,9400,0.046833
RE-1/2/10,B,9400,0.0756779
RE-1/2/10,C,9400,0.0652057
RE-1/2/11,A,9400,0.0723648
RE-1/2/11,B,9400,0.0825951
RE-1/2/11,C,9400,0.0442428
RE-1/3/9,A,9400,0.060234
RE-1/3/9,B,9400,0.069166
RE-1/3/9,C,9400,0.0542457
RE-1/3/10,A,9400,0
RE-1/3/10,B,9400,0.0482277
RE-1/3/10,C,9400,0.0508586
RE-1/3/11,A,9400,0.0622259
RE-1/3/11,B,9400,0.0801951
RE-1/3/11,C,9400,0.105299
RE-2/2/11,A,9400,0.0836093
RE-2/2/11,B,9400,0.10904
RE-2/2/11,C,9400,0.0880639
RE-2/2/12,A,9400,0.127869
RE-2/2/12,B,9400,0.224292
RE-2/2/12,C,9400,0.130362
RE-2/2/13,A,9400,0.0865244
RE-2/2/13,B,9400,2.37161
RE-2/2/13,C,9400,0.105723
RE-2/3/11,A,9400,0.09691
RE-2/3/11,B,9400,0.097915
RE-2/3/11,C,9400,0.0720318
RE-2/3/12,A,9400,0.0836311
RE-2/3/12,B,9400,0.130712
RE-2/3/12,C,9400,0.127041
RE-2/3/13,A,9400,0.104562
RE-2/3/13,B,9400,0.0951411
RE-2/3/13,C,9400,0.0796142
RE-1/2/12,A,9400,0.0657513
RE-1/2/12,B,9400,0.0513061
RE-1/2/12,C,9400,0.0473147
RE-1/2/13,A,9400,0.0588758
RE-1/2/13,B,9400,5.57608
RE-1/2/13,C,9400,0.0412683
RE-1/2/14,A,9400,0.200653
RE-1/2/14,B,9400,0.122628
RE-1/2/14,C,9400,0.0722134
RE-1/3/12,A,9400,0.0477903
RE-1/3/12,B,9400,0.0416304
RE-1/3/12,C,9400,0.0186184
RE-1/3/13,A,9400,0.0483528
RE-1/3/13,B,9400,0.0869764
RE-1/3/13,C,9400,0.0773273
RE-1/3/14,A,9400,0.0702793
RE-1/3/14,B,9400,0.0549513
RE-1/3/14,C,9400,0.0401276
RE-2/2/14,A,9400,0.0782728
RE-2/2/14,B,9400,0.125494
RE-2/2/14,C,9400,0.0697333
RE-2/2/15,A,9400,0.12558
RE-2/2/15,B,9400,0.144568
RE-2/2/15,C,9400,0.114153
RE-2/2/16,A,9400,0.114327
RE-2/2/16,B,9400,0.145985
RE-2/2/16,C,9400,0.142516
RE-2/3/14,A,9400,0.0697375
RE-2/3/14,B,9400,0.0776704
RE-2/3/14,C,9400,0.0471148
RE-2/3/15,A,9400,0.0738935
RE-2/3/15,B,9400,0.0814293
RE-2/3/15,C,9400,0.0764965
RE-2/3/16,A,9400,0.0633001
RE-2/3/16,B,9400,0.072606
RE-2/3/16,C,9400,0.110441
RE-1/2/15,A,9400,0.166479
RE-1/2/15,B,9400,0.181536
RE-1/2/15,C,9400,0.140949
RE-1/2/16,A,9400,0.0723362
RE-1/2/16,B,9400,0.0963677
RE-1/2/16,C,9400,0.0739166
RE-1/2/17,A,9400,0.087514
RE-1/2/17,B,9400,0.0591893
RE-1/2/17,C,9400,0.0280272
RE-1/3/15,A,9400,0.0439522
RE-1/3/15,B,9400,0.0360101
RE-1/3/15,C,9400,0.0299899
RE-1/3/16,A,9400,0.0388744
RE-1/3/16,B,9400,0.0401081
RE-1/3/16,C,9400,0.0355098
RE-1/3/17,A,9400,0.0295184
RE-1/3/17,B,9400,0.022581
RE-1/3/17,C,9400,0.0194387
RE-2/2/17,A,9400,0.0777577
RE-2/2/17,B,9400,0.12477
RE-2/2/17,C,9400,0.0618179
RE-2/2/18,A,9400,0.108451
RE-2/2/18,B,9400,0.128751
RE-2/2/18,C,9400,0.0857896
RE-2/2/19,A,9400,0.141644
RE-2/2/19,B,9400,0.162638
RE-2/2/19,C,9400,0.107993
RE-2/3/17,A,9400,0.116039
RE-2/3/17,B,9400,0.126616
RE-2/3/17,C,9400,0.142563
RE-2/3/18,A,9400,0.0722582
RE-2/3/18,B,9400,0.104292
RE-2/3/18,C,9400,0.0857074
RE-2/3/19,A,9400,0.0977091
RE-2/3/19,B,9400,0.113876
RE-2/3/19,C,9400,0.10906
RE-1/2/18,A,9400,0.0327023
RE-1/2/18,B,9400,0.06008
RE-1/2/18,C,9400,0.0486279
RE-1/2/19,A,9400,0.11208
RE-1/2/19,B,9400,0.0876548
RE-1/2/19,C,9400,0.0653387
RE-1/2/20,A,9400,0.378542
RE-1/2/20,B,9400,0.0946592
RE-1/2/20,C,9400,0.169887
RE-1/3/18,A,9400,0.0446749
RE-1/3/18,B,9400,0.0563972
RE-1/3/18,C,9400,0.0330403
RE-1/3/19,A,9400,0.371473
RE-1/3/19,B,9400,0.16433
RE-1/3/19,C,9400,0.130993
RE-1/3/20,A,9400,0.0483544
RE-1/3/20,B,9400,0.0360279
RE-1/3/20,C,9400,0.0317201
RE-2/2/20,A,9400,0.0623744
RE-2/2/20,B,9400,0.0799999
RE-2/2/20,C,9400,0.0716345
RE-2/2/21,A,9400,0.276526
RE-2/2/21,B,9400,0.143044
RE-2/2/21,C,9400,0.101761
RE-2/2/22,A,9400,0.165001
RE-2/2/22,B,9400,0.217662
RE-2/2/22,C,9400,0.152992
RE-2/3/20,A,9400,0.106228
RE-2/3/20,B,9400,0.128549
RE-2/3/20,C,9400,0.0973738
RE-2/3/21,A,9400,0.0804145
RE-2/3/21,B,9400,0.0930027
RE-2/3/21,C,9400,0.0889738
RE-2/3/22,A,9400,0.118912
RE-2/3/22,B,9400,0.144315
RE-2/3/22,C,9400,0.140308
RE-1/2/21,A,9400,0.0673797
RE-1/2/21,B,9400,0.0617975
RE-1/2/21,C,9400,0.0534006
RE-1/2/22,A,9400,0.0401803
RE-1/2/22,B,9400,0.052538
RE-1/2/22,C,9400,0.0428364
RE-1/2/23,A,9400,0.0373368
RE-1/2/23,B,9400,0.0517761
RE-1/2/23,C,9400,0.0319599
RE-1/3/21,A,9400,0.0370136
RE-1/3/21,B,9400,0.03299
RE-1/3/21,C,9400,0.0332618
RE-1/3/22,A,9400,0.0564143
RE-1/3/22,B,9400,0.052007
RE-1/3/22,C,9400,0.0417199
RE-1/3/23,A,9400,0.0670253
RE-1/3/23,B,9400,0.0643165
RE-1/3/23,C,9400,0.0186365
RE-2/2/23,A,9400,0.090312
RE-2/2/23,B,9400,0.0884235
RE-2/2/23,C,9400,0.0980244
RE-2/2/24,A,9400,0.095811
RE-2/2/24,B,9400,0.152333
RE-2/2/24,C,9400,0.147854
RE-2/2/25,A,9400,0.145846
RE-2/2/25,B,9400,0.147173
RE-2/2/25,C,9400,0.108635
RE-2/3/23,A,9400,0.138193
RE-2/3/23,B,9400,0.164354
RE-2/3/23,C,9400,0.110802
RE-2/3/24,A,9400,0.101965
RE-2/3/24,B,9400,0.155685
RE-2/3/24,C,9400,0.139494
RE-2/3/25,A,9400,0.147708
RE-2/3/25,B,9400,0.0976082
RE-2/3/25,C,9400,0.0672643
RE-1/2/24,A,9400,0.0461747
RE-1/2/24,B,9400,0.0684029
RE-1/2/24,C,9400,0.0509263
RE-1/2/25,A,9400,0.056309
RE-1/2/25,B,9400,0.069822
RE-1/2/25,C,9400,0.033369
RE-1/2/26,A,9400,0.0494918
RE-1/2/26,B,9400,0.0718081
RE-1/2/26,C,9400,0.0414042
RE-1/3/24,A,9400,0.114779
RE-1/3/24,B,9400,0.0987398
RE-1/3/24,C,9400,0.021797
RE-1/3/26,A,9400,0.0660942
RE-1/3/26,B,9400,0.0543254
RE-1/3/26,C,9400,0.0421696
RE-2/2/26,A,9400,0.132774
RE-2/2/26,B,9400,0.124488
RE-2/2/26,C,9400,0.0892892
RE-2/2/27,A,9400,0.344285
RE-2/2/27,B,9400,1.31127
RE-2/2/27,C,9400,0.664401
RE-2/2/28,A,9400,0.171929
RE-2/2/28,B,9400,0.23291
RE-2/2/28,C,9400,0.247377
RE-2/3/26,A,9400,0.119828
RE-2/3/26,B,9400,0.119839
RE-2/3/26,C,9400,0.157061
RE-2/3/27,A,9400,0.132095
RE-2/3/27,B,9400,0.123452
RE-2/3/27,C,9400,0.396552
RE-2/3/28,A,9400,0.103719
RE-2/3/28,B,9400,0.119837
RE-2/3/28,C,9400,0.0869765
RE-1/3/34,A,9400,0.0832954
RE-1/3/34,B,9400,0.0748002
RE-1/3/34,C,9400,0.043053
RE-1/2/36,A,9400,0.0630443
RE-1/2/36,B,9400,0.0569581
RE-1/2/36,C,9400,0.0418293
RE-1/2/1,A,9400,0.0848957
RE-1/2/1,B,9400,0.0770469
RE-1/2/1,C,9400,0.0531826
RE-1/2/2,A,9400,0.0556305
RE-1/2/2,B,9400,0.0477863
RE-1/2/2,C,9400,0.063564
RE-1/3/36,A,9400,0.102588
RE-1/3/36,B,9400,0.0955299
RE-1/3/36,C,9400,0.063224
RE-1/3/1,A,9400,0.0435124
RE-1/3/1,B,9400,0.056955
RE-1/3/1,C,9400,0.0407643
RE-1/3/2,A,9400,0.0295741
RE-1/3/2,B,9400,0.024514
RE-1/3/2,C,9400,0.0198072
RE-2/2/2,A,9400,0.0848545
RE-2/2/2,B,9400,0.1253
RE-2/2/2,C,9400,0.0820613
RE-2/2/3,A,9400,0.1095
RE-2/2/3,B,9400,0.137805
RE-2/2/3,C,9400,0.197846
RE-2/2/4,A,9400,0.076025
RE-2/2/4,B,9400,0.140643
RE-2/2/4,C,9400,0.131387
RE-2/3/2,A,9400,0.0868745
RE-2/3/2,B,9400,0.14244
RE-2/3/2,C,9400,0.109133
RE-2/3/3,A,9400,0.163796
RE-2/3/3,B,9400,0.160288
RE-2/3/3,C,9400,0.212423
RE-2/3/4,A,9400,0.142235
RE-2/3/4,B,9400,0.155822
RE-2/3/4,C,9400,0.128928
RE-1/2/3,A,9400,0.0632099
RE-1/2/3,B,9400,0.0821046
RE-1/2/3,C,9400,0.0600087
RE-1/2/4,A,9400,0.0505526
RE-1/2/4,B,9400,0.051336
RE-1/2/4,C,9400,0.0477169
RE-1/2/5,A,9400,0.335398
RE-1/2/5,B,9400,0.102162
RE-1/2/5,C,9400,0.127786
RE-1/3/3,A,9400,0.0712868
RE-1/3/3,B,9400,0.0727627
RE-1/3/3,C,9400,0.0494623
RE-1/3/4,A,9400,0.179604
RE-1/3/4,B,9400,0.0987126
RE-1/3/4,C,9400,0.076926
RE-1/3/5,A,9400,0.0306936
RE-1/3/5,B,9400,0.0302748
RE-1/3/5,C,9400,0.0280565
RE-2/2/5,A,9400,0.0590077
RE-2/2/5,B,9400,0.0839307
RE-2/2/5,C,9400,0.0801185
RE-2/2/6,A,9400,0.114353
RE-2/2/6,B,9400,0.113618
RE-2/2/6,C,9400,0.170077
RE-2/2/7,A,9400,0.158553
RE-2/2/7,B,9400,0.167739
RE-2/2/7,C,9400,0.0761535
RE-2/3/5,A,9400,0.136993
RE-2/3/5,B,9400,0.570663
RE-2/3/5,C,9400,0.0898839
RE-2/3/6,A,9400,0.134269
RE-2/3/6,B,9400,0.139258
RE-2/3/6,C,9400,0.123116
RE-2/3/7,A,9400,1.03106
RE-2/3/7,B,9400,0.119661
RE-2/3/7,C,9400,0.106114
RE-1/2/6,A,9400,0.1109
RE-1/2/6,B,9400,0.168357
RE-1/2/6,C,9400,0.0570896
RE-1/2/7,A,9400,0.081405
RE-1/2/7,B,9400,0.111144
RE-1/2/7,C,9400,0.0543017
RE-1/2/8,A,9400,0.136835
RE-1/2/8,B,9400,0.187663
RE-1/2/8,C,9400,0.148383
RE-1/3/6,A,9400,0.0589556
RE-1/3/6,B,9400,0.0909196
RE-1/3/6,C,9400,0.0272792
RE-1/3/7,A,9400,0.106027
RE-1/3/7,B,9400,0.132584
RE-1/3/7,C,9400,0.107472
RE-1/3/8,A,9400,0.0497014
RE-1/3/8,B,9400,0.0284292
RE-1/3/8,C,9400,0.020324
RE-2/2/8,A,9400,0.112282
RE-2/2/8,B,9400,0.129167
RE-2/2/8,C,9400,0.0545779
RE-2/2/9,A,9400,0.082763
RE-2/2/9,B,9400,0.109235
RE-2/2/9,C,9400,0.104873
RE-2/2/10,A,9400,0.112643
RE-2/2/10,B,9400,0.137336
RE-2/2/10,C,9400,0.185321
RE-2/3/8,A,9400,0.086238
RE-2/3/8,B,9400,0.109858
RE-2/3/8,C,9400,0.102472
RE-2/3/9,A,9400,0.0922476
RE-2/3/9,B,9400,0.115986
RE-2/3/9,C,9400,0.101172
RE-2/3/10,A,9400,0.145223
RE-2/3/10,B,9400,0.159689
RE-2/3/10,C,9400,0.12436
RE-1/2/27,A,9400,0.0525086
RE-1/2/27,B,9400,0.0750813
RE-1/2/27,C,9400,0.101767
RE-1/2/28,A,9400,0.0366877
RE-1/2/28,B,9400,0.0308582
RE-1/2/28,C,9400,0.0264018
RE-1/2/29,A,9400,0.0388611
RE-1/2/29,B,9400,0.0305785
RE-1/2/29,C,9400,0.0231372
RE-1/3/27,A,9400,0.102355
RE-1/3/27,B,9400,0.12849
RE-1/3/27,C,9400,0.0609166
RE-1/3/28,A,9400,0.0632675
RE-1/3/28,B,9400,0.0520165
RE-1/3/28,C,9400,0.0241752
RE-1/3/29,A,9400,0.15528
RE-1/3/29,B,9400,0.0865659
RE-1/3/29,C,9400,0.101798
RE-2/2/29,A,9400,0.0648932
RE-2/2/29,B,9400,0.090168
RE-2/2/29,C,9400,0.0834128
RE-2/2/30,A,9400,0.136039
RE-2/2/30,B,9400,0.144701
RE-2/2/30,C,9400,0.093908
RE-2/2/31,A,9400,0.106025
RE-2/2/31,B,9400,0.091063
RE-2/2/31,C,9400,0.0738583
RE-2/3/29,A,9400,0.107321
RE-2/3/29,B,9400,0.131035
RE-2/3/29,C,9400,0.0572971
RE-2/3/30,A,9400,0.0828911
RE-2/3/30,B,9400,0.115684
RE-2/3/30,C,9400,0.131823
RE-2/3/31,A,9400,0.108139
RE-2/3/31,B,9400,0.13034
RE-2/3/31,C,9400,0.132839
RE-1/2/30,A,9400,0.0558167
RE-1/2/30,B,9400,0.17657
RE-1/2/30,C,9400,0.0754819
RE-1/2/31,A,9400,0.0132979
RE-1/2/31,B,9400,0.0294683
RE-1/2/31,C,9400,0.00863752
RE-1/2/32,A,9400,0.0735852
RE-1/2/32,B,9400,0.136445
RE-1/2/32,C,9400,0.0401614
RE-1/3/30,A,9400,0.0749763
RE-1/3/30,B,9400,0.0494473
RE-1/3/30,C,9400,0.0819469
RE-1/3/31,A,9400,0.11412
RE-1/3/31,B,9400,0.153571
RE-1/3/31,C,9400,0.0949547
RE-1/3/32,A,9400,8.70587
RE-1/3/32,B,9400,0.0367807
RE-1/3/32,C,9400,0.0490717
RE-2/2/32,A,9400,0.0686957
RE-2/2/32,B,9400,0.0817686
RE-2/2/32,C,9400,0.069626
RE-2/2/33,A,9400,0.109796
RE-2/2/33,B,9400,0.141941
RE-2/2/33,C,9400,0.157749
RE-2/2/34,A,9400,0.0981358
RE-2/2/34,B,9400,0.164651
RE-2/2/34,C,9400,0.138051
RE-2/3/32,A,9400,0.093074
RE-2/3/32,B,9400,0.0865058
RE-2/3/32,C,9400,0.0841006
RE-2/3/33,A,9400,0.124514
RE-2/3/33,B,9400,0.187666
RE-2/3/33,C,9400,0.128131
RE-2/3/34,A,9400,0.111473
RE-2/3/34,B,9400,0.105857
RE-2/3/34,C,9400,0.122033
RE-1/2/33,A,9400,0.0512702
RE-1/2/33,B,9400,0.0576933
RE-1/2/33,C,9400,0.108306
RE-1/2/34,A,9400,0.0419781
RE-1/2/34,B,9400,0.0839668
RE-1/2/34,C,9400,0.042007
RE-1/2/35,A,9400,0.23478
RE-1/2/35,B,9400,0.111759
RE-1/2/35,C,9400,0.0771456
RE-1/3/33,A,9400,0.0646147
RE-1/3/33,B,9400,0.0787228
RE-1/3/33,C,9400,0.053437
RE-1/3/35,A,9400,0.0238932
RE-1/3/35,B,9400,0.036229
RE-1/3/35,C,9400,0.0360724
RE-2/2/35,A,9400,0.0877942
RE-2/2/35,B,9400,0.10221
RE-2/2/35,C,9400,0.0735742
RE-2/2/36,A,9400,0.143134
RE-2/2/36,B,9400,0.184058
RE-2/2/36,C,9400,0.101291
RE-2/2/1,A,9400,0.1127
RE-2/2/1,B,9400,0.125765
RE-2/2/1,C,9400,0.127276
RE-2/3/35,A,9400,0.123345
RE-2/3/35,B,9400,0.134455
RE-2/3/35,C,9400,0.103112
RE-2/3/36,A,9400,0.0801288
RE-2/3/36,B,9400,0.0898722
RE-2/3/36,C,9400,0.109142
RE-2/3/1,A,9400,0.105277
RE-2/3/1,B,9400,0.106662
RE-2/3/1,C,9400,0.105823
RE-3/3/22,A,9400,0.0353137
RE-3/3/22,B,9400,0.0280549
RE-3/3/22,C,9400,0.0165428
RE-4/2/9,A,9400,0.0591595
RE-4/2/9,B,9400,0.271945
RE-4/2/9,C,9400,0.0285371
RE-4/2/10,A,9400,0.0329156
RE-4/2/10,B,9400,0.0427209
RE-4/2/10,C,9400,0.0326111
RE-4/2/11,A,9400,0.0528797
RE-4/2/11,B,9400,0.0874005
RE-4/2/11,C,9400,0.0348074
RE-4/3/9,A,9400,0.0382406
RE-4/3/9,B,9400,0.0574001
RE-4/3/9,C,9400,0.0587363
RE-4/3/10,A,9400,0.0412133
RE-4/3/10,B,9400,0.0364923
RE-4/3/10,C,9400,0.0336134
RE-4/3/11,A,9400,0.0374724
RE-4/3/11,B,9400,0.116458
RE-4/3/11,C,9400,0.022848
RE-4/2/12,A,9400,0.0324863
RE-4/2/12,B,9400,0.0371617
RE-4/2/12,C,9400,0.0192856
RE-4/2/13,A,9400,0.06162
RE-4/2/13,B,9400,0.0554849
RE-4/2/13,C,9400,0.0503661
RE-4/2/14,A,9400,0.0319446
RE-4/2/14,B,9400,0.0380318
RE-4/2/14,C,9400,0.0368004
RE-4/3/12,A,9400,0.0306271
RE-4/3/12,B,9400,0.047566
RE-4/3/12,C,9400,0.0256414
RE-4/3/13,A,9400,0.110803
RE-4/3/13,B,9400,0.0312217
RE-4/3/13,C,9400,0.0259658
RE-4/3/14,A,9400,0.0584283
RE-4/3/14,B,9400,0.0738773
RE-4/3/14,C,9400,0.0439587
RE-4/2/15,A,9400,0.0325075
RE-4/2/15,B,9400,0.0390711
RE-4/2/15,C,9400,0.0238861
RE-4/2/16,A,9400,0.0308784
RE-4/2/16,B,9400,0.0463847
RE-4/2/16,C,9400,0.0319105
RE-4/2/17,A,9400,0.507871
RE-4/2/17,B,9400,0.200383
RE-4/2/17,C,9400,0.06655
RE-4/3/15,A,9400,0.0293946
RE-4/3/15,B,9400,0.048079
RE-4/3/15,C,9400,0.0262961
RE-4/3/16,A,9400,0.068087
RE-4/3/16,B,9400,0.0613783
RE-4/3/16,C,9400,0.0613296
RE-4/3/17,A,9400,0.029487
RE-4/3/17,B,9400,0.0483732
RE-4/3/17,C,9400,0.0633859
RE-4/2/18,A,9400,0.218918
RE-4/2/18,B,9400,0.0237993
RE-4/2/18,C,9400,0.10393
RE-4/2/19,A,9400,0.0406194
RE-4/2/19,B,9400,0.0833934
RE-4/2/19,C,9400,0.0377897
RE-4/2/20,A,9400,0.090407
RE-4/2/20,B,9400,0.0798746
RE-4/2/20,C,9400,0.474277
RE-4/3/18,A,9400,0.0329526
RE-4/3/18,B,9400,0.0231274
RE-4/3/18,C,9400,0.0195572
RE-4/3/19,A,9400,0.0464554
RE-4/3/19,B,9400,0.117396
RE-4/3/19,C,9400,0.0803777
RE-4/3/20,A,9400,0.070565
RE-4/3/20,B,9400,0.0488526
RE-4/3/20,C,9400,0.0389163
RE-4/2/21,A,9400,0.0770418
RE-4/2/21,B,9400,0.0544939
RE-4/2/21,C,9400,0.0586337
RE-4/2/22,A,9400,0.0210427
RE-4/2/22,B,9400,0.0175933
RE-4/2/22,C,9400,0.00884513
RE-4/2/23,A,9400,0.0376328
RE-4/2/23,B,9400,0.0388206
RE-4/2/23,C,9400,0.349065
RE-4/3/21,A,9400,0.039511
RE-4/3/21,B,9400,0.0881673
RE-4/3/21,C,9400,0.641406
RE-4/3/22,A,9400,0.0386713
RE-4/3/22,B,9400,0.0356632
RE-4/3/22,C,9400,0.0367693
RE-4/3/23,A,9400,0.527798
RE-4/3/23,B,9400,0.0734508
RE-4/3/23,C,9400,0.0336627
RE-4/2/24,A,9400,0.0485714
RE-4/2/24,B,9400,0.0508024
RE-4/2/24,C,9400,0.0325096
RE-4/2/25,A,9400,0.0640626
RE-4/2/25,B,9400,0.0510959
RE-4/2/25,C,9400,0.0529368
RE-4/2/26,A,9400,0.0528814
RE-4/2/26,B,9400,0.0545464
RE-4/2/26,C,9400,0.0529233
RE-4/3/24,A,9400,0.0364672
RE-4/3/24,B,9400,0.125816
RE-4/3/24,C,9400,0.0398849
RE-4/3/25,A,9400,0.0225502
RE-4/3/25,B,9400,0.0801187
RE-4/3/25,C,9400,0.060814
RE-4/3/26,A,9400,0.0560512
RE-4/3/26,B,9400,0.0561046
RE-4/3/26,C,9400,0.0639762
RE-3/2/9,A,9400,0.0452407
RE-3/2/9,B,9400,0.0572959
RE-3/2/9,C,9400,0.0506116
RE-3/2/10,A,9400,0.100696
RE-3/2/10,B,9400,0.114189
RE-3/2/10,C,9400,0.0482783
RE-3/2/11,A,9400,0.0508645
RE-3/2/11,B,9400,0.0712272
RE-3/2/11,C,9400,0.0758018
RE-3/3/9,A,9400,0.0447683
RE-3/3/9,B,9400,0.0590475
RE-3/3/9,C,9400,0.0252197
RE-3/3/10,A,9400,0.0490454
RE-3/3/10,B,9400,0.0663206
RE-3/3/10,C,9400,0.0509879
RE-3/3/11,A,9400,0.0579522
RE-3/3/11,B,9400,0.0674236
RE-3/3/11,C,9400,0.0433462
RE-3/2/12,A,9400,0.0463847
RE-3/2/12,B,9400,0.0851915
RE-3/2/12,C,9400,0.0468776
RE-3/2/13,A,9400,0.0540314
RE-3/2/13,B,9400,0.0851574
RE-3/2/13,C,9400,0.0595901
RE-3/2/14,A,9400,0.0646014
RE-3/2/14,B,9400,0.0464318
RE-3/2/14,C,9400,0.196019
RE-3/3/12,A,9400,0.0513254
RE-3/3/12,B,9400,0.0619866
RE-3/3/12,C,9400,0.0432671
RE-3/3/13,A,9400,0.0405006
RE-3/3/13,B,9400,0.0699708
RE-3/3/13,C,9400,0.0600412
RE-3/3/14,A,9400,0.0380155
RE-3/3/14,B,9400,0.0720448
RE-3/3/14,C,9400,0.0511441
RE-3/2/15,A,9400,0.0524183
RE-3/2/15,B,9400,0.0494215
RE-3/2/15,C,9400,0.0345814
RE-3/2/16,A,9400,0.0413043
RE-3/2/16,B,9400,0.0711299
RE-3/2/16,C,9400,0.0952686
RE-3/2/17,A,9400,0.0224872
RE-3/2/17,B,9400,0.0409723
RE-3/2/17,C,9400,0.0247732
RE-3/3/15,A,9400,0.09197
RE-3/3/15,B,9400,0.140046
RE-3/3/15,C,9400,0.0989821
RE-3/3/16,A,9400,0.0510619
RE-3/3/16,B,9400,0.0864694
RE-3/3/16,C,9400,0.0907025
RE-3/3/17,A,9400,0.075023
RE-3/3/17,B,9400,0.066061
RE-3/3/17,C,9400,0.0531646
RE-3/2/18,A,9400,0.0408608
RE-3/2/18,B,9400,0.0388125
RE-3/2/18,C,9400,0.0323998
RE-3/2/19,A,9400,0.0520567
RE-3/2/19,B,9400,0.0476548
RE-3/2/19,C,9400,0.06489
RE-3/2/20,A,9400,0.0625238
RE-3/2/20,B,9400,0.0946324
RE-3/2/20,C,9400,0.101408
RE-3/3/18,A,9400,0.0408106
RE-3/3/18,B,9400,0.0608442
RE-3/3/18,C,9400,0.0360687
RE-3/3/19,A,9400,0.0785745
RE-3/3/19,B,9400,0.0693939
RE-3/3/19,C,9400,0.0684811
RE-3/3/20,A,9400,0.0428655
RE-3/3/20,B,9400,0.0510962
RE-3/3/20,C,9400,0.034339
RE-3/2/21,A,9400,0.0637946
RE-3/2/21,B,9400,0.0687817
RE-3/2/21,C,9400,0.0675648
RE-3/2/22,A,9400,0.0294287
RE-3/2/22,B,9400,0.0654261
RE-3/2/22,C,9400,0.0551258
RE-3/2/23,A,9400,0.0426472
RE-3/2/23,B,9400,0.0681953
RE-3/2/23,C,9400,0.0469948
RE-3/3/21,A,9400,0.0471598
RE-3/3/21,B,9400,0.0629806
RE-3/3/21,C,9400,0.0318781
RE-3/3/23,A,9400,0.0278517
RE-3/3/23,B,9400,0.0329086
RE-3/3/23,C,9400,0.034158
RE-3/2/24,A,9400,0.0266679
RE-3/2/24,B,9400,0.0351787
RE-3/2/24,C,9400,0.0289784
RE-3/2/25,A,9400,0.0321769
RE-3/2/25,B,9400,0.0339626
RE-3/2/25,C,9400,0.0298752
RE-3/2/26,A,9400,0.0367485
RE-3/2/26,B,9400,0.0518228
RE-3/2/26,C,9400,0.0570347
RE-3/3/24,A,9400,0.030842
RE-3/3/24,B,9400,0.0429066
RE-3/3/24,C,9400,0.0383999
RE-3/3/25,A,9400,0.0366033
RE-3/3/25,B,9400,0.0361306
RE-3/3/25,C,9400,0.0337928
RE-3/3/26,A,9400,0.0894563
RE-3/3/26,B,9400,0.124813
RE-3/3/26,C,9400,0.0809675
RE-3/3/28,A,9400,0.0324481
RE-3/3/28,B,9400,0.0291408
RE-3/3/28,C,9400,0.0381645
RE-4/2/33,A,9400,0.0387878
RE-4/2/33,B,9400,0.029653
RE-4/2/33,C,9400,0.0211522
RE-4/2/34,A,9400,0.0574302
RE-4/2/34,B,9400,0.0580968
RE-4/2/34,C,9400,0.04792
RE-4/2/35,A,9400,0.376306
RE-4/2/35,B,9400,0.641871
RE-4/2/35,C,9400,0.598218
RE-4/3/33,A,9400,0.0279502
RE-4/3/33,B,9400,0.157856
RE-4/3/33,C,9400,0.0432113
RE-4/3/34,A,9400,0.190432
RE-4/3/34,B,9400,0.046458
RE-4/3/34,C,9400,0.0464877
RE-4/3/35,A,9400,0.0627122
RE-4/3/35,B,9400,0.188685
RE-4/3/35,C,9400,3.50328
RE-4/2/36,A,9400,0.16444
RE-4/2/36,B,9400,0.160708
RE-4/2/36,C,9400,0.421594
RE-4/2/1,A,9400,0.0598125
RE-4/2/1,B,9400,0.0526106
RE-4/2/1,C,9400,1.312
RE-4/2/2,A,9400,0.0561426
RE-4/2/2,B,9400,0.084208
RE-4/2/2,C,9400,0.128964
RE-4/3/36,A,9400,0.0838623
RE-4/3/36,B,9400,0.0813129
RE-4/3/36,C,9400,0.261846
RE-4/3/1,A,9400,0.0279809
RE-4/3/1,B,9400,0.0473172
RE-4/3/1,C,9400,0.057921
RE-4/3/2,A,9400,0.428012
RE-4/3/2,B,9400,0.0418586
RE-4/3/2,C,9400,0.0486365
RE-4/2/3,A,9400,0.121928
RE-4/2/3,B,9400,0.0398594
RE-4/2/3,C,9400,0.824548
RE-4/2/4,A,9400,0.0930563
RE-4/2/4,B,9400,0.179512
RE-4/2/4,C,9400,0.626188
RE-4/2/5,A,9400,0.0287013
RE-4/2/5,B,9400,0.0406002
RE-4/2/5,C,9400,0.0742467
RE-4/3/3,A,9400,0.029324
RE-4/3/3,B,9400,0.0669207
RE-4/3/3,C,9400,0.119579
RE-4/3/4,A,9400,0.0398441
RE-4/3/4,B,9400,0.0344512
RE-4/3/4,C,9400,0.0550814
RE-4/3/5,A,9400,0.015877
RE-4/3/5,B,9400,0.0969581
RE-4/3/5,C,9400,0.0249634
RE-4/2/6,A,9400,0.0442651
RE-4/2/6,B,9400,0.0565586
RE-4/2/6,C,9400,0.0266542
RE-4/2/7,A,9400,0.0897565
RE-4/2/7,B,9400,0.0468999
RE-4/2/7,C,9400,0.372066
RE-4/2/8,A,9400,0.385589
RE-4/2/8,B,9400,0.27168
RE-4/2/8,C,9400,0.17907
RE-4/3/6,A,9400,0.0306542
RE-4/3/6,B,9400,0.0360852
RE-4/3/6,C,9400,0.032687
RE-4/3/7,A,9400,0.185864
RE-4/3/7,B,9400,0.657154
RE-4/3/7,C,9400,0.0691845
RE-4/3/8,A,9400,0.424415
RE-4/3/8,B,9400,0.563674
RE-4/3/8,C,9400,0.48124
RE-4/2/27,A,9400,0.0361485
RE-4/2/27,B,9400,1.21028
RE-4/2/27,C,9400,0.0223741
RE-4/2/28,A,9400,0.133185
RE-4/2/28,B,9400,0.0235643
RE-4/2/28,C,9400,0.0330435
RE-4/2/29,A,9400,0.112812
RE-4/2/29,B,9400,0.342738
RE-4/2/29,C,9400,0.0332255
RE-4/3/27,A,9400,0.0326872
RE-4/3/27,B,9400,0.0806081
RE-4/3/27,C,9400,0.0676426
RE-4/3/28,A,9400,0.280174
RE-4/3/28,B,9400,0.125654
RE-4/3/28,C,9400,0.0457747
RE-4/3/29,A,9400,0.032781
RE-4/3/29,B,9400,0.392341
RE-4/3/29,C,9400,0.0568892
RE-4/2/30,A,9400,0.0477577
RE-4/2/30,B,9400,0.0653467
RE-4/2/30,C,9400,0.0477896
RE-4/2/31,A,9400,0.0627881
RE-4/2/31,B,9400,0.0302029
RE-4/2/31,C,9400,0.0233667
RE-4/2/32,A,9400,0.11609
RE-4/2/32,B,9400,0.0763704
RE-4/2/32,C,9400,0.0475426
RE-4/3/30,A,9400,2.75284
RE-4/3/30,B,9400,0.0257233
RE-4/3/30,C,9400,0.0235377
RE-4/3/31,A,9400,0.276253
RE-4/3/31,B,9400,0.0609447
RE-4/3/31,C,9400,0.0466304
RE-4/3/32,A,9400,0.0276621
RE-4/3/32,B,9400,0.0427302
RE-4/3/32,C,9400,0.0437405
RE-3/2/33,A,9400,0.0457408
RE-3/2/33,B,9400,0.121707
RE-3/2/33,C,9400,0.0771724
RE-3/2/34,A,9400,0.0268743
RE-3/2/34,B,9400,0.0450627
RE-3/2/34,C,9400,0.0355174
RE-3/2/35,A,9400,0
RE-3/2/35,B,9400,0
RE-3/2/35,C,9400,0
RE-3/3/33,A,9400,0.032959
RE-3/3/33,B,9400,0.0659455
RE-3/3/33,C,9400,0.0365688
RE-3/3/34,A,9400,0.0647594
RE-3/3/34,B,9400,0.053516
RE-3/3/34,C,9400,0.0372165
RE-3/3/35,A,9400,0
RE-3/3/35,B,9400,0
RE-3/3/35,C,9400,0
RE-3/2/36,A,9400,0.31558
RE-3/2/36,B,9400,0.119675
RE-3/2/36,C,9400,0.136924
RE-3/2/1,A,9400,0.0515148
RE-3/2/1,B,9400,0.0651706
RE-3/2/1,C,9400,0.0492525
RE-3/2/2,A,9400,0.0378888
RE-3/2/2,B,9400,0.0391125
RE-3/2/2,C,9400,0.0413061
RE-3/3/36,A,9400,0.0327312
RE-3/3/36,B,9400,0.0522798
RE-3/3/36,C,9400,0.0300827
RE-3/3/1,A,9400,0.0286376
RE-3/3/1,B,9400,0.0278858
RE-3/3/1,C,9400,0.0549519
RE-3/3/2,A,9400,0.0327246
RE-3/3/2,B,9400,0.0429397
RE-3/3/2,C,9400,0.0323298
RE-3/2/3,A,9400,0.0498201
RE-3/2/3,B,9400,0.0583318
RE-3/2/3,C,9400,0.0512883
RE-3/2/4,A,9400,0.0427523
RE-3/2/4,B,9400,0.0475399
RE-3/2/4,C,9400,0.0226841
RE-3/2/5,A,9400,0.044129
RE-3/2/5,B,9400,0.0499816
RE-3/2/5,C,9400,0.0534343
RE-3/3/3,A,9400,0.0512233
RE-3/3/3,B,9400,0.0570838
RE-3/3/3,C,9400,0.0401163
RE-3/3/4,A,9400,0.0402099
RE-3/3/4,B,9400,0.0571475
RE-3/3/4,C,9400,0.0440388
RE-3/3/5,A,9400,0.0431002
RE-3/3/5,B,9400,0.0470104
RE-3/3/5,C,9400,0.0625874
RE-3/2/6,A,9400,0.0535856
RE-3/2/6,B,9400,0.0573334
RE-3/2/6,C,9400,0.052697
RE-3/2/7,A,9400,0.0635381
RE-3/2/7,B,9400,0.0764074
RE-3/2/7,C,9400,0.0776343
RE-3/2/8,A,9400,0.50919
RE-3/2/8,B,9400,0.0888332
RE-3/2/8,C,9400,0.059512
RE-3/3/6,A,9400,0.0552545
RE-3/3/6,B,9400,0.0722295
RE-3/3/6,C,9400,0.0661536
RE-3/3/7,A,9400,0.0343169
RE-3/3/7,B,9400,0.0637298
RE-3/3/7,C,9400,0.0439335
RE-3/3/8,A,9400,0.0483188
RE-3/3/8,B,9400,0.0799428
RE-3/3/8,C,9400,0.0532507
RE-3/2/27,A,9400,0.0653806
RE-3/2/27,B,9400,0.0656452
RE-3/2/27,C,9400,0.0421565
RE-3/2/28,A,9400,0.0280019
RE-3/2/28,B,9400,0.032084
RE-3/2/28,C,9400,0.0297507
RE-3/2/29,A,9400,0.0479191
RE-3/2/29,B,9400,0.0582089
RE-3/2/29,C,9400,0.0443535
RE-3/3/27,A,9400,0.0354608
RE-3/3/27,B,9400,0.0801758
RE-3/3/27,C,9400,0.0783232
RE-3/3/29,A,9400,0.0322839
RE-3/3/29,B,9400,0.0670844
RE-3/3/29,C,9400,0.0554231
RE-3/2/30,A,9400,0.0292077
RE-3/2/30,B,9400,0.0402556
RE-3/2/30,C,9400,0.0404651
RE-3/2/31,A,9400,0.0271183
RE-3/2/31,B,9400,0.0539839
RE-3/2/31,C,9400,0.0403472
RE-3/2/32,A,9400,0.0185941
RE-3/2/32,B,9400,0.0288561
RE-3/2/32,C,9400,0.0198156
RE-3/3/30,A,9400,0.0417246
RE-3/3/30,B,9400,0.0668607
RE-3/3/30,C,9400,0.0341767
RE-3/3/31,A,9400,0.0889096
RE-3/3/31,B,9400,0.120016
RE-3/3/31,C,9400,0.19439
RE-3/3/32,A,9400,0.040107
RE-3/3/32,B,9400,0.0458939
RE-3/3/32,C,9400,0.032324
RE+1/3/25,A,9400,0.000149957
RE+1/3/25,B,9400,8.33146e-06
RE+1/3/25,C,9400,7.60144e-05
RE+1/2/9,A,9400,0.0444767
RE+1/2/9,B,9400,0.0580177
RE+1/2/9,C,9400,0.0312657
RE+1/2/10,A,9400,0.784846
RE+1/2/10,B,9400,0.472094
RE+1/2/10,C,9400,0.15541
RE+1/2/11,A,9400,0.31349
RE+1/2/11,B,9400,0.602032
RE+1/2/11,C,9400,0.155355
RE+1/3/9,A,9400,0.167834
RE+1/3/9,B,9400,0.106908
RE+1/3/9,C,9400,0.111476
RE+1/3/10,A,9400,0.0388963
RE+1/3/10,B,9400,0.0408422
RE+1/3/10,C,9400,0.0269743
RE+1/3/11,A,9400,0.148084
RE+1/3/11,B,9400,0.105499
RE+1/3/11,C,9400,0.0507736
RE+2/2/11,A,9400,0.207597
RE+2/2/11,B,9400,0.133086
RE+2/2/11,C,9400,0.241037
RE+2/2/12,A,9400,0.0963563
RE+2/2/12,B,9400,0.0611655
RE+2/2/12,C,9400,0.0533439
RE+2/2/13,A,9400,0.0876256
RE+2/2/13,B,9400,0.0905791
RE+2/2/13,C,9400,0.15298
RE+2/3/11,A,9400,0.0335405
RE+2/3/11,B,9400,0.0739373
RE+2/3/11,C,9400,0.0994373
RE+2/3/12,A,9400,0.0831711
RE+2/3/12,B,9400,0.0513285
RE+2/3/12,C,9400,0.066425
RE+2/3/13,A,9400,0.412791
RE+2/3/13,B,9400,0.0980353
RE+2/3/13,C,9400,0.0675788
RE+1/2/12,A,9400,0.200714
RE+1/2/12,B,9400,0.241055
RE+1/2/12,C,9400,0.293608
RE+1/2/13,A,9400,0.0685602
RE+1/2/13,B,9400,0.0918915
RE+1/2/13,C,9400,0.0570629
RE+1/2/14,A,9400,0.270613
RE+1/2/14,B,9400,0.45337
RE+1/2/14,C,9400,0.33112
RE+1/3/12,A,9400,0.0614188
RE+1/3/12,B,9400,0.0832519
RE+1/3/12,C,9400,0.0597114
RE+1/3/13,A,9400,0.195709
RE+1/3/13,B,9400,0.162196
RE+1/3/13,C,9400,0.118245
RE+1/3/14,A,9400,0.0579688
RE+1/3/14,B,9400,0.0573682
RE+1/3/14,C,9400,0.0358884
RE+2/2/14,A,9400,0.088169
RE+2/2/14,B,9400,0.180921
RE+2/2/14,C,9400,0.157575
RE+2/2/15,A,9400,0.0637295
RE+2/2/15,B,9400,0.0684649
RE+2/2/15,C,9400,0.0831006
RE+2/2/16,A,9400,0.0892277
RE+2/2/16,B,9400,0.102822
RE+2/2/16,C,9400,0.147512
RE+2/3/14,A,9400,1.23749
RE+2/3/14,B,9400,0.2039
RE+2/3/14,C,9400,0.0721868
RE+2/3/15,A,9400,0.111032
RE+2/3/15,B,9400,0.0748688
RE+2/3/15,C,9400,0.0895405
RE+2/3/16,A,9400,0.177245
RE+2/3/16,B,9400,0.0671932
RE+2/3/16,C,9400,0.0785311
RE+1/2/15,A,9400,0.211526
RE+1/2/15,B,9400,0.300459
RE+1/2/15,C,9400,0.249527
RE+1/2/16,A,9400,0.68753
RE+1/2/16,B,9400,0.737499
RE+1/2/16,C,9400,0.351527
RE+1/2/17,A,9400,0.557754
RE+1/2/17,B,9400,0.476686
RE+1/2/17,C,9400,0.437474
RE+1/3/15,A,9400,0.0963204
RE+1/3/15,B,9400,0.111038
RE+1/3/15,C,9400,0.0749484
RE+1/3/16,A,9400,0.0803402
RE+1/3/16,B,9400,0.0782219
RE+1/3/16,C,9400,0.0575815
RE+1/3/17,A,9400,0.136016
RE+1/3/17,B,9400,0.153453
RE+1/3/17,C,9400,0.0832255
RE+2/2/17,A,9400,0.225862
RE+2/2/17,B,9400,0.225358
RE+2/2/17,C,9400,0.0839371
RE+2/2/18,A,9400,0.0966914
RE+2/2/18,B,9400,0.12159
RE+2/2/18,C,9400,0.107214
RE+2/2/19,A,9400,0.09642
RE+2/2/19,B,9400,0.0911564
RE+2/2/19,C,9400,0.0944117
RE+2/3/17,A,9400,1.06659
RE+2/3/17,B,9400,0.275458
RE+2/3/17,C,9400,0.565582
RE+2/3/18,A,9400,0.212353
RE+2/3/18,B,9400,0.133005
RE+2/3/18,C,9400,0.0875763
RE+2/3/19,A,9400,0.0761222
RE+2/3/19,B,9400,0.125223
RE+2/3/19,C,9400,0.0900128
RE+1/2/18,A,9400,0.149672
RE+1/2/18,B,9400,0.0505901
RE+1/2/18,C,9400,0.0403695
RE+1/2/19,A,9400,0.119325
RE+1/2/19,B,9400,0.22047
RE+1/2/19,C,9400,0.121759
RE+1/2/20,A,9400,0.070231
RE+1/2/20,B,9400,0.111413
RE+1/2/20,C,9400,0.050246
RE+1/3/18,A,9400,0.229477
RE+1/3/18,B,9400,0.0964595
RE+1/3/18,C,9400,0.0749353
RE+1/3/19,A,9400,0.136056
RE+1/3/19,B,9400,0.118352
RE+1/3/19,C,9400,0.085801
RE+1/3/20,A,9400,0.258795
RE+1/3/20,B,9400,0.189939
RE+1/3/20,C,9400,0.1205
RE+2/2/20,A,9400,0.0807106
RE+2/2/20,B,9400,0.125054
RE+2/2/20,C,9400,0.120464
RE+2/2/21,A,9400,0.0671184
RE+2/2/21,B,9400,0.0828774
RE+2/2/21,C,9400,0.0611526
RE+2/2/22,A,9400,0.0746264
RE+2/2/22,B,9400,0.106706
RE+2/2/22,C,9400,0.154436
RE+2/3/20,A,9400,0.151034
RE+2/3/20,B,9400,0.181148
RE+2/3/20,C,9400,0.1292
RE+2/3/21,A,9400,1.04031
RE+2/3/21,B,9400,0.596424
RE+2/3/21,C,9400,0.115723
RE+2/3/22,A,9400,0.128321
RE+2/3/22,B,9400,0.0359857
RE+2/3/22,C,9400,0.0605592
RE+1/2/21,A,9400,0.206674
RE+1/2/21,B,9400,0.246968
RE+1/2/21,C,9400,0.19111
RE+1/2/22,A,9400,0.279892
RE+1/2/22,B,9400,0.479153
RE+1/2/22,C,9400,0.125236
RE+1/2/23,A,9400,0.543405
RE+1/2/23,B,9400,0.520715
RE+1/2/23,C,9400,0.327598
RE+1/3/21,A,9400,0.384643
RE+1/3/21,B,9400,0.260605
RE+1/3/21,C,9400,0.0819206
RE+1/3/22,A,9400,0.0320216
RE+1/3/22,B,9400,0.0299001
RE+1/3/22,C,9400,0.0204923
RE+1/3/23,A,9400,0.128503
RE+1/3/23,B,9400,0.107403
RE+1/3/23,C,9400,0.0960668
RE+2/2/23,A,9400,0.0252996
RE+2/2/23,B,9400,0.0260965
RE+2/2/23,C,9400,0.0185124
RE+2/2/24,A,9400,0.0921051
RE+2/2/24,B,9400,0.131249
RE+2/2/24,C,9400,0.118024
RE+2/2/25,A,9400,0.0874183
RE+2/2/25,B,9400,0.089278
RE+2/2/25,C,9400,0.0935413
RE+2/3/23,A,9400,0.0534624
RE+2/3/23,B,9400,0.0655535
RE+2/3/23,C,9400,0.121989
RE+2/3/24,A,9400,0.488537
RE+2/3/24,B,9400,0.06077
RE+2/3/24,C,9400,0.146508
RE+2/3/25,A,9400,0.30569
RE+2/3/25,B,9400,0.0566692
RE+2/3/25,C,9400,0.0519755
RE+1/2/24,A,9400,0.0466934
RE+1/2/24,B,9400,0.0486549
RE+1/2/24,C,9400,0.0406856
RE+1/2/25,A,9400,0.310098
RE+1/2/25,B,9400,0.548581
RE+1/2/25,C,9400,0.400425
RE+1/2/26,A,9400,0.0315854
RE+1/2/26,B,9400,0.0403763
RE+1/2/26,C,9400,0.0521763
RE+1/3/24,A,9400,0.160797
RE+1/3/24,B,9400,0.0655474
RE+1/3/24,C,9400,0.0488113
RE+1/3/26,A,9400,0.266237
RE+1/3/26,B,9400,0.132275
RE+1/3/26,C,9400,0.176951
RE+2/2/26,A,9400,0.0619953
RE+2/2/26,B,9400,0.145491
RE+2/2/26,C,9400,0.171576
RE+2/2/27,A,9400,0.0412649
RE+2/2/27,B,9400,0.0286081
RE+2/2/27,C,9400,0.0246449
RE+2/2/28,A,9400,0.153028
RE+2/2/28,B,9400,0.0908348
RE+2/2/28,C,9400,0.0830837
RE+2/3/26,A,9400,0.257005
RE+2/3/26,B,9400,0.409143
RE+2/3/26,C,9400,0.120678
RE+2/3/27,A,9400,0.821785
RE+2/3/27,B,9400,0.766602
RE+2/3/27,C,9400,0.0549988
RE+2/3/28,A,9400,0.156513
RE+2/3/28,B,9400,0.0718057
RE+2/3/28,C,9400,0.0620717
RE+1/2/33,A,9400,0.0343853
RE+1/2/33,B,9400,0.116675
RE+1/2/33,C,9400,0.0413957
RE+1/2/36,A,9400,0.145139
RE+1/2/36,B,9400,0.161694
RE+1/2/36,C,9400,0.0775325
RE+1/2/1,A,9400,0.0775154
RE+1/2/1,B,9400,0.0568158
RE+1/2/1,C,9400,0.221559
RE+1/2/2,A,9400,0.0442272
RE+1/2/2,B,9400,0.118845
RE+1/2/2,C,9400,0.0784299
RE+1/3/36,A,9400,0.151822
RE+1/3/36,B,9400,0.12405
RE+1/3/36,C,9400,0.062327
RE+1/3/1,A,9400,0.323828
RE+1/3/1,B,9400,0.112367
RE+1/3/1,C,9400,0.0975474
RE+1/3/2,A,9400,0.155632
RE+1/3/2,B,9400,0.108986
RE+1/3/2,C,9400,0.109038
RE+2/2/2,A,9400,0.0799967
RE+2/2/2,B,9400,0.114737
RE+2/2/2,C,9400,0.145169
RE+2/2/3,A,9400,0.0732642
RE+2/2/3,B,9400,0.270837
RE+2/2/3,C,9400,5.69955
RE+2/2/4,A,9400,0.108131
RE+2/2/4,B,9400,0.0906342
RE+2/2/4,C,9400,0.166901
RE+2/3/2,A,9400,0.0815365
RE+2/3/2,B,9400,0.059189
RE+2/3/2,C,9400,0.0861044
RE+2/3/3,A,9400,0.117831
RE+2/3/3,B,9400,0.0811238
RE+2/3/3,C,9400,0.102379
RE+2/3/4,A,9400,0.0680561
RE+2/3/4,B,9400,0.0560446
RE+2/3/4,C,9400,0.0609771
RE+1/2/3,A,9400,0.0669139
RE+1/2/3,B,9400,0.119474
RE+1/2/3,C,9400,0.0619272
RE+1/2/4,A,9400,0.474589
RE+1/2/4,B,9400,0.676075
RE+1/2/4,C,9400,0.213271
RE+1/2/5,A,9400,0.156121
RE+1/2/5,B,9400,0.116025
RE+1/2/5,C,9400,0.0554828
RE+1/3/3,A,9400,0.0960172
RE+1/3/3,B,9400,0.0995825
RE+1/3/3,C,9400,0.0649403
RE+1/3/4,A,9400,0.123628
RE+1/3/4,B,9400,0.0869981
RE+1/3/4,C,9400,0.0613206
RE+1/3/5,A,9400,0.321661
RE+1/3/5,B,9400,0.205075
RE+1/3/5,C,9400,0.126064
RE+2/2/5,A,9400,0.128049
RE+2/2/5,B,9400,0.0872109
RE+2/2/5,C,9400,0.0986079
RE+2/2/6,A,9400,0.0937295
RE+2/2/6,B,9400,0.139551
RE+2/2/6,C,9400,0.122876
RE+2/2/7,A,9400,0.117634
RE+2/2/7,B,9400,0.127854
RE+2/2/7,C,9400,0.0892675
RE+2/3/5,A,9400,0.509359
RE+2/3/5,B,9400,0.190546
RE+2/3/5,C,9400,0.0907091
RE+2/3/6,A,9400,0.105606
RE+2/3/6,B,9400,0.0534683
RE+2/3/6,C,9400,0.0539156
RE+2/3/7,A,9400,0.0963264
RE+2/3/7,B,9400,0.0963905
RE+2/3/7,C,9400,0.104758
RE+1/1/3,E,9400,0
RE+1/1/3,F,9400,0
RE+1/1/3,A,9400,0.019888
RE+1/1/3,B,9400,0.0495358
RE+1/1/3,C,9400,0.0321982
RE+1/1/3,D,9400,0.321693
RE+1/1/4,E,9400,0
RE+1/1/4,F,9400,0
RE+1/1/4,A,9400,0.0386607
RE+1/1/4,B,9400,0.0204
RE+1/1/4,C,9400,0.0432317
RE+1/1/4,D,9400,0.0221506
RE+1/2/6,A,9400,0.301547
RE+1/2/6,B,9400,0.439911
RE+1/2/6,C,9400,0.356919
RE+1/2/7,A,9400,0.144214
RE+1/2/7,B,9400,0.273992
RE+1/2/7,C,9400,0.0317498
RE+1/2/8,A,9400,0.0476092
RE+1/2/8,B,9400,0.0338522
RE+1/2/8,C,9400,0.0491578
RE+1/3/6,A,9400,0.112694
RE+1/3/6,B,9400,0.0881063
RE+1/3/6,C,9400,0.0642167
RE+1/3/7,A,9400,0.211537
RE+1/3/7,B,9400,0.138654
RE+1/3/7,C,9400,0.104033
RE+1/3/8,A,9400,0.220244
RE+1/3/8,B,9400,0.156752
RE+1/3/8,C,9400,0.0920532
RE+1/1/1,E,9400,0
RE+1/1/1,F,9400,0
RE+1/1/1,A,9400,0.0345349
RE+1/1/1,B,9400,0.0139544
RE+1/1/1,C,9400,0.0171295
RE+1/1/1,D,9400,0.0101887
RE+1/1/2,E,9400,0
RE+1/1/2,F,9400,0
RE+1/1/2,A,9400,0.0675693
RE+1/1/2,B,9400,0.0150892
RE+1/1/2,C,9400,0.0306577
RE+1/1/2,D,9400,0.010999
RE+2/2/8,A,9400,0.120898
RE+2/2/8,B,9400,0.108888
RE+2/2/8,C,9400,0.110101
RE+2/2/9,A,9400,0.118917
RE+2/2/9,B,9400,0.186565
RE+2/2/9,C,9400,0.191139
RE+2/2/10,A,9400,0.116516
RE+2/2/10,B,9400,0.131505
RE+2/2/10,C,9400,0.125468
RE+2/3/8,A,9400,0.156542
RE+2/3/8,B,9400,0.163464
RE+2/3/8,C,9400,0.156801
RE+2/3/9,A,9400,0.0716895
RE+2/3/9,B,9400,0.136097
RE+2/3/9,C,9400,0.214488
RE+2/3/10,A,9400,0.163009
RE+2/3/10,B,9400,0.124504
RE+2/3/10,C,9400,0.119377
RE+1/2/27,A,9400,0.350151
RE+1/2/27,B,9400,0.609967
RE+1/2/27,C,9400,0.752737
RE+1/2/28,A,9400,0.142231
RE+1/2/28,B,9400,0.166154
RE+1/2/28,C,9400,0.0685621
RE+1/2/29,A,9400,0.20226
RE+1/2/29,B,9400,0
RE+1/2/29,C,9400,0.208722
RE+1/3/27,A,9400,0.134246
RE+1/3/27,B,9400,0.0849123
RE+1/3/27,C,9400,0.129844
RE+1/3/28,A,9400,0.0894144
RE+1/3/28,B,9400,0.0871359
RE+1/3/28,C,9400,0.0345274
RE+1/3/29,A,9400,0.126954
RE+1/3/29,B,9400,0.0635157
RE+1/3/29,C,9400,0.0586913
RE+2/2/29,A,9400,0.129993
RE+2/2/29,B,9400,0.084495
RE+2/2/29,C,9400,0.0964173
RE+2/2/30,A,9400,0.11087
RE+2/2/30,B,9400,0.064532
RE+2/2/30,C,9400,0.0981432
RE+2/2/31,A,9400,0.0627704
RE+2/2/31,B,9400,0.0795384
RE+2/2/31,C,9400,0.144787
RE+2/3/29,A,9400,0.348281
RE+2/3/29,B,9400,0.44965
RE+2/3/29,C,9400,0.117595
RE+2/3/30,A,9400,1.1393
RE+2/3/30,B,9400,0.32533
RE+2/3/30,C,9400,0.0749399
RE+2/3/31,A,9400,0.207286
RE+2/3/31,B,9400,0.0586884
RE+2/3/31,C,9400,0.0503262
RE+1/2/30,A,9400,0.0386403
RE+1/2/30,B,9400,0.0380498
RE+1/2/30,C,9400,0.0189372
RE+1/2/31,A,9400,0.216635
RE+1/2/31,B,9400,0.947742
RE+1/2/31,C,9400,0.131608
RE+1/2/32,A,9400,0.0169208
RE+1/2/32,B,9400,0.0200785
RE+1/2/32,C,9400,0.0269951
RE+1/3/30,A,9400,0.0243303
RE+1/3/30,B,9400,0.0349519
RE+1/3/30,C,9400,0.0226075
RE+1/3/31,A,9400,0.056744
RE+1/3/31,B,9400,0.0809718
RE+1/3/31,C,9400,0.635186
RE+1/3/32,A,9400,0.411636
RE+1/3/32,B,9400,0.217392
RE+1/3/32,C,9400,0.0961431
RE+2/2/32,A,9400,0.117777
RE+2/2/32,B,9400,0.126261
RE+2/2/32,C,9400,0.246051
RE+2/2/33,A,9400,0.127061
RE+2/2/33,B,9400,0.0703913
RE+2/2/33,C,9400,0.105993
RE+2/2/34,A,9400,0.0917916
RE+2/2/34,B,9400,0.121303
RE+2/2/34,C,9400,0.0844901
RE+2/3/32,A,9400,0.299462
RE+2/3/32,B,9400,0.139191
RE+2/3/32,C,9400,0.108213
RE+2/3/33,A,9400,0.0594567
RE+2/3/33,B,9400,0.0705538
RE+2/3/33,C,9400,0.21231
RE+2/3/34,A,9400,0.0912053
RE+2/3/34,B,9400,0.0623403
RE+2/3/34,C,9400,0.0671558
RE+1/2/34,A,9400,0.313279
RE+1/2/34,B,9400,0.585103
RE+1/2/34,C,9400,0.208937
RE+1/2/35,A,9400,0
RE+1/2/35,B,9400,0.012652
RE+1/2/35,C,9400,0
RE+1/3/33,A,9400,0.361154
RE+1/3/33,B,9400,0.0736846
RE+1/3/33,C,9400,0.0271403
RE+1/3/34,A,9400,0.0823447
RE+1/3/34,B,9400,0.0869875
RE+1/3/34,C,9400,0.0583962
RE+1/3/35,A,9400,0.0705344
RE+1/3/35,B,9400,0.0542992
RE+1/3/35,C,9400,0.0609329
RE+2/2/35,A,9400,0.125151
RE+2/2/35,B,9400,0.125107
RE+2/2/35,C,9400,0.178718
RE+2/2/36,A,9400,0.0269212
RE+2/2/36,B,9400,0.0169265
RE+2/2/36,C,9400,0.0148792
RE+2/2/1,A,9400,0.104222
RE+2/2/1,B,9400,0.112378
RE+2/2/1,C,9400,0.0482019
RE+2/3/35,A,9400,0.124866
RE+2/3/35,B,9400,0.0719983
RE+2/3/35,C,9400,0.0499818
RE+2/3/36,A,9400,0.0937929
RE+2/3/36,B,9400,0.100162
RE+2/3/36,C,9400,0.0901782
RE+2/3/1,A,9400,0.0607214
RE+2/3/1,B,9400,0.0432175
RE+2/3/1,C,9400,0.0556866
RE+3/3/22,A,9400,0.222359
RE+3/3/22,B,9400,0.196484
RE+3/3/22,C,9400,0.129272
RE+4/2/9,A,9400,0.249386
RE+4/2/9,B,9400,0.0441215
RE+4/2/9,C,9400,0.0243011
RE+4/2/10,A,9400,0.0602483
RE+4/2/10,B,9400,0.774369
RE+4/2/10,C,9400,0.0308405
RE+4/2/11,A,9400,0.0515426
RE+4/2/11,B,9400,0.0915789
RE+4/2/11,C,9400,0.0518089
RE+4/3/9,A,9400,0.0420462
RE+4/3/9,B,9400,0.0388901
RE+4/3/9,C,9400,0.031296
RE+4/3/10,A,9400,0.0354647
RE+4/3/10,B,9400,0.0415365
RE+4/3/10,C,9400,0.144221
RE+4/3/11,A,9400,0.269695
RE+4/3/11,B,9400,0.486095
RE+4/3/11,C,9400,0.795533
RE+4/2/12,A,9400,0.0261495
RE+4/2/12,B,9400,0.0522468
RE+4/2/12,C,9400,0.0288732
RE+4/2/13,A,9400,0.0981886
RE+4/2/13,B,9400,0.119209
RE+4/2/13,C,9400,0.0654713
RE+4/2/14,A,9400,0.0848812
RE+4/2/14,B,9400,0.0624188
RE+4/2/14,C,9400,0.037656
RE+4/3/12,A,9400,0.0391581
RE+4/3/12,B,9400,0.0350545
RE+4/3/12,C,9400,0.0319057
RE+4/3/13,A,9400,0.0300003
RE+4/3/13,B,9400,0.0327092
RE+4/3/13,C,9400,0.239389
RE+4/3/14,A,9400,0.0197538
RE+4/3/14,B,9400,0.0190266
RE+4/3/14,C,9400,0.0192427
RE+4/2/15,A,9400,0.0729492
RE+4/2/15,B,9400,0.0924981
RE+4/2/15,C,9400,0.0723969
RE+4/2/16,A,9400,0.0562619
RE+4/2/16,B,9400,0.0355609
RE+4/2/16,C,9400,0.0373833
RE+4/2/17,A,9400,0.405263
RE+4/2/17,B,9400,1.88468
RE+4/2/17,C,9400,2.85886
RE+4/3/15,A,9400,0.0475659
RE+4/3/15,B,9400,0.0189687
RE+4/3/15,C,9400,0.0367795
RE+4/3/16,A,9400,0.0294122
RE+4/3/16,B,9400,0.0303042
RE+4/3/16,C,9400,0.066527
RE+4/3/17,A,9400,0.0533785
RE+4/3/17,B,9400,0.0378745
RE+4/3/17,C,9400,0.0672199
RE+4/2/18,A,9400,0.0524509
RE+4/2/18,B,9400,0.0285347
RE+4/2/18,C,9400,0.0221177
RE+4/2/19,A,9400,0.11511
RE+4/2/19,B,9400,0.0655575
RE+4/2/19,C,9400,0.0414514
RE+4/2/20,A,9400,0.0437801
RE+4/2/20,B,9400,0.0755865
RE+4/2/20,C,9400,0.0438658
RE+4/3/18,A,9400,0.0257495
RE+4/3/18,B,9400,0.0288156
RE+4/3/18,C,9400,0.0251548
RE+4/3/19,A,9400,0.0129343
RE+4/3/19,B,9400,0.0240159
RE+4/3/19,C,9400,0.0385671
RE+4/3/20,A,9400,0.0476418
RE+4/3/20,B,9400,0.0169481
RE+4/3/20,C,9400,0.0318776
RE+4/2/21,A,9400,0.0420199
RE+4/2/21,B,9400,0.184588
RE+4/2/21,C,9400,0.115905
RE+4/2/22,A,9400,0.0916991
RE+4/2/22,B,9400,0.0732518
RE+4/2/22,C,9400,0.0285473
RE+4/2/23,A,9400,0.0457659
RE+4/2/23,B,9400,0.0722338
RE+4/2/23,C,9400,0.216079
RE+4/3/21,A,9400,0.0343635
RE+4/3/21,B,9400,0.0724508
RE+4/3/21,C,9400,0.0285254
RE+4/3/22,A,9400,3.27985
RE+4/3/22,B,9400,0.373431
RE+4/3/22,C,9400,0.0579864
RE+4/3/23,A,9400,2.90706
RE+4/3/23,B,9400,0.0208841
RE+4/3/23,C,9400,0.0305496
RE+4/2/24,A,9400,0.853318
RE+4/2/24,B,9400,0.338883
RE+4/2/24,C,9400,1.48545
RE+4/2/25,A,9400,0.299681
RE+4/2/25,B,9400,0.739077
RE+4/2/25,C,9400,0.20282
RE+4/2/26,A,9400,0.0474062
RE+4/2/26,B,9400,0.135478
RE+4/2/26,C,9400,5.50596
RE+4/3/24,A,9400,0.316493
RE+4/3/24,B,9400,0.0262764
RE+4/3/24,C,9400,0.0255584
RE+4/3/25,A,9400,0.157053
RE+4/3/25,B,9400,0.0191778
RE+4/3/25,C,9400,0.0291043
RE+4/3/26,A,9400,0.046694
RE+4/3/26,B,9400,0.0674387
RE+4/3/26,C,9400,0.0866372
RE+3/2/9,A,9400,0.106627
RE+3/2/9,B,9400,0.131249
RE+3/2/9,C,9400,0.130115
RE+3/2/10,A,9400,0.263867
RE+3/2/10,B,9400,0.285532
RE+3/2/10,C,9400,0.142399
RE+3/2/11,A,9400,0.116326
RE+3/2/11,B,9400,0.18195
RE+3/2/11,C,9400,0.154965
RE+3/3/9,A,9400,0.175789
RE+3/3/9,B,9400,0.205476
RE+3/3/9,C,9400,0.179388
RE+3/3/10,A,9400,0.172432
RE+3/3/10,B,9400,0.155241
RE+3/3/10,C,9400,0.120305
RE+3/3/11,A,9400,0.197289
RE+3/3/11,B,9400,0.348839
RE+3/3/11,C,9400,0.279756
RE+3/2/12,A,9400,0.0988883
RE+3/2/12,B,9400,0.0820283
RE+3/2/12,C,9400,0.117834
RE+3/2/13,A,9400,0.0854415
RE+3/2/13,B,9400,0.128356
RE+3/2/13,C,9400,0.0890826
RE+3/2/14,A,9400,0.0850742
RE+3/2/14,B,9400,0.10956
RE+3/2/14,C,9400,0.0724874
RE+3/3/12,A,9400,0.297847
RE+3/3/12,B,9400,0.145865
RE+3/3/12,C,9400,0.148383
RE+3/3/13,A,9400,0.23985
RE+3/3/13,B,9400,0.142495
RE+3/3/13,C,9400,0.152483
RE+3/3/14,A,9400,0.101952
RE+3/3/14,B,9400,0.152658
RE+3/3/14,C,9400,0.12845
RE+3/2/15,A,9400,0.0908783
RE+3/2/15,B,9400,0.112389
RE+3/2/15,C,9400,0.103315
RE+3/2/16,A,9400,0.0828881
RE+3/2/16,B,9400,0.115699
RE+3/2/16,C,9400,0.10607
RE+3/2/17,A,9400,0.0958875
RE+3/2/17,B,9400,0.14659
RE+3/2/17,C,9400,0.0980246
RE+3/3/15,A,9400,0.0966154
RE+3/3/15,B,9400,0.156879
RE+3/3/15,C,9400,0.139778
RE+3/3/16,A,9400,0.144622
RE+3/3/16,B,9400,0.106129
RE+3/3/16,C,9400,0.146822
RE+3/3/17,A,9400,0.165117
RE+3/3/17,B,9400,0.166009
RE+3/3/17,C,9400,0.150645
RE+3/2/18,A,9400,0.0756651
RE+3/2/18,B,9400,0.0634771
RE+3/2/18,C,9400,0.0905174
RE+3/2/19,A,9400,0.142381
RE+3/2/19,B,9400,0.111038
RE+3/2/19,C,9400,0.102325
RE+3/2/20,A,9400,0.369034
RE+3/2/20,B,9400,0.139217
RE+3/2/20,C,9400,0.09627
RE+3/3/18,A,9400,0.0676335
RE+3/3/18,B,9400,0.0473603
RE+3/3/18,C,9400,0.0508791
RE+3/3/19,A,9400,0.0741063
RE+3/3/19,B,9400,0.0843589
RE+3/3/19,C,9400,0.449379
RE+3/3/20,A,9400,0.11829
RE+3/3/20,B,9400,0.125025
RE+3/3/20,C,9400,0.0977726
RE+3/2/21,A,9400,0.116771
RE+3/2/21,B,9400,0.126474
RE+3/2/21,C,9400,0.167845
RE+3/2/22,A,9400,0.0855442
RE+3/2/22,B,9400,0.117562
RE+3/2/22,C,9400,0.111652
RE+3/2/23,A,9400,0.125307
RE+3/2/23,B,9400,0.175107
RE+3/2/23,C,9400,0.111872
RE+3/3/21,A,9400,0.155278
RE+3/3/21,B,9400,0.125187
RE+3/3/21,C,9400,0.141452
RE+3/3/23,A,9400,0.12924
RE+3/3/23,B,9400,0.15042
RE+3/3/23,C,9400,0.129775
RE+3/2/24,A,9400,0.0958981
RE+3/2/24,B,9400,0.170503
RE+3/2/24,C,9400,0.124798
RE+3/2/25,A,9400,0.128906
RE+3/2/25,B,9400,0.2014
RE+3/2/25,C,9400,0.140774
RE+3/2/26,A,9400,0.264294
RE+3/2/26,B,9400,0.257973
RE+3/2/26,C,9400,0.1329
RE+3/3/24,A,9400,0.0440461
RE+3/3/24,B,9400,0.0552502
RE+3/3/24,C,9400,0.123306
RE+3/3/25,A,9400,0.126274
RE+3/3/25,B,9400,0.123496
RE+3/3/25,C,9400,0.175285
RE+3/3/26,A,9400,0.18226
RE+3/3/26,B,9400,0.218832
RE+3/3/26,C,9400,0.187367
RE+3/3/28,A,9400,0.321153
RE+3/3/28,B,9400,0.334115
RE+3/3/28,C,9400,0.115629
RE+4/2/33,A,9400,0.0282028
RE+4/2/33,B,9400,0.0426278
RE+4/2/33,C,9400,0.0281615
RE+4/2/34,A,9400,0.18404
RE+4/2/34,B,9400,0.0883527
RE+4/2/34,C,9400,0.0577297
RE+4/2/35,A,9400,0.0446482
RE+4/2/35,B,9400,0.0421592
RE+4/2/35,C,9400,0.0315217
RE+4/3/33,A,9400,0.117612
RE+4/3/33,B,9400,0.0627385
RE+4/3/33,C,9400,0.772965
RE+4/3/34,A,9400,0.0407108
RE+4/3/34,B,9400,0.0394498
RE+4/3/34,C,9400,0.0582956
RE+4/3/35,A,9400,0.02106
RE+4/3/35,B,9400,0.553635
RE+4/3/35,C,9400,0.0156939
RE+4/2/36,A,9400,0.0488138
RE+4/2/36,B,9400,0.0413529
RE+4/2/36,C,9400,0.0433414
RE+4/2/1,A,9400,0.0460368
RE+4/2/1,B,9400,0.0508955
RE+4/2/1,C,9400,0.257495
RE+4/2/2,A,9400,0.0356571
RE+4/2/2,B,9400,0.0437759
RE+4/2/2,C,9400,0.0328275
RE+4/3/36,A,9400,0.0296105
RE+4/3/36,B,9400,0.026017
RE+4/3/36,C,9400,0.0249893
RE+4/3/1,A,9400,0.0181407
RE+4/3/1,B,9400,0.0229486
RE+4/3/1,C,9400,0.0414198
RE+4/3/2,A,9400,11.4416
RE+4/3/2,B,9400,0.0227529
RE+4/3/2,C,9400,0.0213826
RE+4/2/3,A,9400,0.0512016
RE+4/2/3,B,9400,0.0409512
RE+4/2/3,C,9400,0.042882
RE+4/2/4,A,9400,0.0363893
RE+4/2/4,B,9400,0.0329187
RE+4/2/4,C,9400,0.0223248
RE+4/2/5,A,9400,0.709474
RE+4/2/5,B,9400,0.244586
RE+4/2/5,C,9400,0.133318
RE+4/3/3,A,9400,0.0677383
RE+4/3/3,B,9400,0.033532
RE+4/3/3,C,9400,0.0301659
RE+4/3/4,A,9400,0.0417027
RE+4/3/4,B,9400,0.0251863
RE+4/3/4,C,9400,0.024916
RE+4/3/5,A,9400,0.0512379
RE+4/3/5,B,9400,0.0296778
RE+4/3/5,C,9400,0.0367812
RE+4/2/6,A,9400,0.0371166
RE+4/2/6,B,9400,0.0412678
RE+4/2/6,C,9400,0.023392
RE+4/2/7,A,9400,0.0658724
RE+4/2/7,B,9400,0.0787163
RE+4/2/7,C,9400,0.0309935
RE+4/2/8,A,9400,6.81706
RE+4/2/8,B,9400,0.0787966
RE+4/2/8,C,9400,0.0844162
RE+4/3/6,A,9400,0.0241296
RE+4/3/6,B,9400,0.0286342
RE+4/3/6,C,9400,0.0266172
RE+4/3/7,A,9400,0.0890276
RE+4/3/7,B,9400,0.142983
RE+4/3/7,C,9400,0.0313994
RE+4/3/8,A,9400,0.0282826
RE+4/3/8,B,9400,0.0333421
RE+4/3/8,C,9400,0.0217667
RE+4/2/27,A,9400,0.0362047
RE+4/2/27,B,9400,0.264173
RE+4/2/27,C,9400,0.062784
RE+4/2/28,A,9400,0.0433283
RE+4/2/28,B,9400,0.0551788
RE+4/2/28,C,9400,0.466568
RE+4/2/29,A,9400,2.15177
RE+4/2/29,B,9400,0.0411733
RE+4/2/29,C,9400,0.837119
RE+4/3/27,A,9400,0.0304389
RE+4/3/27,B,9400,0.0312894
RE+4/3/27,C,9400,0.129156
RE+4/3/28,A,9400,0.399322
RE+4/3/28,B,9400,0.048097
RE+4/3/28,C,9400,0.0318394
RE+4/3/29,A,9400,0.0309258
RE+4/3/29,B,9400,0.045787
RE+4/3/29,C,9400,0.040244
RE+4/2/30,A,9400,0.0158513
RE+4/2/30,B,9400,0.0121773
RE+4/2/30,C,9400,0.0137044
RE+4/2/31,A,9400,0.0325746
RE+4/2/31,B,9400,3.77558
RE+4/2/31,C,9400,0.572193
RE+4/2/32,A,9400,0.0765313
RE+4/2/32,B,9400,0.0554128
RE+4/2/32,C,9400,0.0604724
RE+4/3/30,A,9400,2.98754
RE+4/3/30,B,9400,0.022085
RE+4/3/30,C,9400,0.0191649
RE+4/3/31,A,9400,0.0191504
RE+4/3/31,B,9400,0.0172785
RE+4/3/31,C,9400,0.0313778
RE+4/3/32,A,9400,0.027295
RE+4/3/32,B,9400,0.0269777
RE+4/3/32,C,9400,0.0255623
RE+3/2/3,A,9400,0.335496
RE+3/2/3,B,9400,0.61413
RE+3/2/3,C,9400,1.48568
RE+3/2/4,A,9400,0.0408273
RE+3/2/4,B,9400,0.0588554
RE+3/2/4,C,9400,0.0504828
RE+3/2/5,A,9400,0.0742171
RE+3/2/5,B,9400,0.129218
RE+3/2/5,C,9400,0.103588
RE+3/3/3,A,9400,0.197052
RE+3/3/3,B,9400,0.089577
RE+3/3/3,C,9400,0.0667503
RE+3/3/4,A,9400,0.132991
RE+3/3/4,B,9400,0.144694
RE+3/3/4,C,9400,0.11978
RE+3/3/5,A,9400,0.152129
RE+3/3/5,B,9400,0.128915
RE+3/3/5,C,9400,0.134344
RE+3/2/6,A,9400,0.177372
RE+3/2/6,B,9400,0.0862792
RE+3/2/6,C,9400,0.0893036
RE+3/2/7,A,9400,0.0772843
RE+3/2/7,B,9400,0.101609
RE+3/2/7,C,9400,0.128507
RE+3/2/8,A,9400,0.107873
RE+3/2/8,B,9400,0.127407
RE+3/2/8,C,9400,0.0809296
RE+3/3/6,A,9400,0.0858402
RE+3/3/6,B,9400,0.0532339
RE+3/3/6,C,9400,0.0729033
RE+3/3/7,A,9400,0.227878
RE+3/3/7,B,9400,0.195075
RE+3/3/7,C,9400,0.199518
RE+3/3/8,A,9400,0.145896
RE+3/3/8,B,9400,0.175211
RE+3/3/8,C,9400,0.14474
RE+3/2/33,A,9400,0.249011
RE+3/2/33,B,9400,0.264909
RE+3/2/33,C,9400,0.152518
RE+3/2/34,A,9400,0.0834688
RE+3/2/34,B,9400,0.145001
RE+3/2/34,C,9400,0.170302
RE+3/2/35,A,9400,0.119296
RE+3/2/35,B,9400,0.218572
RE+3/2/35,C,9400,0.132999
RE+3/3/33,A,9400,0.563748
RE+3/3/33,B,9400,0.281647
RE+3/3/33,C,9400,0.254808
RE+3/3/34,A,9400,0.0852127
RE+3/3/34,B,9400,0.0927836
RE+3/3/34,C,9400,0.128589
RE+3/3/35,A,9400,0.164796
RE+3/3/35,B,9400,0.171799
RE+3/3/35,C,9400,0.150121
RE+3/2/36,A,9400,0.0749178
RE+3/2/36,B,9400,0.132711
RE+3/2/36,C,9400,0.0832641
RE+3/2/1,A,9400,0.114108
RE+3/2/1,B,9400,0.193068
RE+3/2/1,C,9400,0.171575
RE+3/2/2,A,9400,0.095352
RE+3/2/2,B,9400,0.142668
RE+3/2/2,C,9400,0.133174
RE+3/3/36,A,9400,0.082223
RE+3/3/36,B,9400,0.0562735
RE+3/3/36,C,9400,0.0764462
RE+3/3/1,A,9400,0.224341
RE+3/3/1,B,9400,0.167043
RE+3/3/1,C,9400,0.1414
RE+3/3/2,A,9400,0.0985323
RE+3/3/2,B,9400,0.139547
RE+3/3/2,C,9400,0.158219
RE+3/2/27,A,9400,0.0818496
RE+3/2/27,B,9400,0.116762
RE+3/2/27,C,9400,0.0930883
RE+3/2/28,A,9400,0.10639
RE+3/2/28,B,9400,0.233468
RE+3/2/28,C,9400,0.13364
RE+3/2/29,A,9400,0.0814936
RE+3/2/29,B,9400,0.145789
RE+3/2/29,C,9400,0.133412
RE+3/3/27,A,9400,0.109871
RE+3/3/27,B,9400,0.11775
RE+3/3/27,C,9400,0.161591
RE+3/3/29,A,9400,0.127521
RE+3/3/29,B,9400,0.156078
RE+3/3/29,C,9400,0.138985
RE+3/2/30,A,9400,0.0949438
RE+3/2/30,B,9400,0.107717
RE+3/2/30,C,9400,0.0984608
RE+3/2/31,A,9400,0.631587
RE+3/2/31,B,9400,1.00634
RE+3/2/31,C,9400,1.51249
RE+3/2/32,A,9400,0.179225
RE+3/2/32,B,9400,0.24795
RE+3/2/32,C,9400,0.307261
RE+3/3/30,A,9400,0.179523
RE+3/3/30,B,9400,0.177201
RE+3/3/30,C,9400,0.115602
RE+3/3/31,A,9400,0.130798
RE+3/3/31,B,9400,0.104335
RE+3/3/31,C,9400,0.0813602
RE+3/3/32,A,9400,0.352508
RE+3/3/32,B,9400,0.266726
RE+3/3/32,C,9400,1.67478
