W+1/RB2out/8,Backward,9800,0.246822
W+1/RB4/4--,Forward,9800,0.0165287
W+1/RB4/4-,Forward,9800,0.00598251
W+1/RB4/4+,Forward,9800,0.0896454
W+1/RB4/4++,Forward,9800,0.000283902
W+1/RB3/4-,Forward,9800,0.0266431
W+1/RB3/4+,Forward,9800,0.0447959
W+1/RB4/4--,Backward,9800,0.189765
W+1/RB4/4-,Backward,9800,0.00941171
W+1/RB4/4+,Backward,9800,0.13733
W+1/RB4/4++,Backward,9800,0.000242338
W+1/RB3/4-,Backward,9800,0.0485665
W+1/RB3/4+,Backward,9800,0.0457687
W+1/RB2in/4,Forward,9800,0.0721656
W+1/RB2in/4,Central,9800,0.0836168
W+1/RB2in/4,Backward,9800,43.727
W+1/RB2out/4,Forward,9800,0.0610577
W+1/RB1out/4,Forward,9800,0.0798565
W+1/RB1in/4,Forward,9800,0.0654848
W+1/RB2out/4,Backward,9800,0.0456417
W+1/RB1out/4,Backward,9800,0.0297032
W+1/RB1in/4,Backward,9800,0.0813376
W+1/RB4/5-,Forward,9800,0.105797
W+1/RB4/5+,Forward,9800,0.187525
W+1/RB3/5-,Forward,9800,0.0867659
W+1/RB3/5+,Forward,9800,0.0497083
W+1/RB4/5-,Backward,9800,0.199078
W+1/RB4/5+,Backward,9800,0.196068
W+1/RB3/5-,Backward,9800,0.0915156
W+1/RB3/5+,Backward,9800,0.019387
W+1/RB2in/5,Forward,9800,0.689605
W+1/RB2in/5,Central,9800,0.196319
W+1/RB2in/5,Backward,9800,0.109129
W+1/RB2out/5,Forward,9800,0.0386043
W+1/RB1out/5,Forward,9800,0.331177
W+1/RB1in/5,Forward,9800,0.071399
W+1/RB2out/5,Backward,9800,0.0370472
W+1/RB1out/5,Backward,9800,0.208728
W+1/RB1in/5,Backward,9800,0.0274039
W+1/RB4/6-,Forward,9800,0.118708
W+1/RB4/6+,Forward,9800,0.108513
W+1/RB3/6-,Forward,9800,0.526265
W+1/RB3/6+,Forward,9800,0.107239
W+1/RB4/6-,Backward,9800,0.0804517
W+1/RB4/6+,Backward,9800,0.149069
W+1/RB3/6-,Backward,9800,0.427434
W+1/RB3/6+,Backward,9800,0.0757097
W+1/RB2in/6,Forward,9800,0.48383
W+1/RB2in/6,Central,9800,0.404772
W+1/RB2in/6,Backward,9800,0.253926
W+1/RB2out/6,Forward,9800,0.677111
W+1/RB1out/6,Forward,9800,0.079823
W+1/RB1in/6,Forward,9800,0.0745602
W+1/RB2out/6,Backward,9800,0.609513
W+1/RB1out/6,Backward,9800,0.0764593
W+1/RB1in/6,Backward,9800,0.0455714
W+1/RB4/7-,Forward,9800,0.102685
W+1/RB4/7+,Forward,9800,0.289117
W+1/RB3/7-,Forward,9800,0.217087
W+1/RB3/7+,Forward,9800,0.0780156
W+1/RB4/7-,Backward,9800,0.128787
W+1/RB4/7+,Backward,9800,0.149676
W+1/RB3/7-,Backward,9800,0.294533
W+1/RB3/7+,Backward,9800,0.0829382
W+1/RB2in/7,Forward,9800,0.130986
W+1/RB2in/7,Central,9800,0.126351
W+1/RB2in/7,Backward,9800,0.0765531
W+1/RB2out/7,Forward,9800,0.0515617
W+1/RB1out/7,Forward,9800,0.025888
W+1/RB1in/7,Forward,9800,0.200234
W+1/RB2out/7,Backward,9800,0.0262678
W+1/RB1out/7,Backward,9800,0.034306
W+1/RB1in/7,Backward,9800,0.11849
W+1/RB4/8-,Forward,9800,0.155228
W+1/RB4/8+,Forward,9800,0.102416
W+1/RB3/8-,Forward,9800,0.0886754
W+1/RB3/8+,Forward,9800,0.38735
W+1/RB4/8-,Backward,9800,0.284384
W+1/RB4/8+,Backward,9800,0.0982329
W+1/RB3/8-,Backward,9800,0.110136
W+1/RB3/8+,Backward,9800,0.548505
W+1/RB2in/8,Forward,9800,0.278927
W+1/RB2in/8,Central,9800,0.317163
W+1/RB2in/8,Backward,9800,0.137217
W+1/RB2out/8,Forward,9800,0.231719
W+1/RB1out/8,Forward,9800,0.161217
W+1/RB1in/8,Forward,9800,0.22636
W+1/RB1out/8,Backward,9800,0.254649
W+1/RB1in/8,Backward,9800,0.109285
W+1/RB4/9,Forward,9800,0.206406
W+1/RB3/9-,Forward,9800,0.0634336
W+1/RB3/9+,Forward,9800,0.125054
W+1/RB4/9,Backward,9800,0.261759
W+1/RB3/9-,Backward,9800,0.0870878
W+1/RB3/9+,Backward,9800,0.0655551
W+1/RB2in/9,Forward,9800,0.231794
W+1/RB2in/9,Central,9800,0.294581
W+1/RB2in/9,Backward,9800,0.235672
W+1/RB2out/9,Forward,9800,0.255935
W+1/RB1out/9,Forward,9800,0.0857541
W+1/RB1in/9,Forward,9800,0.295724
W+1/RB2out/9,Backward,9800,1.38573
W+1/RB1out/9,Backward,9800,0.0757925
W+1/RB1in/9,Backward,9800,0.157329
W+1/RB2out/11,Backward,9800,0.178489
W+1/RB4/1-,Forward,9800,0.0874578
W+1/RB4/1+,Forward,9800,0.265615
W+1/RB3/1-,Forward,9800,0.0936437
W+1/RB3/1+,Forward,9800,1.34216
W+1/RB4/1-,Backward,9800,0.151033
W+1/RB4/1+,Backward,9800,0.291905
W+1/RB3/1-,Backward,9800,0.231958
W+1/RB3/1+,Backward,9800,0.169538
W+1/RB2in/1,Forward,9800,0.279245
W+1/RB2in/1,Central,9800,0.648306
W+1/RB2in/1,Backward,9800,0.0399771
W+1/RB2out/1,Forward,9800,0.089633
W+1/RB1out/1,Forward,9800,0.0239132
W+1/RB1in/1,Forward,9800,0.00719245
W+1/RB2out/1,Backward,9800,0.0873163
W+1/RB1out/1,Backward,9800,0.0352069
W+1/RB1in/1,Backward,9800,0.00687443
W+1/RB4/2-,Forward,9800,0.0359151
W+1/RB4/2+,Forward,9800,0.0795651
W+1/RB3/2-,Forward,9800,0.395726
W+1/RB3/2+,Forward,9800,0.346656
W+1/RB4/2-,Backward,9800,0.0619948
W+1/RB4/2+,Backward,9800,0.112279
W+1/RB3/2-,Backward,9800,0.265889
W+1/RB3/2+,Backward,9800,0.850273
W+1/RB2in/2,Forward,9800,0.178774
W+1/RB2in/2,Central,9800,0.178152
W+1/RB2in/2,Backward,9800,0.121391
W+1/RB2out/2,Forward,9800,0.319193
W+1/RB1out/2,Forward,9800,0.19922
W+1/RB1in/2,Forward,9800,0.326406
W+1/RB2out/2,Backward,9800,0.352797
W+1/RB1out/2,Backward,9800,0.0621566
W+1/RB1in/2,Backward,9800,0.229041
W+1/RB4/3-,Forward,9800,0.0545019
W+1/RB4/3+,Forward,9800,0.214441
W+1/RB3/3-,Forward,9800,0.139337
W+1/RB3/3+,Forward,9800,0.0837996
W+1/RB4/3-,Backward,9800,0.0638857
W+1/RB4/3+,Backward,9800,0.179375
W+1/RB3/3-,Backward,9800,0.0666684
W+1/RB3/3+,Backward,9800,0.0675373
W+1/RB2in/3,Forward,9800,0.507585
W+1/RB2in/3,Central,9800,0.274362
W+1/RB2in/3,Backward,9800,0.195679
W+1/RB2out/3,Forward,9800,0.326436
W+1/RB1out/3,Forward,9800,0.287323
W+1/RB1in/3,Forward,9800,0.180536
W+1/RB2out/3,Backward,9800,0.194067
W+1/RB1out/3,Backward,9800,0.229989
W+1/RB1in/3,Backward,9800,0.0623328
W+1/RB4/10-,Forward,9800,0.197488
W+1/RB4/10+,Forward,9800,0.036341
W+1/RB3/10-,Forward,9800,0.226864
W+1/RB3/10+,Forward,9800,0.075684
W+1/RB4/10-,Backward,9800,0.143751
W+1/RB4/10+,Backward,9800,0.0327863
W+1/RB3/10-,Backward,9800,0.197485
W+1/RB3/10+,Backward,9800,0.101451
W+1/RB2in/10,Forward,9800,0.148814
W+1/RB2in/10,Central,9800,0.183573
W+1/RB2in/10,Backward,9800,0.104592
W+1/RB2out/10,Forward,9800,0.202567
W+1/RB1out/10,Forward,9800,0.04448
W+1/RB1in/10,Forward,9800,0.0297531
W+1/RB2out/10,Backward,9800,0.334866
W+1/RB1out/10,Backward,9800,0.0567299
W+1/RB1in/10,Backward,9800,0.0479706
W+1/RB4/11,Forward,9800,0.0672039
W+1/RB3/11-,Forward,9800,0.148767
W+1/RB3/11+,Forward,9800,0.0938629
W+1/RB4/11,Backward,9800,0.056841
W+1/RB3/11-,Backward,9800,0.11706
W+1/RB3/11+,Backward,9800,0.0706272
W+1/RB2in/11,Forward,9800,0.160554
W+1/RB2in/11,Central,9800,0.146607
W+1/RB2in/11,Backward,9800,0.0326742
W+1/RB2out/11,Forward,9800,0.370024
W+1/RB1out/11,Forward,9800,0.0970575
W+1/RB1in/11,Forward,9800,0.088877
W+1/RB1out/11,Backward,9800,0.216486
W+1/RB1in/11,Backward,9800,0.0441653
W+1/RB4/12-,Forward,9800,0.0425275
W+1/RB4/12+,Forward,9800,0.165391
W+1/RB3/12-,Forward,9800,0.257959
W+1/RB3/12+,Forward,9800,0.148167
W+1/RB4/12-,Backward,9800,0.109252
W+1/RB4/12+,Backward,9800,0.0721982
W+1/RB3/12-,Backward,9800,0.270394
W+1/RB3/12+,Backward,9800,0.0812741
W+1/RB2in/12,Forward,9800,0.290103
W+1/RB2in/12,Central,9800,0.388943
W+1/RB2in/12,Backward,9800,0.276521
W+1/RB2out/12,Forward,9800,0.306721
W+1/RB1out/12,Forward,9800,0.352189
W+1/RB1in/12,Forward,9800,0.173502
W+1/RB2out/12,Backward,9800,0.221483
W+1/RB1out/12,Backward,9800,0.0956846
W+1/RB1in/12,Backward,9800,0.159292
W+2/RB2in/8,Backward,9800,0.261619
W+2/RB4/4--,Forward,9800,0.191205
W+2/RB4/4-,Forward,9800,0.0903598
W+2/RB4/4+,Forward,9800,0.0956955
W+2/RB4/4++,Forward,9800,0.181979
W+2/RB3/4-,Forward,9800,0.284273
W+2/RB3/4+,Forward,9800,0.176266
W+2/RB4/4--,Backward,9800,0.195884
W+2/RB4/4-,Backward,9800,0.209082
W+2/RB4/4+,Backward,9800,0.0580472
W+2/RB4/4++,Backward,9800,0.114418
W+2/RB3/4-,Backward,9800,0.115473
W+2/RB3/4+,Backward,9800,0.167693
W+2/RB2out/4,Forward,9800,0.0845815
W+2/RB2out/4,Central,9800,0.114652
W+2/RB2out/4,Backward,9800,0.0478996
W+2/RB2in/4,Forward,9800,0.130906
W+2/RB1out/4,Forward,9800,1.25122
W+2/RB1in/4,Forward,9800,0.157463
W+2/RB2in/4,Backward,9800,0.215887
W+2/RB1out/4,Backward,9800,0.247486
W+2/RB1in/4,Backward,9800,0.202865
W+2/RB4/5-,Forward,9800,0.121195
W+2/RB4/5+,Forward,9800,0.166656
W+2/RB3/5-,Forward,9800,0.232343
W+2/RB3/5+,Forward,9800,0.174102
W+2/RB4/5-,Backward,9800,0.137937
W+2/RB4/5+,Backward,9800,0.120547
W+2/RB3/5-,Backward,9800,0.235551
W+2/RB3/5+,Backward,9800,0.210272
W+2/RB2out/5,Forward,9800,0.122766
W+2/RB2out/5,Central,9800,0.12009
W+2/RB2out/5,Backward,9800,0.0649817
W+2/RB2in/5,Forward,9800,0.302694
W+2/RB1out/5,Forward,9800,0.287937
W+2/RB1in/5,Forward,9800,0.405667
W+2/RB2in/5,Backward,9800,0.327478
W+2/RB1out/5,Backward,9800,0.280846
W+2/RB1in/5,Backward,9800,0.143907
W+2/RB4/6-,Forward,9800,0.199861
W+2/RB4/6+,Forward,9800,0.0657186
W+2/RB3/6-,Forward,9800,0.166036
W+2/RB3/6+,Forward,9800,0.182323
W+2/RB4/6-,Backward,9800,0.114528
W+2/RB4/6+,Backward,9800,0.131984
W+2/RB3/6-,Backward,9800,0.200446
W+2/RB3/6+,Backward,9800,0.232496
W+2/RB2out/6,Forward,9800,0.0805873
W+2/RB2out/6,Central,9800,0.106632
W+2/RB2out/6,Backward,9800,0.0743255
W+2/RB2in/6,Forward,9800,0.0483469
W+2/RB1out/6,Forward,9800,0.145236
W+2/RB1in/6,Forward,9800,0.206346
W+2/RB2in/6,Backward,9800,0.0474957
W+2/RB1out/6,Backward,9800,0.104117
W+2/RB1in/6,Backward,9800,0.141707
W+2/RB4/7-,Forward,9800,0.151813
W+2/RB4/7+,Forward,9800,0.259755
W+2/RB3/7-,Forward,9800,0.139839
W+2/RB3/7+,Forward,9800,0.0639475
W+2/RB4/7-,Backward,9800,0.219223
W+2/RB4/7+,Backward,9800,0.278072
W+2/RB3/7-,Backward,9800,0.254545
W+2/RB3/7+,Backward,9800,0.0491807
W+2/RB2out/7,Forward,9800,0.0433862
W+2/RB2out/7,Central,9800,0.157191
W+2/RB2out/7,Backward,9800,0.0342439
W+2/RB2in/7,Forward,9800,0.0373258
W+2/RB1out/7,Forward,9800,0.294453
W+2/RB1in/7,Forward,9800,0.45084
W+2/RB2in/7,Backward,9800,0.0374332
W+2/RB1out/7,Backward,9800,0.316845
W+2/RB1in/7,Backward,9800,1.17677
W+2/RB4/8-,Forward,9800,0.141838
W+2/RB4/8+,Forward,9800,0.0150549
W+2/RB3/8-,Forward,9800,0.258394
W+2/RB3/8+,Forward,9800,0.194252
W+2/RB4/8-,Backward,9800,0.170841
W+2/RB4/8+,Backward,9800,0.00747601
W+2/RB3/8-,Backward,9800,0.225634
W+2/RB3/8+,Backward,9800,0.243898
W+2/RB2out/8,Forward,9800,0.0894298
W+2/RB2out/8,Central,9800,0.154286
W+2/RB2out/8,Backward,9800,0
W+2/RB2in/8,Forward,9800,1.26653
W+2/RB1out/8,Forward,9800,0.435361
W+2/RB1in/8,Forward,9800,0.139478
W+2/RB1out/8,Backward,9800,0.697246
W+2/RB1in/8,Backward,9800,0.126238
W+2/RB4/9,Forward,9800,0.0876164
W+2/RB3/9-,Forward,9800,0.459048
W+2/RB3/9+,Forward,9800,0.228766
W+2/RB4/9,Backward,9800,0.165552
W+2/RB3/9-,Backward,9800,0.277123
W+2/RB3/9+,Backward,9800,0.390804
W+2/RB2out/9,Forward,9800,0.389397
W+2/RB2out/9,Central,9800,0.455393
W+2/RB2out/9,Backward,9800,0.232672
W+2/RB2in/9,Forward,9800,0.559954
W+2/RB1out/9,Forward,9800,0.114515
W+2/RB1in/9,Forward,9800,1.8547
W+2/RB2in/9,Backward,9800,0.402884
W+2/RB1out/9,Backward,9800,0.0799712
W+2/RB1in/9,Backward,9800,0.083389
W+2/RB2in/11,Backward,9800,0.897301
W+2/RB4/1-,Forward,9800,0.120036
W+2/RB4/1+,Forward,9800,0.339817
W+2/RB3/1-,Forward,9800,0.35967
W+2/RB3/1+,Forward,9800,0.0773709
W+2/RB4/1-,Backward,9800,0.132153
W+2/RB4/1+,Backward,9800,0.37241
W+2/RB3/1-,Backward,9800,0.236616
W+2/RB3/1+,Backward,9800,0.967833
W+2/RB2out/1,Forward,9800,0.114065
W+2/RB2out/1,Central,9800,0.216327
W+2/RB2out/1,Backward,9800,0.180852
W+2/RB2in/1,Forward,9800,0.401481
W+2/RB1out/1,Forward,9800,0.0241572
W+2/RB1in/1,Forward,9800,0.0299575
W+2/RB2in/1,Backward,9800,0.0328671
W+2/RB1out/1,Backward,9800,0.0332823
W+2/RB1in/1,Backward,9800,0.0260911
W+2/RB4/2-,Forward,9800,0.988056
W+2/RB4/2+,Forward,9800,1.79092
W+2/RB3/2-,Forward,9800,0.2887
W+2/RB3/2+,Forward,9800,0.162371
W+2/RB4/2-,Backward,9800,0.355685
W+2/RB4/2+,Backward,9800,0.0737355
W+2/RB3/2-,Backward,9800,0.374782
W+2/RB3/2+,Backward,9800,0.132306
W+2/RB2out/2,Forward,9800,0.0524802
W+2/RB2out/2,Central,9800,0.12937
W+2/RB2out/2,Backward,9800,0.0772798
W+2/RB2in/2,Forward,9800,0.143027
W+2/RB1out/2,Forward,9800,0.402317
W+2/RB1in/2,Forward,9800,0.220542
W+2/RB2in/2,Backward,9800,0.0523669
W+2/RB1out/2,Backward,9800,0.406071
W+2/RB1in/2,Backward,9800,0.179841
W+2/RB4/3-,Forward,9800,0.0252433
W+2/RB4/3+,Forward,9800,0.203264
W+2/RB3/3-,Forward,9800,0.131152
W+2/RB3/3+,Forward,9800,0.0381015
W+2/RB4/3-,Backward,9800,0.0174925
W+2/RB4/3+,Backward,9800,0.17703
W+2/RB3/3-,Backward,9800,0.110232
W+2/RB3/3+,Backward,9800,0.00627218
W+2/RB2out/3,Forward,9800,0.149626
W+2/RB2out/3,Central,9800,0.200181
W+2/RB2out/3,Backward,9800,47.3446
W+2/RB2in/3,Forward,9800,0.0604852
W+2/RB1out/3,Forward,9800,0.185252
W+2/RB1in/3,Forward,9800,0.419333
W+2/RB2in/3,Backward,9800,0.0327446
W+2/RB1out/3,Backward,9800,0.0472286
W+2/RB1in/3,Backward,9800,0.279868
W+2/RB4/10-,Forward,9800,0.0693698
W+2/RB4/10+,Forward,9800,0.138173
W+2/RB3/10-,Forward,9800,0.185009
W+2/RB3/10+,Forward,9800,0.246304
W+2/RB4/10-,Backward,9800,0.0605522
W+2/RB4/10+,Backward,9800,0.0859043
W+2/RB3/10-,Backward,9800,0.115667
W+2/RB3/10+,Backward,9800,0.180313
W+2/RB2out/10,Forward,9800,0.152284
W+2/RB2out/10,Central,9800,0.149958
W+2/RB2out/10,Backward,9800,0.154005
W+2/RB2in/10,Forward,9800,0.305514
W+2/RB1out/10,Forward,9800,0.0423641
W+2/RB1in/10,Forward,9800,0.210875
W+2/RB2in/10,Backward,9800,0.176723
W+2/RB1out/10,Backward,9800,0.36072
W+2/RB1in/10,Backward,9800,0.0923182
W+2/RB4/11,Forward,9800,0.712185
W+2/RB3/11-,Forward,9800,22.9868
W+2/RB3/11+,Forward,9800,1.76521
W+2/RB4/11,Backward,9800,0.023738
W+2/RB3/11-,Backward,9800,0.0733635
W+2/RB3/11+,Backward,9800,0.115179
W+2/RB2out/11,Forward,9800,0.0378068
W+2/RB2out/11,Central,9800,0.0519557
W+2/RB2out/11,Backward,9800,0.0607598
W+2/RB2in/11,Forward,9800,0.0516216
W+2/RB1out/11,Forward,9800,0.430694
W+2/RB1in/11,Forward,9800,0.246225
W+2/RB1out/11,Backward,9800,0.396848
W+2/RB1in/11,Backward,9800,0.937833
W+2/RB4/12-,Forward,9800,4.01106
W+2/RB4/12+,Forward,9800,31.8032
W+2/RB3/12-,Forward,9800,13.4124
W+2/RB3/12+,Forward,9800,0.460499
W+2/RB4/12-,Backward,9800,0.0614901
W+2/RB4/12+,Backward,9800,0.547259
W+2/RB3/12-,Backward,9800,0.000156376
W+2/RB3/12+,Backward,9800,0.101017
W+2/RB2out/12,Forward,9800,0.87315
W+2/RB2out/12,Central,9800,0.315159
W+2/RB2out/12,Backward,9800,0.183804
W+2/RB2in/12,Forward,9800,7.01636
W+2/RB1out/12,Forward,9800,0.310416
W+2/RB1in/12,Forward,9800,0.271217
W+2/RB2in/12,Backward,9800,0.162187
W+2/RB1out/12,Backward,9800,0.216777
W+2/RB1in/12,Backward,9800,0.34048
W-1/RB2out/8,Backward,9800,0.2233
W-1/RB4/4++,Forward,9800,0.0967969
W-1/RB4/4+,Forward,9800,0.0650057
W-1/RB4/4-,Forward,9800,0.0913586
W-1/RB4/4--,Forward,9800,0.0811248
W-1/RB3/4+,Forward,9800,0.274815
W-1/RB3/4-,Forward,9800,0.4865
W-1/RB4/4++,Backward,9800,0.0950847
W-1/RB4/4+,Backward,9800,1.42064
W-1/RB4/4-,Backward,9800,0.0663219
W-1/RB4/4--,Backward,9800,0.0689516
W-1/RB3/4+,Backward,9800,0.746439
W-1/RB3/4-,Backward,9800,0.182787
W-1/RB2in/4,Forward,9800,1.35278
W-1/RB2in/4,Central,9800,3.11347
W-1/RB2in/4,Backward,9800,3.04616
W-1/RB2out/4,Forward,9800,0.445485
W-1/RB1out/4,Forward,9800,0.00917514
W-1/RB1in/4,Forward,9800,0.0868875
W-1/RB2out/4,Backward,9800,0.541849
W-1/RB1out/4,Backward,9800,8.65194e-06
W-1/RB1in/4,Backward,9800,0.0558718
W-1/RB4/5+,Forward,9800,0.100887
W-1/RB4/5-,Forward,9800,0.105973
W-1/RB3/5+,Forward,9800,0.0853019
W-1/RB3/5-,Forward,9800,0.0450005
W-1/RB4/5+,Backward,9800,0.252956
W-1/RB4/5-,Backward,9800,0.109362
W-1/RB3/5+,Backward,9800,0.0776803
W-1/RB3/5-,Backward,9800,0.0363574
W-1/RB2in/5,Forward,9800,0.0335023
W-1/RB2in/5,Central,9800,0.106431
W-1/RB2in/5,Backward,9800,0.0349731
W-1/RB2out/5,Forward,9800,0.10147
W-1/RB1out/5,Forward,9800,0.0659233
W-1/RB1in/5,Forward,9800,0.116146
W-1/RB2out/5,Backward,9800,0.0574681
W-1/RB1out/5,Backward,9800,0.056574
W-1/RB1in/5,Backward,9800,0.0477935
W-1/RB4/6+,Forward,9800,0.075272
W-1/RB4/6-,Forward,9800,6.89791
W-1/RB3/6+,Forward,9800,0.101685
W-1/RB3/6-,Forward,9800,0.0615674
W-1/RB4/6+,Backward,9800,0.0661875
W-1/RB4/6-,Backward,9800,3.82944
W-1/RB3/6+,Backward,9800,0.0788396
W-1/RB3/6-,Backward,9800,0.036332
W-1/RB2in/6,Forward,9800,0.050091
W-1/RB2in/6,Central,9800,0.0633888
W-1/RB2in/6,Backward,9800,0.0454863
W-1/RB2out/6,Forward,9800,0.0618836
W-1/RB1out/6,Forward,9800,0.0806757
W-1/RB1in/6,Forward,9800,0.0353223
W-1/RB2out/6,Backward,9800,0.0548728
W-1/RB1out/6,Backward,9800,0.04858
W-1/RB1in/6,Backward,9800,0.0606841
W-1/RB4/7+,Forward,9800,0.0272253
W-1/RB4/7-,Forward,9800,0.0402769
W-1/RB3/7+,Forward,9800,0.0329433
W-1/RB3/7-,Forward,9800,0.0668134
W-1/RB4/7+,Backward,9800,0.0355547
W-1/RB4/7-,Backward,9800,0.034428
W-1/RB3/7+,Backward,9800,0.0619588
W-1/RB3/7-,Backward,9800,0.108884
W-1/RB2in/7,Forward,9800,0.105371
W-1/RB2in/7,Central,9800,0.1861
W-1/RB2in/7,Backward,9800,0.103516
W-1/RB2out/7,Forward,9800,1.49019
W-1/RB1out/7,Forward,9800,0.0366088
W-1/RB1in/7,Forward,9800,0.031727
W-1/RB2out/7,Backward,9800,0.0341329
W-1/RB1out/7,Backward,9800,0.0382923
W-1/RB1in/7,Backward,9800,0.0156051
W-1/RB4/8+,Forward,9800,0.000151752
W-1/RB4/8-,Forward,9800,0.451284
W-1/RB3/8+,Forward,9800,0.256626
W-1/RB3/8-,Forward,9800,0.253624
W-1/RB4/8+,Backward,9800,4.5523e-05
W-1/RB4/8-,Backward,9800,0.599275
W-1/RB3/8+,Backward,9800,0.134096
W-1/RB3/8-,Backward,9800,0.221648
W-1/RB2in/8,Forward,9800,0.139641
W-1/RB2in/8,Central,9800,0.134623
W-1/RB2in/8,Backward,9800,0.0993489
W-1/RB2out/8,Forward,9800,0.365399
W-1/RB1out/8,Forward,9800,0.195114
W-1/RB1in/8,Forward,9800,0.161336
W-1/RB1out/8,Backward,9800,0.0896832
W-1/RB1in/8,Backward,9800,0.111257
W-1/RB4/9,Forward,9800,0.152142
W-1/RB3/9+,Forward,9800,0.188326
W-1/RB3/9-,Forward,9800,0.0133076
W-1/RB4/9,Backward,9800,0.188355
W-1/RB3/9+,Backward,9800,0.237284
W-1/RB3/9-,Backward,9800,0.0123171
W-1/RB2in/9,Forward,9800,0.105363
W-1/RB2in/9,Central,9800,0.0909019
W-1/RB2in/9,Backward,9800,0.126677
W-1/RB2out/9,Forward,9800,0.152943
W-1/RB1out/9,Forward,9800,0.0660423
W-1/RB1in/9,Forward,9800,0.279548
W-1/RB2out/9,Backward,9800,0.068841
W-1/RB1out/9,Backward,9800,0.0714061
W-1/RB1in/9,Backward,9800,0.0490196
W-1/RB2out/11,Backward,9800,0.0885478
W-1/RB4/1+,Forward,9800,0.174655
W-1/RB4/1-,Forward,9800,0.175488
W-1/RB3/1+,Forward,9800,0.104855
W-1/RB3/1-,Forward,9800,0.414912
W-1/RB4/1+,Backward,9800,0.169813
W-1/RB4/1-,Backward,9800,0.0440712
W-1/RB3/1+,Backward,9800,0.172691
W-1/RB3/1-,Backward,9800,0.375273
W-1/RB2in/1,Forward,9800,0.0643526
W-1/RB2in/1,Central,9800,1.98633
W-1/RB2in/1,Backward,9800,0.0298433
W-1/RB2out/1,Forward,9800,0.0474532
W-1/RB1out/1,Forward,9800,0.0447505
W-1/RB1in/1,Forward,9800,0.0461074
W-1/RB2out/1,Backward,9800,0.0471536
W-1/RB1out/1,Backward,9800,0.019612
W-1/RB1in/1,Backward,9800,0.0251196
W-1/RB4/2+,Forward,9800,0.142987
W-1/RB4/2-,Forward,9800,0.0721979
W-1/RB3/2+,Forward,9800,0.068621
W-1/RB3/2-,Forward,9800,0.640502
W-1/RB4/2+,Backward,9800,0.132505
W-1/RB4/2-,Backward,9800,0.0441736
W-1/RB3/2+,Backward,9800,0.0466195
W-1/RB3/2-,Backward,9800,0.670854
W-1/RB2in/2,Forward,9800,0.0999992
W-1/RB2in/2,Central,9800,0.149467
W-1/RB2in/2,Backward,9800,0.108626
W-1/RB2out/2,Forward,9800,0.0779274
W-1/RB1out/2,Forward,9800,1.1742
W-1/RB1in/2,Forward,9800,0.460139
W-1/RB2out/2,Backward,9800,0.0373595
W-1/RB1out/2,Backward,9800,1.57226
W-1/RB1in/2,Backward,9800,0.310065
W-1/RB4/3+,Forward,9800,0.0733412
W-1/RB4/3-,Forward,9800,0.0601929
W-1/RB3/3+,Forward,9800,0.0531449
W-1/RB3/3-,Forward,9800,0.0519475
W-1/RB4/3+,Backward,9800,0.0931186
W-1/RB4/3-,Backward,9800,0.0696011
W-1/RB3/3+,Backward,9800,0.0389184
W-1/RB3/3-,Backward,9800,0.0411707
W-1/RB2in/3,Forward,9800,0.078514
W-1/RB2in/3,Central,9800,0.0787885
W-1/RB2in/3,Backward,9800,0.049564
W-1/RB2out/3,Forward,9800,0.0871399
W-1/RB1out/3,Forward,9800,0.0954648
W-1/RB1in/3,Forward,9800,0.0390503
W-1/RB2out/3,Backward,9800,0.0415302
W-1/RB1out/3,Backward,9800,0.0456321
W-1/RB1in/3,Backward,9800,0.0435456
W-1/RB4/10+,Forward,9800,0.142131
W-1/RB4/10-,Forward,9800,0.0793278
W-1/RB3/10+,Forward,9800,0.329648
W-1/RB3/10-,Forward,9800,0.0643437
W-1/RB4/10+,Backward,9800,0.0892264
W-1/RB4/10-,Backward,9800,0.0911676
W-1/RB3/10+,Backward,9800,0.427055
W-1/RB3/10-,Backward,9800,0.0594967
W-1/RB2in/10,Forward,9800,0.0499836
W-1/RB2in/10,Central,9800,0.0381641
W-1/RB2in/10,Backward,9800,0.0381841
W-1/RB2out/10,Forward,9800,0.0664927
W-1/RB1out/10,Forward,9800,0.124328
W-1/RB1in/10,Forward,9800,0.0525702
W-1/RB2out/10,Backward,9800,0.0522046
W-1/RB1out/10,Backward,9800,0.168584
W-1/RB1in/10,Backward,9800,0.0369523
W-1/RB4/11,Forward,9800,0.0579358
W-1/RB3/11+,Forward,9800,65.0485
W-1/RB3/11-,Forward,9800,0.0641416
W-1/RB4/11,Backward,9800,0.0614042
W-1/RB3/11+,Backward,9800,3.17372e-06
W-1/RB3/11-,Backward,9800,0.0498915
W-1/RB2in/11,Forward,9800,0.0578632
W-1/RB2in/11,Central,9800,0.144988
W-1/RB2in/11,Backward,9800,0.0567858
W-1/RB2out/11,Forward,9800,0.0989108
W-1/RB1out/11,Forward,9800,0.314217
W-1/RB1in/11,Forward,9800,0.0836954
W-1/RB1out/11,Backward,9800,1.27339
W-1/RB1in/11,Backward,9800,0.141755
W-1/RB4/12+,Forward,9800,1.60567
W-1/RB4/12-,Forward,9800,0.186687
W-1/RB3/12+,Forward,9800,0.0514898
W-1/RB3/12-,Forward,9800,0.0819265
W-1/RB4/12+,Backward,9800,1.20464
W-1/RB4/12-,Backward,9800,0.162571
W-1/RB3/12+,Backward,9800,0.052763
W-1/RB3/12-,Backward,9800,0.0771671
W-1/RB2in/12,Forward,9800,0.131175
W-1/RB2in/12,Central,9800,0.30665
W-1/RB2in/12,Backward,9800,0.339382
W-1/RB2out/12,Forward,9800,0.189973
W-1/RB1out/12,Forward,9800,0.0371928
W-1/RB1in/12,Forward,9800,0.0815673
W-1/RB2out/12,Backward,9800,0.268462
W-1/RB1out/12,Backward,9800,0.0804029
W-1/RB1in/12,Backward,9800,0.0434663
W-2/RB2in/8,Backward,9800,0.316483
W-2/RB4/4++,Forward,9800,0.0280748
W-2/RB4/4+,Forward,9800,0.0687362
W-2/RB4/4-,Forward,9800,0.0756584
W-2/RB4/4--,Forward,9800,0.259084
W-2/RB3/4+,Forward,9800,0.0220283
W-2/RB3/4-,Forward,9800,0.0579847
W-2/RB4/4++,Backward,9800,0.030604
W-2/RB4/4+,Backward,9800,0.0659224
W-2/RB4/4-,Backward,9800,0.0814699
W-2/RB4/4--,Backward,9800,0.246679
W-2/RB3/4+,Backward,9800,0.0260195
W-2/RB3/4-,Backward,9800,0.0757476
W-2/RB2out/4,Forward,9800,0.107325
W-2/RB2out/4,Central,9800,0.321115
W-2/RB2out/4,Backward,9800,0.0953916
W-2/RB2in/4,Forward,9800,0.200557
W-2/RB1out/4,Forward,9800,0.102246
W-2/RB1in/4,Forward,9800,0.0728517
W-2/RB2in/4,Backward,9800,0.273167
W-2/RB1out/4,Backward,9800,1.89751
W-2/RB1in/4,Backward,9800,0.0523126
W-2/RB4/5+,Forward,9800,0.0444265
W-2/RB4/5-,Forward,9800,0.0426543
W-2/RB3/5+,Forward,9800,0.126907
W-2/RB3/5-,Forward,9800,0.0592135
W-2/RB4/5+,Backward,9800,0.00908009
W-2/RB4/5-,Backward,9800,0.0421435
W-2/RB3/5+,Backward,9800,0.0608464
W-2/RB3/5-,Backward,9800,0.0258648
W-2/RB2out/5,Forward,9800,0.122873
W-2/RB2out/5,Central,9800,0.107553
W-2/RB2out/5,Backward,9800,0.0887009
W-2/RB2in/5,Forward,9800,0.0891766
W-2/RB1out/5,Forward,9800,0.0414117
W-2/RB1in/5,Forward,9800,0.0779106
W-2/RB2in/5,Backward,9800,0.0028367
W-2/RB1out/5,Backward,9800,0.0272734
W-2/RB1in/5,Backward,9800,0.0425463
W-2/RB4/6+,Forward,9800,0.478248
W-2/RB4/6-,Forward,9800,0.0875323
W-2/RB3/6+,Forward,9800,0.0546278
W-2/RB3/6-,Forward,9800,0.0590398
W-2/RB4/6+,Backward,9800,0.511586
W-2/RB4/6-,Backward,9800,0.0268349
W-2/RB3/6+,Backward,9800,0.030204
W-2/RB3/6-,Backward,9800,0.0609689
W-2/RB2out/6,Forward,9800,0.107402
W-2/RB2out/6,Central,9800,0.0948188
W-2/RB2out/6,Backward,9800,0.0597475
W-2/RB2in/6,Forward,9800,0.164635
W-2/RB1out/6,Forward,9800,0.391378
W-2/RB1in/6,Forward,9800,0.0428358
W-2/RB2in/6,Backward,9800,0.173464
W-2/RB1out/6,Backward,9800,0.0642578
W-2/RB1in/6,Backward,9800,0.0379824
W-2/RB4/7+,Forward,9800,0.0829153
W-2/RB4/7-,Forward,9800,0.0581215
W-2/RB3/7+,Forward,9800,0.17738
W-2/RB3/7-,Forward,9800,0.0723365
W-2/RB4/7+,Backward,9800,0.0434259
W-2/RB4/7-,Backward,9800,0.0271592
W-2/RB3/7+,Backward,9800,0.196026
W-2/RB3/7-,Backward,9800,0.0638236
W-2/RB2out/7,Forward,9800,0.0618084
W-2/RB2out/7,Central,9800,0.0661167
W-2/RB2out/7,Backward,9800,0.0440349
W-2/RB2in/7,Forward,9800,0.658709
W-2/RB1out/7,Forward,9800,0.0364708
W-2/RB1in/7,Forward,9800,0.104949
W-2/RB2in/7,Backward,9800,0.174607
W-2/RB1out/7,Backward,9800,0.0205789
W-2/RB1in/7,Backward,9800,0.148801
W-2/RB4/8+,Forward,9800,0.0515991
W-2/RB4/8-,Forward,9800,0.071842
W-2/RB3/8+,Forward,9800,0.056076
W-2/RB3/8-,Forward,9800,0.124931
W-2/RB4/8+,Backward,9800,0.169869
W-2/RB4/8-,Backward,9800,0.172922
W-2/RB3/8+,Backward,9800,3.14873
W-2/RB3/8-,Backward,9800,0.084926
W-2/RB2out/8,Forward,9800,0.136952
W-2/RB2out/8,Central,9800,0.306943
W-2/RB2out/8,Backward,9800,0.0876321
W-2/RB2in/8,Forward,9800,0.231137
W-2/RB1out/8,Forward,9800,0.873816
W-2/RB1in/8,Forward,9800,0.0335835
W-2/RB1out/8,Backward,9800,0.160511
W-2/RB1in/8,Backward,9800,0.0154718
W-2/RB4/9,Forward,9800,0.118037
W-2/RB3/9+,Forward,9800,0.0856885
W-2/RB3/9-,Forward,9800,0.116937
W-2/RB4/9,Backward,9800,0.11289
W-2/RB3/9+,Backward,9800,0.0528433
W-2/RB3/9-,Backward,9800,0.0770457
W-2/RB2out/9,Forward,9800,0.0862568
W-2/RB2out/9,Central,9800,0.0464548
W-2/RB2out/9,Backward,9800,0.0563553
W-2/RB2in/9,Forward,9800,0.334595
W-2/RB1out/9,Forward,9800,0.121222
W-2/RB1in/9,Forward,9800,0.0278462
W-2/RB2in/9,Backward,9800,0.149569
W-2/RB1out/9,Backward,9800,0.0439644
W-2/RB1in/9,Backward,9800,0.182236
W-2/RB2in/11,Backward,9800,1.22805e-05
W-2/RB4/1+,Forward,9800,0.0519925
W-2/RB4/1-,Forward,9800,0.0467488
W-2/RB3/1+,Forward,9800,0.0697278
W-2/RB3/1-,Forward,9800,0.0723227
W-2/RB4/1+,Backward,9800,0.0528044
W-2/RB4/1-,Backward,9800,0.0689898
W-2/RB3/1+,Backward,9800,0.107552
W-2/RB3/1-,Backward,9800,0.069518
W-2/RB2out/1,Forward,9800,0.0776137
W-2/RB2out/1,Central,9800,0.180442
W-2/RB2out/1,Backward,9800,0.0625605
W-2/RB2in/1,Forward,9800,0.211165
W-2/RB1out/1,Forward,9800,0.0563884
W-2/RB1in/1,Forward,9800,0.0267575
W-2/RB2in/1,Backward,9800,0.0835653
W-2/RB1out/1,Backward,9800,0.0226346
W-2/RB1in/1,Backward,9800,0.0350075
W-2/RB4/2+,Forward,9800,0.452414
W-2/RB4/2-,Forward,9800,0.488794
W-2/RB3/2+,Forward,9800,0.0510225
W-2/RB3/2-,Forward,9800,0.239855
W-2/RB4/2+,Backward,9800,0.260637
W-2/RB4/2-,Backward,9800,0.358814
W-2/RB3/2+,Backward,9800,0.0690279
W-2/RB3/2-,Backward,9800,0.0779838
W-2/RB2out/2,Forward,9800,0.0922645
W-2/RB2out/2,Central,9800,0.0888241
W-2/RB2out/2,Backward,9800,0.0876103
W-2/RB2in/2,Forward,9800,0.0205732
W-2/RB1out/2,Forward,9800,0.115563
W-2/RB1in/2,Forward,9800,0.0645242
W-2/RB2in/2,Backward,9800,0.0365686
W-2/RB1out/2,Backward,9800,0.0662243
W-2/RB1in/2,Backward,9800,0.0282031
W-2/RB4/3+,Forward,9800,0.224038
W-2/RB4/3-,Forward,9800,0.820733
W-2/RB3/3+,Forward,9800,0.117147
W-2/RB3/3-,Forward,9800,0.0865733
W-2/RB4/3+,Backward,9800,0.186053
W-2/RB4/3-,Backward,9800,2.11024
W-2/RB3/3+,Backward,9800,0.0515744
W-2/RB3/3-,Backward,9800,0.0670237
W-2/RB2out/3,Forward,9800,0.0872706
W-2/RB2out/3,Central,9800,0.170397
W-2/RB2out/3,Backward,9800,0.12292
W-2/RB2in/3,Forward,9800,0.368152
W-2/RB1out/3,Forward,9800,0.0703587
W-2/RB1in/3,Forward,9800,0.242094
W-2/RB2in/3,Backward,9800,0.198432
W-2/RB1out/3,Backward,9800,0.0602779
W-2/RB1in/3,Backward,9800,0.191509
W-2/RB4/10+,Forward,9800,0.0567288
W-2/RB4/10-,Forward,9800,0.0899775
W-2/RB3/10+,Forward,9800,0.0318581
W-2/RB3/10-,Forward,9800,0.211442
W-2/RB4/10+,Backward,9800,0.0322903
W-2/RB4/10-,Backward,9800,0.126627
W-2/RB3/10+,Backward,9800,0.0265851
W-2/RB3/10-,Backward,9800,0.0920069
W-2/RB2out/10,Forward,9800,0.247029
W-2/RB2out/10,Central,9800,0.23351
W-2/RB2out/10,Backward,9800,0.156274
W-2/RB2in/10,Forward,9800,0.141225
W-2/RB1out/10,Forward,9800,0.130424
W-2/RB1in/10,Forward,9800,0.0421438
W-2/RB2in/10,Backward,9800,0.0558244
W-2/RB1out/10,Backward,9800,0.0635731
W-2/RB1in/10,Backward,9800,0.0430732
W-2/RB4/11,Forward,9800,0.0520971
W-2/RB3/11+,Forward,9800,0.421178
W-2/RB3/11-,Forward,9800,0.0634505
W-2/RB4/11,Backward,9800,0.0205147
W-2/RB3/11+,Backward,9800,0.222366
W-2/RB3/11-,Backward,9800,0.073986
W-2/RB2out/11,Forward,9800,0.0791106
W-2/RB2out/11,Central,9800,0.174662
W-2/RB2out/11,Backward,9800,0.111559
W-2/RB2in/11,Forward,9800,0.000219119
W-2/RB1out/11,Forward,9800,0.126129
W-2/RB1in/11,Forward,9800,0.149092
W-2/RB1out/11,Backward,9800,0.08394
W-2/RB1in/11,Backward,9800,0.0899727
W-2/RB4/12+,Forward,9800,0.177799
W-2/RB4/12-,Forward,9800,0.0751251
W-2/RB3/12+,Forward,9800,0.0699204
W-2/RB3/12-,Forward,9800,0.103987
W-2/RB4/12+,Backward,9800,0.222196
W-2/RB4/12-,Backward,9800,0.0420286
W-2/RB3/12+,Backward,9800,0.105329
W-2/RB3/12-,Backward,9800,0.107451
W-2/RB2out/12,Forward,9800,0.0834304
W-2/RB2out/12,Central,9800,0.117291
W-2/RB2out/12,Backward,9800,0.145673
W-2/RB2in/12,Forward,9800,0.274263
W-2/RB1out/12,Forward,9800,0
W-2/RB1in/12,Forward,9800,0.373655
W-2/RB2in/12,Backward,9800,0.29789
W-2/RB1out/12,Backward,9800,0
W-2/RB1in/12,Backward,9800,0.50232
W0/RB2out/8,Backward,9800,0.387512
W0/RB4/4+,Forward,9800,0.0977171
W0/RB4/4++,Forward,9800,0.0708351
W0/RB4/4--,Forward,9800,0.167591
W0/RB4/4-,Forward,9800,0.093061
W0/RB3/4+,Forward,9800,0.174907
W0/RB3/4-,Forward,9800,1.28271
W0/RB4/4+,Backward,9800,0.0746036
W0/RB4/4++,Backward,9800,0.120076
W0/RB4/4--,Backward,9800,0.132842
W0/RB4/4-,Backward,9800,0.07137
W0/RB3/4+,Backward,9800,0.186895
W0/RB3/4-,Backward,9800,0.160949
W0/RB2in/4,Forward,9800,0.164528
W0/RB2in/4,Central,9800,0.290391
W0/RB2in/4,Backward,9800,0.472876
W0/RB2out/4,Forward,9800,0.0749103
W0/RB1out/4,Forward,9800,0.0773404
W0/RB1in/4,Forward,9800,0.0697169
W0/RB2out/4,Backward,9800,0.0431325
W0/RB1out/4,Backward,9800,0.0947972
W0/RB1in/4,Backward,9800,0.0669578
W0/RB4/5+,Forward,9800,0.145716
W0/RB4/5-,Forward,9800,0.0930116
W0/RB3/5+,Forward,9800,0.100743
W0/RB3/5-,Forward,9800,0.0463919
W0/RB4/5+,Backward,9800,0.139713
W0/RB4/5-,Backward,9800,0.104585
W0/RB3/5+,Backward,9800,0.0559438
W0/RB3/5-,Backward,9800,0.0627565
W0/RB2in/5,Forward,9800,11.0732
W0/RB2in/5,Central,9800,0.157723
W0/RB2in/5,Backward,9800,0.11116
W0/RB2out/5,Forward,9800,0.0893486
W0/RB1out/5,Forward,9800,0.6733
W0/RB1in/5,Forward,9800,2.31237
W0/RB2out/5,Backward,9800,0.0941645
W0/RB1out/5,Backward,9800,2.39427
W0/RB1in/5,Backward,9800,0.528613
W0/RB4/6-,Forward,9800,0.0470822
W0/RB4/6+,Forward,9800,0.0908518
W0/RB3/6-,Forward,9800,0.0383513
W0/RB3/6+,Forward,9800,0.08487
W0/RB4/6-,Backward,9800,0.0459272
W0/RB4/6+,Backward,9800,0.0724892
W0/RB3/6-,Backward,9800,0.052805
W0/RB3/6+,Backward,9800,0.0467956
W0/RB2in/6,Forward,9800,0.0799147
W0/RB2in/6,Central,9800,0.174517
W0/RB2in/6,Backward,9800,0.136004
W0/RB2out/6,Forward,9800,0.519174
W0/RB1out/6,Forward,9800,0.183993
W0/RB1in/6,Forward,9800,0.0491467
W0/RB2out/6,Backward,9800,0.397451
W0/RB1out/6,Backward,9800,0.0423996
W0/RB1in/6,Backward,9800,0.0480383
W0/RB4/7-,Forward,9800,0.00998764
W0/RB4/7+,Forward,9800,0.0297931
W0/RB3/7-,Forward,9800,0.133361
W0/RB3/7+,Forward,9800,0.172681
W0/RB4/7-,Backward,9800,0.0090885
W0/RB4/7+,Backward,9800,0.027814
W0/RB3/7-,Backward,9800,0.0365095
W0/RB3/7+,Backward,9800,0.0768108
W0/RB2in/7,Forward,9800,0.256647
W0/RB2in/7,Central,9800,0.0971388
W0/RB2in/7,Backward,9800,0.037585
W0/RB2out/7,Forward,9800,0.136989
W0/RB1out/7,Forward,9800,0.0260284
W0/RB1in/7,Forward,9800,0.03057
W0/RB2out/7,Backward,9800,0.0433871
W0/RB1out/7,Backward,9800,0.0173553
W0/RB1in/7,Backward,9800,0.0449965
W0/RB4/8+,Forward,9800,0.0535347
W0/RB4/8-,Forward,9800,0.0887643
W0/RB3/8+,Forward,9800,0.0375031
W0/RB3/8-,Forward,9800,0.182711
W0/RB4/8+,Backward,9800,0.0375248
W0/RB4/8-,Backward,9800,0.0932693
W0/RB3/8+,Backward,9800,0.687906
W0/RB3/8-,Backward,9800,0.27547
W0/RB2in/8,Forward,9800,0.937466
W0/RB2in/8,Central,9800,0.21724
W0/RB2in/8,Backward,9800,0.121534
W0/RB2out/8,Forward,9800,2.90031
W0/RB1out/8,Forward,9800,0.0624646
W0/RB1in/8,Forward,9800,0.0452782
W0/RB1out/8,Backward,9800,0.026801
W0/RB1in/8,Backward,9800,0.0490287
W0/RB4/9,Forward,9800,3.40373
W0/RB3/9+,Forward,9800,0.0819867
W0/RB3/9-,Forward,9800,0.195389
W0/RB4/9,Backward,9800,3.703
W0/RB3/9+,Backward,9800,0.0685875
W0/RB3/9-,Backward,9800,0.251382
W0/RB2in/9,Forward,9800,0.21797
W0/RB2in/9,Central,9800,0.0676562
W0/RB2in/9,Backward,9800,0.0591846
W0/RB2out/9,Forward,9800,0.144479
W0/RB1out/9,Forward,9800,0.0441813
W0/RB1in/9,Forward,9800,0.188204
W0/RB2out/9,Backward,9800,0.187998
W0/RB1out/9,Backward,9800,0.038841
W0/RB1in/9,Backward,9800,0.216315
W0/RB2out/11,Backward,9800,0.191477
W0/RB4/1+,Forward,9800,0.0362573
W0/RB4/1-,Forward,9800,0.0305543
W0/RB3/1+,Forward,9800,0.418939
W0/RB3/1-,Forward,9800,0.102392
W0/RB4/1+,Backward,9800,0.0492957
W0/RB4/1-,Backward,9800,0.0297016
W0/RB3/1+,Backward,9800,0.165543
W0/RB3/1-,Backward,9800,0.0448553
W0/RB2in/1,Forward,9800,0.114002
W0/RB2in/1,Central,9800,0.0446007
W0/RB2in/1,Backward,9800,0.0348242
W0/RB2out/1,Forward,9800,0.0461847
W0/RB1out/1,Forward,9800,0.0698882
W0/RB1in/1,Forward,9800,0.0151659
W0/RB2out/1,Backward,9800,0.0181146
W0/RB1out/1,Backward,9800,0.0242506
W0/RB1in/1,Backward,9800,0.008073
W0/RB4/2-,Forward,9800,0.180565
W0/RB4/2+,Forward,9800,0.122859
W0/RB3/2-,Forward,9800,0.636109
W0/RB3/2+,Forward,9800,0.117254
W0/RB4/2-,Backward,9800,0.125151
W0/RB4/2+,Backward,9800,0.10625
W0/RB3/2-,Backward,9800,0.145273
W0/RB3/2+,Backward,9800,0.0777112
W0/RB2in/2,Forward,9800,0.127249
W0/RB2in/2,Central,9800,0.331652
W0/RB2in/2,Backward,9800,0.102756
W0/RB2out/2,Forward,9800,0.0708385
W0/RB1out/2,Forward,9800,0.137363
W0/RB1in/2,Forward,9800,0.128543
W0/RB2out/2,Backward,9800,0.0789554
W0/RB1out/2,Backward,9800,0.0892186
W0/RB1in/2,Backward,9800,0.347492
W0/RB4/3-,Forward,9800,0.103415
W0/RB4/3+,Forward,9800,0.0932012
W0/RB3/3-,Forward,9800,0.112944
W0/RB3/3+,Forward,9800,3.23066
W0/RB4/3-,Backward,9800,0.0635305
W0/RB4/3+,Backward,9800,0.0769926
W0/RB3/3-,Backward,9800,0.0911484
W0/RB3/3+,Backward,9800,0.0982886
W0/RB2in/3,Forward,9800,0.221066
W0/RB2in/3,Central,9800,0.106228
W0/RB2in/3,Backward,9800,0.099635
W0/RB2out/3,Forward,9800,0.0259996
W0/RB1out/3,Forward,9800,0.0686324
W0/RB1in/3,Forward,9800,0.0450457
W0/RB2out/3,Backward,9800,0.415709
W0/RB1out/3,Backward,9800,0.0507371
W0/RB1in/3,Backward,9800,0.064368
W0/RB4/10-,Forward,9800,0.0444352
W0/RB4/10+,Forward,9800,0.0289974
W0/RB3/10-,Forward,9800,0.192208
W0/RB3/10+,Forward,9800,0.124171
W0/RB4/10-,Backward,9800,0.0432279
W0/RB4/10+,Backward,9800,0.0293093
W0/RB3/10-,Backward,9800,0.0500241
W0/RB3/10+,Backward,9800,0.0649402
W0/RB2in/10,Forward,9800,0.159012
W0/RB2in/10,Central,9800,0.178067
W0/RB2in/10,Backward,9800,0.1201
W0/RB2out/10,Forward,9800,0.113367
W0/RB1out/10,Forward,9800,0.0652473
W0/RB1in/10,Forward,9800,0.0784581
W0/RB2out/10,Backward,9800,0.0603553
W0/RB1out/10,Backward,9800,0.0614294
W0/RB1in/10,Backward,9800,0.0382965
W0/RB4/11,Forward,9800,0.126202
W0/RB3/11-,Forward,9800,0.0440125
W0/RB3/11+,Forward,9800,0.0586762
W0/RB4/11,Backward,9800,0.0649425
W0/RB3/11-,Backward,9800,0.156546
W0/RB3/11+,Backward,9800,0.0523861
W0/RB2in/11,Forward,9800,0.364706
W0/RB2in/11,Central,9800,0.137601
W0/RB2in/11,Backward,9800,0.0614427
W0/RB2out/11,Forward,9800,0.235962
W0/RB1out/11,Forward,9800,0.164649
W0/RB1in/11,Forward,9800,0.247044
W0/RB1out/11,Backward,9800,0.10391
W0/RB1in/11,Backward,9800,0.164379
W0/RB4/12+,Forward,9800,0.0786892
W0/RB4/12-,Forward,9800,0.140453
W0/RB3/12+,Forward,9800,0.176086
W0/RB3/12-,Forward,9800,0.0685063
W0/RB4/12+,Backward,9800,0.0898402
W0/RB4/12-,Backward,9800,0.211044
W0/RB3/12+,Backward,9800,0.162598
W0/RB3/12-,Backward,9800,0.0823964
W0/RB2in/12,Forward,9800,0.0881381
W0/RB2in/12,Central,9800,0.204737
W0/RB2in/12,Backward,9800,0.0931339
W0/RB2out/12,Forward,9800,0.343037
W0/RB1out/12,Forward,9800,0.109272
W0/RB1in/12,Forward,9800,0.131348
W0/RB2out/12,Backward,9800,0.225076
W0/RB1out/12,Backward,9800,0.0502126
W0/RB1in/12,Backward,9800,0.0613352
RE-1/3/25,A,9800,0.0833301
RE-1/3/25,B,9800,0.0838506
RE-1/3/25,C,9800,0.0466148
RE-1/2/9,A,9800,0.107768
RE-1/2/9,B,9800,0.184591
RE-1/2/9,C,9800,0.0726199
RE-1/2/10,A,9800,0.0664282
RE-1/2/10,B,9800,0.105968
RE-1/2/10,C,9800,0.0742973
RE-1/2/11,A,9800,0.135772
RE-1/2/11,B,9800,0.123903
RE-1/2/11,C,9800,0.0649173
RE-1/3/9,A,9800,0.698849
RE-1/3/9,B,9800,0.115959
RE-1/3/9,C,9800,0.0981728
RE-1/3/10,A,9800,0
RE-1/3/10,B,9800,0.0762297
RE-1/3/10,C,9800,0.0825655
RE-1/3/11,A,9800,0.0949232
RE-1/3/11,B,9800,0.118104
RE-1/3/11,C,9800,0.146848
RE-2/2/11,A,9800,0.128695
RE-2/2/11,B,9800,0.157112
RE-2/2/11,C,9800,0.11951
RE-2/2/12,A,9800,0.191799
RE-2/2/12,B,9800,0.325033
RE-2/2/12,C,9800,0.190529
RE-2/2/13,A,9800,0.128759
RE-2/2/13,B,9800,0.199017
RE-2/2/13,C,9800,0.152618
RE-2/3/11,A,9800,0.141643
RE-2/3/11,B,9800,0.147771
RE-2/3/11,C,9800,0.115287
RE-2/3/12,A,9800,0.125471
RE-2/3/12,B,9800,0.195805
RE-2/3/12,C,9800,0.203518
RE-2/3/13,A,9800,0.159173
RE-2/3/13,B,9800,0.154149
RE-2/3/13,C,9800,0.129721
RE-1/2/12,A,9800,0.0992782
RE-1/2/12,B,9800,0.0932225
RE-1/2/12,C,9800,0.0761073
RE-1/2/13,A,9800,0.0861205
RE-1/2/13,B,9800,0.155693
RE-1/2/13,C,9800,0.0586755
RE-1/2/14,A,9800,0.261953
RE-1/2/14,B,9800,0.180799
RE-1/2/14,C,9800,0.1096
RE-1/3/12,A,9800,0.065667
RE-1/3/12,B,9800,0.0600928
RE-1/3/12,C,9800,0.0267173
RE-1/3/13,A,9800,0.077024
RE-1/3/13,B,9800,0.118434
RE-1/3/13,C,9800,0.104375
RE-1/3/14,A,9800,0.145574
RE-1/3/14,B,9800,0.0955331
RE-1/3/14,C,9800,0.0694378
RE-2/2/14,A,9800,0.115031
RE-2/2/14,B,9800,0.171517
RE-2/2/14,C,9800,0.0992496
RE-2/2/15,A,9800,0.163504
RE-2/2/15,B,9800,0.246456
RE-2/2/15,C,9800,0.160891
RE-2/2/16,A,9800,0.163986
RE-2/2/16,B,9800,0.231017
RE-2/2/16,C,9800,0.204066
RE-2/3/14,A,9800,0.122068
RE-2/3/14,B,9800,0.124737
RE-2/3/14,C,9800,0.0706066
RE-2/3/15,A,9800,0.111403
RE-2/3/15,B,9800,0.125133
RE-2/3/15,C,9800,0.113564
RE-2/3/16,A,9800,0.105524
RE-2/3/16,B,9800,0.115053
RE-2/3/16,C,9800,0.163321
RE-1/2/15,A,9800,0.20845
RE-1/2/15,B,9800,0.227459
RE-1/2/15,C,9800,0.177964
RE-1/2/16,A,9800,0.463048
RE-1/2/16,B,9800,0.161714
RE-1/2/16,C,9800,0.126327
RE-1/2/17,A,9800,0.0996619
RE-1/2/17,B,9800,0.0982628
RE-1/2/17,C,9800,0.044295
RE-1/3/15,A,9800,0.0645327
RE-1/3/15,B,9800,0.0554103
RE-1/3/15,C,9800,0.050735
RE-1/3/16,A,9800,0.0552212
RE-1/3/16,B,9800,0.0614009
RE-1/3/16,C,9800,0.0516834
RE-1/3/17,A,9800,0.0438982
RE-1/3/17,B,9800,0.0357478
RE-1/3/17,C,9800,0.0289804
RE-2/2/17,A,9800,0.117079
RE-2/2/17,B,9800,0.16313
RE-2/2/17,C,9800,0.0997521
RE-2/2/18,A,9800,0.185557
RE-2/2/18,B,9800,0.206375
RE-2/2/18,C,9800,0.132656
RE-2/2/19,A,9800,0.21303
RE-2/2/19,B,9800,0.255959
RE-2/2/19,C,9800,0.173655
RE-2/3/17,A,9800,0.197709
RE-2/3/17,B,9800,0.216999
RE-2/3/17,C,9800,0.220187
RE-2/3/18,A,9800,0.113443
RE-2/3/18,B,9800,0.153648
RE-2/3/18,C,9800,0.13093
RE-2/3/19,A,9800,0.164894
RE-2/3/19,B,9800,0.176432
RE-2/3/19,C,9800,0.169316
RE-1/2/18,A,9800,0.0631045
RE-1/2/18,B,9800,0.108846
RE-1/2/18,C,9800,0.149199
RE-1/2/19,A,9800,0.0805472
RE-1/2/19,B,9800,0.129922
RE-1/2/19,C,9800,0.10195
RE-1/2/20,A,9800,0.103814
RE-1/2/20,B,9800,0.133105
RE-1/2/20,C,9800,0.223288
RE-1/3/18,A,9800,0.0871438
RE-1/3/18,B,9800,0.106923
RE-1/3/18,C,9800,0.0595481
RE-1/3/19,A,9800,0.540142
RE-1/3/19,B,9800,0.25099
RE-1/3/19,C,9800,0.203186
RE-1/3/20,A,9800,0.0744167
RE-1/3/20,B,9800,0.0597806
RE-1/3/20,C,9800,0.0522654
RE-2/2/20,A,9800,0.0957663
RE-2/2/20,B,9800,0.128987
RE-2/2/20,C,9800,0.104493
RE-2/2/21,A,9800,0.481305
RE-2/2/21,B,9800,0.211159
RE-2/2/21,C,9800,0.784369
RE-2/2/22,A,9800,0.212628
RE-2/2/22,B,9800,0.295446
RE-2/2/22,C,9800,0.22596
RE-2/3/20,A,9800,0.159996
RE-2/3/20,B,9800,0.186385
RE-2/3/20,C,9800,0.154969
RE-2/3/21,A,9800,0.112148
RE-2/3/21,B,9800,0.13421
RE-2/3/21,C,9800,0.137697
RE-2/3/22,A,9800,0.190279
RE-2/3/22,B,9800,0.223277
RE-2/3/22,C,9800,0.216133
RE-1/2/21,A,9800,0.102103
RE-1/2/21,B,9800,0.0993695
RE-1/2/21,C,9800,0.0774037
RE-1/2/22,A,9800,6.51465
RE-1/2/22,B,9800,0.0809818
RE-1/2/22,C,9800,0.57925
RE-1/2/23,A,9800,0.0608441
RE-1/2/23,B,9800,0.0803121
RE-1/2/23,C,9800,0.061055
RE-1/3/21,A,9800,0.0963304
RE-1/3/21,B,9800,0.0733471
RE-1/3/21,C,9800,0.0814689
RE-1/3/22,A,9800,0.120882
RE-1/3/22,B,9800,0.0813698
RE-1/3/22,C,9800,0.0640218
RE-1/3/23,A,9800,0.0997096
RE-1/3/23,B,9800,0.0575625
RE-1/3/23,C,9800,0.0359563
RE-2/2/23,A,9800,0.124801
RE-2/2/23,B,9800,0.137395
RE-2/2/23,C,9800,0.145297
RE-2/2/24,A,9800,0.147933
RE-2/2/24,B,9800,0.250149
RE-2/2/24,C,9800,0.206984
RE-2/2/25,A,9800,0.22528
RE-2/2/25,B,9800,0.297576
RE-2/2/25,C,9800,0.178095
RE-2/3/23,A,9800,0.2032
RE-2/3/23,B,9800,0.22971
RE-2/3/23,C,9800,0.178005
RE-2/3/24,A,9800,0.151305
RE-2/3/24,B,9800,0.223452
RE-2/3/24,C,9800,0.21702
RE-2/3/25,A,9800,0.26818
RE-2/3/25,B,9800,0.157883
RE-2/3/25,C,9800,0.138865
RE-1/2/24,A,9800,0.0707966
RE-1/2/24,B,9800,0.108613
RE-1/2/24,C,9800,0.118788
RE-1/2/25,A,9800,0.0926245
RE-1/2/25,B,9800,0.127464
RE-1/2/25,C,9800,0.0822828
RE-1/2/26,A,9800,0.0784789
RE-1/2/26,B,9800,0.154423
RE-1/2/26,C,9800,0.0647079
RE-1/3/24,A,9800,0.171719
RE-1/3/24,B,9800,0.0967474
RE-1/3/24,C,9800,0.0349314
RE-1/3/26,A,9800,0.0983978
RE-1/3/26,B,9800,0.0843948
RE-1/3/26,C,9800,0.0629341
RE-2/2/26,A,9800,0.210615
RE-2/2/26,B,9800,0.174104
RE-2/2/26,C,9800,0.120143
RE-2/2/27,A,9800,0.513125
RE-2/2/27,B,9800,1.75779
RE-2/2/27,C,9800,1.11625
RE-2/2/28,A,9800,0.243029
RE-2/2/28,B,9800,0.357298
RE-2/2/28,C,9800,0.731299
RE-2/3/26,A,9800,0.193467
RE-2/3/26,B,9800,0.191496
RE-2/3/26,C,9800,0.227084
RE-2/3/27,A,9800,0.223892
RE-2/3/27,B,9800,0.204037
RE-2/3/27,C,9800,0.790735
RE-2/3/28,A,9800,0.1698
RE-2/3/28,B,9800,0.178469
RE-2/3/28,C,9800,0.138533
RE-1/3/34,A,9800,0.524057
RE-1/3/34,B,9800,0.107544
RE-1/3/34,C,9800,0.0608755
RE-1/2/36,A,9800,0.0929364
RE-1/2/36,B,9800,0.0839445
RE-1/2/36,C,9800,0.701851
RE-1/2/1,A,9800,0.148292
RE-1/2/1,B,9800,0.128374
RE-1/2/1,C,9800,0.103612
RE-1/2/2,A,9800,0.0880048
RE-1/2/2,B,9800,0.0928732
RE-1/2/2,C,9800,0.0938646
RE-1/3/36,A,9800,0.178336
RE-1/3/36,B,9800,0.157756
RE-1/3/36,C,9800,0.0966969
RE-1/3/1,A,9800,0.11947
RE-1/3/1,B,9800,0.0862704
RE-1/3/1,C,9800,0.0642482
RE-1/3/2,A,9800,0.0511879
RE-1/3/2,B,9800,0.0413873
RE-1/3/2,C,9800,0.0370654
RE-2/2/2,A,9800,0.120325
RE-2/2/2,B,9800,0.173798
RE-2/2/2,C,9800,0.114894
RE-2/2/3,A,9800,0.184218
RE-2/2/3,B,9800,0.210531
RE-2/2/3,C,9800,0.337314
RE-2/2/4,A,9800,0.109797
RE-2/2/4,B,9800,0.208012
RE-2/2/4,C,9800,0.176922
RE-2/3/2,A,9800,0.141345
RE-2/3/2,B,9800,0.226272
RE-2/3/2,C,9800,0.520456
RE-2/3/3,A,9800,0.227847
RE-2/3/3,B,9800,0.257923
RE-2/3/3,C,9800,0.340027
RE-2/3/4,A,9800,0.197588
RE-2/3/4,B,9800,0.217942
RE-2/3/4,C,9800,0.193766
RE-1/2/3,A,9800,0.0942412
RE-1/2/3,B,9800,0.151512
RE-1/2/3,C,9800,0.113455
RE-1/2/4,A,9800,0.0749743
RE-1/2/4,B,9800,0.0757057
RE-1/2/4,C,9800,0.062143
RE-1/2/5,A,9800,0.486755
RE-1/2/5,B,9800,0.146436
RE-1/2/5,C,9800,0.178624
RE-1/3/3,A,9800,0.105364
RE-1/3/3,B,9800,0.104586
RE-1/3/3,C,9800,0.070849
RE-1/3/4,A,9800,4.02516
RE-1/3/4,B,9800,0.148068
RE-1/3/4,C,9800,0.108358
RE-1/3/5,A,9800,0.0537312
RE-1/3/5,B,9800,0.048244
RE-1/3/5,C,9800,0.0425777
RE-2/2/5,A,9800,0.0962193
RE-2/2/5,B,9800,0.147379
RE-2/2/5,C,9800,0.113175
RE-2/2/6,A,9800,0.174911
RE-2/2/6,B,9800,0.181253
RE-2/2/6,C,9800,0.234761
RE-2/2/7,A,9800,0.248516
RE-2/2/7,B,9800,0.265154
RE-2/2/7,C,9800,0.150724
RE-2/3/5,A,9800,0.187409
RE-2/3/5,B,9800,0.140857
RE-2/3/5,C,9800,0.13812
RE-2/3/6,A,9800,0.241467
RE-2/3/6,B,9800,0.211331
RE-2/3/6,C,9800,0.200515
RE-2/3/7,A,9800,0.904958
RE-2/3/7,B,9800,0.182853
RE-2/3/7,C,9800,0.158865
RE-1/2/6,A,9800,0.177369
RE-1/2/6,B,9800,0.286556
RE-1/2/6,C,9800,0.0839443
RE-1/2/7,A,9800,0.140614
RE-1/2/7,B,9800,0.269235
RE-1/2/7,C,9800,0.0892325
RE-1/2/8,A,9800,0.201463
RE-1/2/8,B,9800,0.275237
RE-1/2/8,C,9800,0.201473
RE-1/3/6,A,9800,0.0886496
RE-1/3/6,B,9800,0.0707651
RE-1/3/6,C,9800,0.0348108
RE-1/3/7,A,9800,0.155986
RE-1/3/7,B,9800,0.198862
RE-1/3/7,C,9800,0.158351
RE-1/3/8,A,9800,0.0965202
RE-1/3/8,B,9800,0.0541376
RE-1/3/8,C,9800,0.0419125
RE-2/2/8,A,9800,2.86234
RE-2/2/8,B,9800,0.182177
RE-2/2/8,C,9800,0.0813285
RE-2/2/9,A,9800,0.127312
RE-2/2/9,B,9800,0.14946
RE-2/2/9,C,9800,0.161616
RE-2/2/10,A,9800,0.15027
RE-2/2/10,B,9800,0.313306
RE-2/2/10,C,9800,0.265385
RE-2/3/8,A,9800,0.133938
RE-2/3/8,B,9800,0.170226
RE-2/3/8,C,9800,0.138512
RE-2/3/9,A,9800,0.146364
RE-2/3/9,B,9800,0.175814
RE-2/3/9,C,9800,0.149896
RE-2/3/10,A,9800,0.219267
RE-2/3/10,B,9800,0.252736
RE-2/3/10,C,9800,0.199739
RE-1/2/27,A,9800,0.0801641
RE-1/2/27,B,9800,0.115214
RE-1/2/27,C,9800,0.147113
RE-1/2/28,A,9800,0.0584347
RE-1/2/28,B,9800,0.0506301
RE-1/2/28,C,9800,0.0417577
RE-1/2/29,A,9800,0.0600191
RE-1/2/29,B,9800,0.052238
RE-1/2/29,C,9800,0.0397328
RE-1/3/27,A,9800,0.160009
RE-1/3/27,B,9800,0.183672
RE-1/3/27,C,9800,0.0987597
RE-1/3/28,A,9800,0.0880822
RE-1/3/28,B,9800,0.0751749
RE-1/3/28,C,9800,0.038817
RE-1/3/29,A,9800,0.202189
RE-1/3/29,B,9800,0.12413
RE-1/3/29,C,9800,0.132634
RE-2/2/29,A,9800,0.0942521
RE-2/2/29,B,9800,0.140614
RE-2/2/29,C,9800,0.695578
RE-2/2/30,A,9800,0.198566
RE-2/2/30,B,9800,0.234943
RE-2/2/30,C,9800,0.275346
RE-2/2/31,A,9800,0.160464
RE-2/2/31,B,9800,0.158788
RE-2/2/31,C,9800,0.110734
RE-2/3/29,A,9800,0.165705
RE-2/3/29,B,9800,0.182175
RE-2/3/29,C,9800,0.0870271
RE-2/3/30,A,9800,0.130551
RE-2/3/30,B,9800,0.176283
RE-2/3/30,C,9800,0.210171
RE-2/3/31,A,9800,0.182744
RE-2/3/31,B,9800,0.218476
RE-2/3/31,C,9800,0.210638
RE-1/2/30,A,9800,0.0890488
RE-1/2/30,B,9800,0.274868
RE-1/2/30,C,9800,0.105128
RE-1/2/31,A,9800,0.021982
RE-1/2/31,B,9800,0.324478
RE-1/2/31,C,9800,0.0151211
RE-1/2/32,A,9800,0.116109
RE-1/2/32,B,9800,0.216876
RE-1/2/32,C,9800,0.0670407
RE-1/3/30,A,9800,0.142771
RE-1/3/30,B,9800,0.0681265
RE-1/3/30,C,9800,0.0772737
RE-1/3/31,A,9800,0.18615
RE-1/3/31,B,9800,0.236004
RE-1/3/31,C,9800,0.129439
RE-1/3/32,A,9800,23.4393
RE-1/3/32,B,9800,0.0599866
RE-1/3/32,C,9800,0.0745145
RE-2/2/32,A,9800,0.106905
RE-2/2/32,B,9800,0.112881
RE-2/2/32,C,9800,0.105705
RE-2/2/33,A,9800,0.164176
RE-2/2/33,B,9800,0.246884
RE-2/2/33,C,9800,0.235645
RE-2/2/34,A,9800,47.4072
RE-2/2/34,B,9800,0.256531
RE-2/2/34,C,9800,0.234773
RE-2/3/32,A,9800,0.148154
RE-2/3/32,B,9800,0.130951
RE-2/3/32,C,9800,0.132234
RE-2/3/33,A,9800,0.175329
RE-2/3/33,B,9800,0.270143
RE-2/3/33,C,9800,0.198351
RE-2/3/34,A,9800,0.169151
RE-2/3/34,B,9800,0.175551
RE-2/3/34,C,9800,0.200032
RE-1/2/33,A,9800,0.0890104
RE-1/2/33,B,9800,0.104889
RE-1/2/33,C,9800,0.0916368
RE-1/2/34,A,9800,0.0759118
RE-1/2/34,B,9800,0.155332
RE-1/2/34,C,9800,0.0658057
RE-1/2/35,A,9800,0.137978
RE-1/2/35,B,9800,0.084859
RE-1/2/35,C,9800,0.0973313
RE-1/3/33,A,9800,1.57827
RE-1/3/33,B,9800,0.12431
RE-1/3/33,C,9800,0.0799763
RE-1/3/35,A,9800,0.0368981
RE-1/3/35,B,9800,0.0550475
RE-1/3/35,C,9800,0.0576829
RE-2/2/35,A,9800,0.149555
RE-2/2/35,B,9800,0.158227
RE-2/2/35,C,9800,0.123217
RE-2/2/36,A,9800,0.263257
RE-2/2/36,B,9800,0.288304
RE-2/2/36,C,9800,0.164052
RE-2/2/1,A,9800,0.158336
RE-2/2/1,B,9800,0.209491
RE-2/2/1,C,9800,0.194575
RE-2/3/35,A,9800,0.171657
RE-2/3/35,B,9800,0.210185
RE-2/3/35,C,9800,0.165504
RE-2/3/36,A,9800,0.127767
RE-2/3/36,B,9800,0.129048
RE-2/3/36,C,9800,0.164874
RE-2/3/1,A,9800,0.169499
RE-2/3/1,B,9800,0.171428
RE-2/3/1,C,9800,0.167539
RE-3/3/22,A,9800,0.14502
RE-3/3/22,B,9800,0.0467704
RE-3/3/22,C,9800,0.0285621
RE-4/2/9,A,9800,0.0793381
RE-4/2/9,B,9800,0.911948
RE-4/2/9,C,9800,0.0411487
RE-4/2/10,A,9800,0.136423
RE-4/2/10,B,9800,0.068062
RE-4/2/10,C,9800,0.0471816
RE-4/2/11,A,9800,0.143265
RE-4/2/11,B,9800,0.119245
RE-4/2/11,C,9800,0.0526206
RE-4/3/9,A,9800,0.0586914
RE-4/3/9,B,9800,0.0952747
RE-4/3/9,C,9800,0.0860902
RE-4/3/10,A,9800,0.0577476
RE-4/3/10,B,9800,0.0764832
RE-4/3/10,C,9800,0.0501477
RE-4/3/11,A,9800,0.0539493
RE-4/3/11,B,9800,0.168717
RE-4/3/11,C,9800,0.0340748
RE-4/2/12,A,9800,0.0473572
RE-4/2/12,B,9800,0.0597146
RE-4/2/12,C,9800,0.031583
RE-4/2/13,A,9800,0.160059
RE-4/2/13,B,9800,0.101991
RE-4/2/13,C,9800,0.0729694
RE-4/2/14,A,9800,0.0443355
RE-4/2/14,B,9800,0.0609258
RE-4/2/14,C,9800,0.388614
RE-4/3/12,A,9800,0.0739059
RE-4/3/12,B,9800,0.074452
RE-4/3/12,C,9800,0.0372298
RE-4/3/13,A,9800,0.173716
RE-4/3/13,B,9800,0.0515562
RE-4/3/13,C,9800,0.0391339
RE-4/3/14,A,9800,0.0945814
RE-4/3/14,B,9800,0.123991
RE-4/3/14,C,9800,0.068344
RE-4/2/15,A,9800,0.048157
RE-4/2/15,B,9800,0.0672466
RE-4/2/15,C,9800,0.0373136
RE-4/2/16,A,9800,0.0464113
RE-4/2/16,B,9800,0.143715
RE-4/2/16,C,9800,0.0483316
RE-4/2/17,A,9800,0.377956
RE-4/2/17,B,9800,0.112108
RE-4/2/17,C,9800,0.842319
RE-4/3/15,A,9800,0.0351883
RE-4/3/15,B,9800,0.0771451
RE-4/3/15,C,9800,0.0398281
RE-4/3/16,A,9800,0.0994864
RE-4/3/16,B,9800,0.493638
RE-4/3/16,C,9800,0.108373
RE-4/3/17,A,9800,0.045119
RE-4/3/17,B,9800,0.0873411
RE-4/3/17,C,9800,0.0752704
RE-4/2/18,A,9800,0.275109
RE-4/2/18,B,9800,0.0404271
RE-4/2/18,C,9800,0.0438078
RE-4/2/19,A,9800,0.14939
RE-4/2/19,B,9800,0.138477
RE-4/2/19,C,9800,0.058241
RE-4/2/20,A,9800,0.190882
RE-4/2/20,B,9800,0.155748
RE-4/2/20,C,9800,0.22066
RE-4/3/18,A,9800,0.0454453
RE-4/3/18,B,9800,0.0374875
RE-4/3/18,C,9800,0.031669
RE-4/3/19,A,9800,0.0727894
RE-4/3/19,B,9800,0.179189
RE-4/3/19,C,9800,0.112018
RE-4/3/20,A,9800,0.104423
RE-4/3/20,B,9800,0.0778422
RE-4/3/20,C,9800,0.0606631
RE-4/2/21,A,9800,0.124043
RE-4/2/21,B,9800,0.1034
RE-4/2/21,C,9800,0.10172
RE-4/2/22,A,9800,0.0542255
RE-4/2/22,B,9800,0.0292931
RE-4/2/22,C,9800,0.0138663
RE-4/2/23,A,9800,0.060085
RE-4/2/23,B,9800,0.0630389
RE-4/2/23,C,9800,0.0740173
RE-4/3/21,A,9800,0.0687548
RE-4/3/21,B,9800,0.152212
RE-4/3/21,C,9800,0.748066
RE-4/3/22,A,9800,0.04896
RE-4/3/22,B,9800,0.0602847
RE-4/3/22,C,9800,0.0627389
RE-4/3/23,A,9800,0.623367
RE-4/3/23,B,9800,0.143808
RE-4/3/23,C,9800,0.0483691
RE-4/2/24,A,9800,0.0686133
RE-4/2/24,B,9800,0.0853777
RE-4/2/24,C,9800,0.0499946
RE-4/2/25,A,9800,0.0949939
RE-4/2/25,B,9800,0.0801685
RE-4/2/25,C,9800,0.08199
RE-4/2/26,A,9800,0.0924961
RE-4/2/26,B,9800,0.262318
RE-4/2/26,C,9800,0.0802875
RE-4/3/24,A,9800,0.0530555
RE-4/3/24,B,9800,0.206383
RE-4/3/24,C,9800,0.10382
RE-4/3/25,A,9800,0.0365369
RE-4/3/25,B,9800,0.132247
RE-4/3/25,C,9800,0.0944548
RE-4/3/26,A,9800,8.76839
RE-4/3/26,B,9800,0.0973861
RE-4/3/26,C,9800,0.0940293
RE-3/2/9,A,9800,0.0641537
RE-3/2/9,B,9800,0.0828232
RE-3/2/9,C,9800,0.0712115
RE-3/2/10,A,9800,0.140871
RE-3/2/10,B,9800,0.16582
RE-3/2/10,C,9800,0.0659487
RE-3/2/11,A,9800,0.0821662
RE-3/2/11,B,9800,0.105626
RE-3/2/11,C,9800,0.101962
RE-3/3/9,A,9800,0.149223
RE-3/3/9,B,9800,0.091197
RE-3/3/9,C,9800,0.044883
RE-3/3/10,A,9800,0.0759229
RE-3/3/10,B,9800,0.101765
RE-3/3/10,C,9800,0.0815017
RE-3/3/11,A,9800,0.0884228
RE-3/3/11,B,9800,0.104661
RE-3/3/11,C,9800,0.0714315
RE-3/2/12,A,9800,0.0682987
RE-3/2/12,B,9800,0.123867
RE-3/2/12,C,9800,0.0727169
RE-3/2/13,A,9800,0.0759513
RE-3/2/13,B,9800,0.237385
RE-3/2/13,C,9800,0.0926963
RE-3/2/14,A,9800,0.140428
RE-3/2/14,B,9800,0.0702399
RE-3/2/14,C,9800,0.267854
RE-3/3/12,A,9800,0.0746585
RE-3/3/12,B,9800,0.0954696
RE-3/3/12,C,9800,0.0702194
RE-3/3/13,A,9800,0.0571796
RE-3/3/13,B,9800,0.10833
RE-3/3/13,C,9800,0.0933198
RE-3/3/14,A,9800,0.0606477
RE-3/3/14,B,9800,0.123745
RE-3/3/14,C,9800,0.0805368
RE-3/2/15,A,9800,0.0830155
RE-3/2/15,B,9800,0.0795692
RE-3/2/15,C,9800,0.0529095
RE-3/2/16,A,9800,0.0654766
RE-3/2/16,B,9800,0.0917005
RE-3/2/16,C,9800,0.126955
RE-3/2/17,A,9800,0.033844
RE-3/2/17,B,9800,0.0619269
RE-3/2/17,C,9800,0.0413349
RE-3/3/15,A,9800,0.136969
RE-3/3/15,B,9800,0.193822
RE-3/3/15,C,9800,0.14989
RE-3/3/16,A,9800,0.082609
RE-3/3/16,B,9800,0.129834
RE-3/3/16,C,9800,0.146054
RE-3/3/17,A,9800,0.138131
RE-3/3/17,B,9800,0.109412
RE-3/3/17,C,9800,0.0792997
RE-3/2/18,A,9800,0.0588357
RE-3/2/18,B,9800,0.0509255
RE-3/2/18,C,9800,0.0439634
RE-3/2/19,A,9800,0.0760448
RE-3/2/19,B,9800,0.0738923
RE-3/2/19,C,9800,0.090749
RE-3/2/20,A,9800,0.095116
RE-3/2/20,B,9800,0.149017
RE-3/2/20,C,9800,0.167856
RE-3/3/18,A,9800,0.0634642
RE-3/3/18,B,9800,0.0913426
RE-3/3/18,C,9800,0.0571528
RE-3/3/19,A,9800,0.119751
RE-3/3/19,B,9800,0.103685
RE-3/3/19,C,9800,0.111988
RE-3/3/20,A,9800,0.108645
RE-3/3/20,B,9800,0.0968882
RE-3/3/20,C,9800,0.0623407
RE-3/2/21,A,9800,0.0875108
RE-3/2/21,B,9800,0.115182
RE-3/2/21,C,9800,0.119396
RE-3/2/22,A,9800,0.0430683
RE-3/2/22,B,9800,0.0958535
RE-3/2/22,C,9800,0.0791078
RE-3/2/23,A,9800,0.0555435
RE-3/2/23,B,9800,0.0971669
RE-3/2/23,C,9800,0.0634748
RE-3/3/21,A,9800,0.071603
RE-3/3/21,B,9800,0.097191
RE-3/3/21,C,9800,0.0532681
RE-3/3/23,A,9800,0.0444504
RE-3/3/23,B,9800,0.0547689
RE-3/3/23,C,9800,0.0499437
RE-3/2/24,A,9800,0.0380601
RE-3/2/24,B,9800,0.0543316
RE-3/2/24,C,9800,0.0432794
RE-3/2/25,A,9800,0.0457671
RE-3/2/25,B,9800,0.053815
RE-3/2/25,C,9800,0.0460697
RE-3/2/26,A,9800,0.0577631
RE-3/2/26,B,9800,0.0782803
RE-3/2/26,C,9800,0.0834219
RE-3/3/24,A,9800,0.0511632
RE-3/3/24,B,9800,0.0694551
RE-3/3/24,C,9800,0.0623427
RE-3/3/25,A,9800,0.0591984
RE-3/3/25,B,9800,0.0570197
RE-3/3/25,C,9800,0.0568961
RE-3/3/26,A,9800,0.140211
RE-3/3/26,B,9800,0.191071
RE-3/3/26,C,9800,0.136039
RE-3/3/28,A,9800,0.0504383
RE-3/3/28,B,9800,0.0553072
RE-3/3/28,C,9800,0.0584052
RE-4/2/33,A,9800,0.0591787
RE-4/2/33,B,9800,0.0493566
RE-4/2/33,C,9800,0.0305167
RE-4/2/34,A,9800,0.0865149
RE-4/2/34,B,9800,0.0915577
RE-4/2/34,C,9800,0.0726153
RE-4/2/35,A,9800,0.545961
RE-4/2/35,B,9800,0.178972
RE-4/2/35,C,9800,0.352128
RE-4/3/33,A,9800,1.68557
RE-4/3/33,B,9800,0.923566
RE-4/3/33,C,9800,0.0656645
RE-4/3/34,A,9800,0.0716183
RE-4/3/34,B,9800,0.0760777
RE-4/3/34,C,9800,0.0705078
RE-4/3/35,A,9800,0.0895169
RE-4/3/35,B,9800,0.280464
RE-4/3/35,C,9800,5.18832
RE-4/2/36,A,9800,1.16562
RE-4/2/36,B,9800,0.278917
RE-4/2/36,C,9800,0.382449
RE-4/2/1,A,9800,0.0856148
RE-4/2/1,B,9800,0.0922331
RE-4/2/1,C,9800,0.0524533
RE-4/2/2,A,9800,0.0914052
RE-4/2/2,B,9800,0.121497
RE-4/2/2,C,9800,0.0900076
RE-4/3/36,A,9800,0.256716
RE-4/3/36,B,9800,0.128272
RE-4/3/36,C,9800,0.361541
RE-4/3/1,A,9800,0.0555613
RE-4/3/1,B,9800,0.101409
RE-4/3/1,C,9800,0.0824544
RE-4/3/2,A,9800,0.783769
RE-4/3/2,B,9800,0.0819908
RE-4/3/2,C,9800,0.0687771
RE-4/2/3,A,9800,0.106559
RE-4/2/3,B,9800,0.0897065
RE-4/2/3,C,9800,0.38324
RE-4/2/4,A,9800,0.150637
RE-4/2/4,B,9800,0.271935
RE-4/2/4,C,9800,0.851381
RE-4/2/5,A,9800,0.563942
RE-4/2/5,B,9800,0.0735169
RE-4/2/5,C,9800,0.67034
RE-4/3/3,A,9800,0.0464834
RE-4/3/3,B,9800,0.106352
RE-4/3/3,C,9800,0.221073
RE-4/3/4,A,9800,0.061294
RE-4/3/4,B,9800,0.0570531
RE-4/3/4,C,9800,0.0815878
RE-4/3/5,A,9800,0.0261962
RE-4/3/5,B,9800,0.124694
RE-4/3/5,C,9800,0.0357673
RE-4/2/6,A,9800,0.0997431
RE-4/2/6,B,9800,0.0876222
RE-4/2/6,C,9800,0.0392425
RE-4/2/7,A,9800,0.0932606
RE-4/2/7,B,9800,0.0516324
RE-4/2/7,C,9800,8.16948
RE-4/2/8,A,9800,0.833392
RE-4/2/8,B,9800,0.500972
RE-4/2/8,C,9800,0.268934
RE-4/3/6,A,9800,0.0464454
RE-4/3/6,B,9800,0.0587088
RE-4/3/6,C,9800,0.0474497
RE-4/3/7,A,9800,0.0677675
RE-4/3/7,B,9800,0.141547
RE-4/3/7,C,9800,0.0991582
RE-4/3/8,A,9800,0.637131
RE-4/3/8,B,9800,0.580135
RE-4/3/8,C,9800,0.572563
RE-4/2/27,A,9800,0.542902
RE-4/2/27,B,9800,1.68411
RE-4/2/27,C,9800,0.0341764
RE-4/2/28,A,9800,0.176035
RE-4/2/28,B,9800,0.0572709
RE-4/2/28,C,9800,0.0690507
RE-4/2/29,A,9800,0.0619526
RE-4/2/29,B,9800,0.28838
RE-4/2/29,C,9800,0.0540982
RE-4/3/27,A,9800,0.0476933
RE-4/3/27,B,9800,0.12084
RE-4/3/27,C,9800,0.145159
RE-4/3/28,A,9800,0.0388979
RE-4/3/28,B,9800,0.568317
RE-4/3/28,C,9800,0.0680293
RE-4/3/29,A,9800,0.0754266
RE-4/3/29,B,9800,0.62712
RE-4/3/29,C,9800,0.109204
RE-4/2/30,A,9800,0.0565915
RE-4/2/30,B,9800,0.10099
RE-4/2/30,C,9800,0.0713306
RE-4/2/31,A,9800,0.0768901
RE-4/2/31,B,9800,0.0489899
RE-4/2/31,C,9800,0.0355301
RE-4/2/32,A,9800,0.103493
RE-4/2/32,B,9800,0.236981
RE-4/2/32,C,9800,0.0925515
RE-4/3/30,A,9800,2.89752
RE-4/3/30,B,9800,0.0429406
RE-4/3/30,C,9800,0.0342759
RE-4/3/31,A,9800,1.33174
RE-4/3/31,B,9800,0.0898184
RE-4/3/31,C,9800,0.067594
RE-4/3/32,A,9800,0.0427499
RE-4/3/32,B,9800,0.0663189
RE-4/3/32,C,9800,0.0671097
RE-3/2/33,A,9800,0.0719145
RE-3/2/33,B,9800,0.181751
RE-3/2/33,C,9800,0.116801
RE-3/2/34,A,9800,0.0408043
RE-3/2/34,B,9800,0.0671674
RE-3/2/34,C,9800,0.0668191
RE-3/2/35,A,9800,0
RE-3/2/35,B,9800,0
RE-3/2/35,C,9800,0
RE-3/3/33,A,9800,0.052444
RE-3/3/33,B,9800,0.102011
RE-3/3/33,C,9800,0.054467
RE-3/3/34,A,9800,0.0787201
RE-3/3/34,B,9800,0.0990609
RE-3/3/34,C,9800,0.0581673
RE-3/3/35,A,9800,0
RE-3/3/35,B,9800,0
RE-3/3/35,C,9800,0
RE-3/2/36,A,9800,0.506467
RE-3/2/36,B,9800,0.2877
RE-3/2/36,C,9800,0.201339
RE-3/2/1,A,9800,0.0726414
RE-3/2/1,B,9800,0.121505
RE-3/2/1,C,9800,0.0681674
RE-3/2/2,A,9800,0.0567601
RE-3/2/2,B,9800,0.0568584
RE-3/2/2,C,9800,0.0665148
RE-3/3/36,A,9800,0.0526955
RE-3/3/36,B,9800,0.0795251
RE-3/3/36,C,9800,0.0547611
RE-3/3/1,A,9800,0.0517376
RE-3/3/1,B,9800,0.0461156
RE-3/3/1,C,9800,0.0460513
RE-3/3/2,A,9800,0.0508953
RE-3/3/2,B,9800,0.0659635
RE-3/3/2,C,9800,0.0487743
RE-3/2/3,A,9800,0.0717133
RE-3/2/3,B,9800,0.0865289
RE-3/2/3,C,9800,0.0741755
RE-3/2/4,A,9800,0.0547957
RE-3/2/4,B,9800,0.0702707
RE-3/2/4,C,9800,0.0378825
RE-3/2/5,A,9800,0.0722798
RE-3/2/5,B,9800,0.0809078
RE-3/2/5,C,9800,0.0793312
RE-3/3/3,A,9800,0.0761787
RE-3/3/3,B,9800,0.086907
RE-3/3/3,C,9800,0.058139
RE-3/3/4,A,9800,0.0709132
RE-3/3/4,B,9800,0.0891213
RE-3/3/4,C,9800,0.0679484
RE-3/3/5,A,9800,0.526269
RE-3/3/5,B,9800,0.0755378
RE-3/3/5,C,9800,0.0915595
RE-3/2/6,A,9800,0.0759631
RE-3/2/6,B,9800,0.166511
RE-3/2/6,C,9800,0.0737322
RE-3/2/7,A,9800,0.0886095
RE-3/2/7,B,9800,0.129203
RE-3/2/7,C,9800,0.112204
RE-3/2/8,A,9800,1.16083
RE-3/2/8,B,9800,0.128578
RE-3/2/8,C,9800,0.0898058
RE-3/3/6,A,9800,0.119594
RE-3/3/6,B,9800,0.117942
RE-3/3/6,C,9800,0.103996
RE-3/3/7,A,9800,0.0601144
RE-3/3/7,B,9800,0.095724
RE-3/3/7,C,9800,0.0745994
RE-3/3/8,A,9800,0.0792874
RE-3/3/8,B,9800,0.12698
RE-3/3/8,C,9800,0.0903978
RE-3/2/27,A,9800,0.0929283
RE-3/2/27,B,9800,0.100507
RE-3/2/27,C,9800,0.0613717
RE-3/2/28,A,9800,0.0414129
RE-3/2/28,B,9800,0.0510143
RE-3/2/28,C,9800,0.0454467
RE-3/2/29,A,9800,0.0715954
RE-3/2/29,B,9800,0.0870934
RE-3/2/29,C,9800,0.0646738
RE-3/3/27,A,9800,0.0567082
RE-3/3/27,B,9800,0.117726
RE-3/3/27,C,9800,0.114351
RE-3/3/29,A,9800,0.0547597
RE-3/3/29,B,9800,0.102277
RE-3/3/29,C,9800,0.0822628
RE-3/2/30,A,9800,0.0512089
RE-3/2/30,B,9800,0.0611403
RE-3/2/30,C,9800,0.0597452
RE-3/2/31,A,9800,0.0419035
RE-3/2/31,B,9800,0.0803396
RE-3/2/31,C,9800,0.0601647
RE-3/2/32,A,9800,0.0300024
RE-3/2/32,B,9800,0.0416685
RE-3/2/32,C,9800,0.0317631
RE-3/3/30,A,9800,0.0688344
RE-3/3/30,B,9800,0.0972656
RE-3/3/30,C,9800,0.0542012
RE-3/3/31,A,9800,0.130724
RE-3/3/31,B,9800,0.181781
RE-3/3/31,C,9800,0.284005
RE-3/3/32,A,9800,0.0684536
RE-3/3/32,B,9800,0.0819174
RE-3/3/32,C,9800,0.0532194
RE+1/3/25,A,9800,9.28941e-05
RE+1/3/25,B,9800,9.12091e-06
RE+1/3/25,C,9800,6.72382e-05
RE+1/2/9,A,9800,0.0851589
RE+1/2/9,B,9800,0.120078
RE+1/2/9,C,9800,0.169311
RE+1/2/10,A,9800,0.945811
RE+1/2/10,B,9800,0.700721
RE+1/2/10,C,9800,0.302492
RE+1/2/11,A,9800,0.465772
RE+1/2/11,B,9800,0.988541
RE+1/2/11,C,9800,0.28092
RE+1/3/9,A,9800,0.221387
RE+1/3/9,B,9800,0.171205
RE+1/3/9,C,9800,0.160568
RE+1/3/10,A,9800,0.0659954
RE+1/3/10,B,9800,0.0669894
RE+1/3/10,C,9800,0.0414696
RE+1/3/11,A,9800,0.213555
RE+1/3/11,B,9800,0.164042
RE+1/3/11,C,9800,0.0857935
RE+2/2/11,A,9800,0.304351
RE+2/2/11,B,9800,0.233939
RE+2/2/11,C,9800,0.543808
RE+2/2/12,A,9800,0.154214
RE+2/2/12,B,9800,0.10863
RE+2/2/12,C,9800,0.0832347
RE+2/2/13,A,9800,0.131879
RE+2/2/13,B,9800,0.159183
RE+2/2/13,C,9800,0.242378
RE+2/3/11,A,9800,0.175112
RE+2/3/11,B,9800,0.128124
RE+2/3/11,C,9800,0.168215
RE+2/3/12,A,9800,0.144919
RE+2/3/12,B,9800,0.0872595
RE+2/3/12,C,9800,0.150941
RE+2/3/13,A,9800,0.497133
RE+2/3/13,B,9800,0.143383
RE+2/3/13,C,9800,0.11086
RE+1/2/12,A,9800,0.325926
RE+1/2/12,B,9800,0.537086
RE+1/2/12,C,9800,0.496708
RE+1/2/13,A,9800,0.121486
RE+1/2/13,B,9800,0.165338
RE+1/2/13,C,9800,0.095021
RE+1/2/14,A,9800,0.435722
RE+1/2/14,B,9800,0.659513
RE+1/2/14,C,9800,0.513384
RE+1/3/12,A,9800,0.111317
RE+1/3/12,B,9800,0.138233
RE+1/3/12,C,9800,0.152807
RE+1/3/13,A,9800,0.294222
RE+1/3/13,B,9800,0.250277
RE+1/3/13,C,9800,0.167235
RE+1/3/14,A,9800,0.0973066
RE+1/3/14,B,9800,0.0934605
RE+1/3/14,C,9800,0.0577997
RE+2/2/14,A,9800,0.152078
RE+2/2/14,B,9800,0.273707
RE+2/2/14,C,9800,0.332802
RE+2/2/15,A,9800,0.117059
RE+2/2/15,B,9800,0.128585
RE+2/2/15,C,9800,0.125753
RE+2/2/16,A,9800,0.148538
RE+2/2/16,B,9800,0.179032
RE+2/2/16,C,9800,0.202766
RE+2/3/14,A,9800,2.02039
RE+2/3/14,B,9800,0.292083
RE+2/3/14,C,9800,0.11507
RE+2/3/15,A,9800,0.172661
RE+2/3/15,B,9800,0.127415
RE+2/3/15,C,9800,0.147616
RE+2/3/16,A,9800,0.261387
RE+2/3/16,B,9800,0.105723
RE+2/3/16,C,9800,0.124047
RE+1/2/15,A,9800,0.347116
RE+1/2/15,B,9800,0.566398
RE+1/2/15,C,9800,0.409171
RE+1/2/16,A,9800,0.992303
RE+1/2/16,B,9800,1.07255
RE+1/2/16,C,9800,0.523669
RE+1/2/17,A,9800,0.894098
RE+1/2/17,B,9800,0.793457
RE+1/2/17,C,9800,0.714608
RE+1/3/15,A,9800,0.386212
RE+1/3/15,B,9800,0.178795
RE+1/3/15,C,9800,0.124595
RE+1/3/16,A,9800,0.128476
RE+1/3/16,B,9800,0.121986
RE+1/3/16,C,9800,0.0889288
RE+1/3/17,A,9800,0.209197
RE+1/3/17,B,9800,0.228018
RE+1/3/17,C,9800,0.118097
RE+2/2/17,A,9800,0.176408
RE+2/2/17,B,9800,0.348349
RE+2/2/17,C,9800,0.129415
RE+2/2/18,A,9800,0.167276
RE+2/2/18,B,9800,0.197846
RE+2/2/18,C,9800,0.208789
RE+2/2/19,A,9800,0.151153
RE+2/2/19,B,9800,0.151466
RE+2/2/19,C,9800,0.155372
RE+2/3/17,A,9800,1.58202
RE+2/3/17,B,9800,0.395406
RE+2/3/17,C,9800,0.795166
RE+2/3/18,A,9800,0.237555
RE+2/3/18,B,9800,0.211346
RE+2/3/18,C,9800,0.145201
RE+2/3/19,A,9800,0.116731
RE+2/3/19,B,9800,0.252828
RE+2/3/19,C,9800,0.142136
RE+1/2/18,A,9800,0.216163
RE+1/2/18,B,9800,0.0944717
RE+1/2/18,C,9800,0.0647017
RE+1/2/19,A,9800,0.17371
RE+1/2/19,B,9800,0.291989
RE+1/2/19,C,9800,0.173569
RE+1/2/20,A,9800,0.154291
RE+1/2/20,B,9800,0.226158
RE+1/2/20,C,9800,0.0882551
RE+1/3/18,A,9800,0.357223
RE+1/3/18,B,9800,0.172675
RE+1/3/18,C,9800,0.134936
RE+1/3/19,A,9800,0.245075
RE+1/3/19,B,9800,0.188578
RE+1/3/19,C,9800,0.13225
RE+1/3/20,A,9800,0.377365
RE+1/3/20,B,9800,0.345604
RE+1/3/20,C,9800,0.194012
RE+2/2/20,A,9800,0.131467
RE+2/2/20,B,9800,0.208078
RE+2/2/20,C,9800,0.192243
RE+2/2/21,A,9800,0.113105
RE+2/2/21,B,9800,0.139363
RE+2/2/21,C,9800,0.148806
RE+2/2/22,A,9800,0.131506
RE+2/2/22,B,9800,0.170448
RE+2/2/22,C,9800,0.228607
RE+2/3/20,A,9800,0.239492
RE+2/3/20,B,9800,0.273659
RE+2/3/20,C,9800,0.218095
RE+2/3/21,A,9800,1.5452
RE+2/3/21,B,9800,0.720127
RE+2/3/21,C,9800,0.168503
RE+2/3/22,A,9800,0.174144
RE+2/3/22,B,9800,0.0734242
RE+2/3/22,C,9800,0.0966154
RE+1/2/21,A,9800,0.374184
RE+1/2/21,B,9800,0.430073
RE+1/2/21,C,9800,0.283459
RE+1/2/22,A,9800,0.403469
RE+1/2/22,B,9800,0.683634
RE+1/2/22,C,9800,0.194869
RE+1/2/23,A,9800,0.754935
RE+1/2/23,B,9800,0.887822
RE+1/2/23,C,9800,0.485498
RE+1/3/21,A,9800,0.600804
RE+1/3/21,B,9800,0.398709
RE+1/3/21,C,9800,0.121988
RE+1/3/22,A,9800,0.50391
RE+1/3/22,B,9800,0.0612532
RE+1/3/22,C,9800,0.0423583
RE+1/3/23,A,9800,0.217883
RE+1/3/23,B,9800,0.164923
RE+1/3/23,C,9800,0.143156
RE+2/2/23,A,9800,0.0422511
RE+2/2/23,B,9800,0.0438859
RE+2/2/23,C,9800,0.0294135
RE+2/2/24,A,9800,0.144923
RE+2/2/24,B,9800,0.215752
RE+2/2/24,C,9800,0.203501
RE+2/2/25,A,9800,0.118635
RE+2/2/25,B,9800,0.153139
RE+2/2/25,C,9800,0.149346
RE+2/3/23,A,9800,0.0837602
RE+2/3/23,B,9800,0.108453
RE+2/3/23,C,9800,0.269276
RE+2/3/24,A,9800,0.711759
RE+2/3/24,B,9800,0.126148
RE+2/3/24,C,9800,0.189256
RE+2/3/25,A,9800,0.446291
RE+2/3/25,B,9800,0.0893591
RE+2/3/25,C,9800,0.0841038
RE+1/2/24,A,9800,0.0816882
RE+1/2/24,B,9800,0.0910202
RE+1/2/24,C,9800,0.0693565
RE+1/2/25,A,9800,0.581461
RE+1/2/25,B,9800,1.50969
RE+1/2/25,C,9800,1.23907
RE+1/2/26,A,9800,0.0582108
RE+1/2/26,B,9800,0.0786187
RE+1/2/26,C,9800,0.0851457
RE+1/3/24,A,9800,0.269233
RE+1/3/24,B,9800,0.112654
RE+1/3/24,C,9800,0.0867853
RE+1/3/26,A,9800,0.41702
RE+1/3/26,B,9800,0.223452
RE+1/3/26,C,9800,0.224207
RE+2/2/26,A,9800,0.683905
RE+2/2/26,B,9800,0.243105
RE+2/2/26,C,9800,0.281392
RE+2/2/27,A,9800,0.0619663
RE+2/2/27,B,9800,0.0499256
RE+2/2/27,C,9800,0.0471571
RE+2/2/28,A,9800,0.225758
RE+2/2/28,B,9800,0.159679
RE+2/2/28,C,9800,0.145937
RE+2/3/26,A,9800,0.315362
RE+2/3/26,B,9800,0.564621
RE+2/3/26,C,9800,0.18106
RE+2/3/27,A,9800,1.33515
RE+2/3/27,B,9800,0.889253
RE+2/3/27,C,9800,0.102389
RE+2/3/28,A,9800,0.211712
RE+2/3/28,B,9800,0.125035
RE+2/3/28,C,9800,0.10428
RE+1/2/33,A,9800,0.053634
RE+1/2/33,B,9800,0.469738
RE+1/2/33,C,9800,0.058151
RE+1/2/36,A,9800,0.211809
RE+1/2/36,B,9800,0.770511
RE+1/2/36,C,9800,0.112462
RE+1/2/1,A,9800,0.122524
RE+1/2/1,B,9800,0.116782
RE+1/2/1,C,9800,0.343735
RE+1/2/2,A,9800,0.0776533
RE+1/2/2,B,9800,0.185297
RE+1/2/2,C,9800,0.122771
RE+1/3/36,A,9800,0.226704
RE+1/3/36,B,9800,0.202856
RE+1/3/36,C,9800,0.105854
RE+1/3/1,A,9800,0.577114
RE+1/3/1,B,9800,0.176453
RE+1/3/1,C,9800,0.163649
RE+1/3/2,A,9800,0.254565
RE+1/3/2,B,9800,0.177781
RE+1/3/2,C,9800,0.174548
RE+2/2/2,A,9800,0.127464
RE+2/2/2,B,9800,0.202831
RE+2/2/2,C,9800,0.255654
RE+2/2/3,A,9800,0.122994
RE+2/2/3,B,9800,0.428865
RE+2/2/3,C,9800,7.34878
RE+2/2/4,A,9800,0.175762
RE+2/2/4,B,9800,0.166853
RE+2/2/4,C,9800,0.23564
RE+2/3/2,A,9800,0.134263
RE+2/3/2,B,9800,0.0957176
RE+2/3/2,C,9800,0.126537
RE+2/3/3,A,9800,0.192165
RE+2/3/3,B,9800,0.113873
RE+2/3/3,C,9800,0.130595
RE+2/3/4,A,9800,0.095484
RE+2/3/4,B,9800,0.0890821
RE+2/3/4,C,9800,0.1137
RE+1/2/3,A,9800,0.101482
RE+1/2/3,B,9800,0.170865
RE+1/2/3,C,9800,0.088573
RE+1/2/4,A,9800,0.735821
RE+1/2/4,B,9800,0.886012
RE+1/2/4,C,9800,0.315226
RE+1/2/5,A,9800,0.264784
RE+1/2/5,B,9800,0.203441
RE+1/2/5,C,9800,0.117925
RE+1/3/3,A,9800,0.148527
RE+1/3/3,B,9800,0.135387
RE+1/3/3,C,9800,0.0990776
RE+1/3/4,A,9800,0.200122
RE+1/3/4,B,9800,0.207511
RE+1/3/4,C,9800,0.0910766
RE+1/3/5,A,9800,0.518417
RE+1/3/5,B,9800,0.315688
RE+1/3/5,C,9800,0.178581
RE+2/2/5,A,9800,0.199486
RE+2/2/5,B,9800,0.145162
RE+2/2/5,C,9800,0.150507
RE+2/2/6,A,9800,0.164485
RE+2/2/6,B,9800,0.221016
RE+2/2/6,C,9800,0.234328
RE+2/2/7,A,9800,0.175081
RE+2/2/7,B,9800,0.212575
RE+2/2/7,C,9800,0.130964
RE+2/3/5,A,9800,0.739136
RE+2/3/5,B,9800,0.278225
RE+2/3/5,C,9800,0.148094
RE+2/3/6,A,9800,0.129647
RE+2/3/6,B,9800,0.102018
RE+2/3/6,C,9800,1.27907
RE+2/3/7,A,9800,0.138571
RE+2/3/7,B,9800,0.147614
RE+2/3/7,C,9800,0.149252
RE+1/1/3,E,9800,0
RE+1/1/3,F,9800,0
RE+1/1/3,A,9800,0.0339129
RE+1/1/3,B,9800,2.12642
RE+1/1/3,C,9800,0.0541149
RE+1/1/3,D,9800,0.333981
RE+1/1/4,E,9800,0
RE+1/1/4,F,9800,0
RE+1/1/4,A,9800,0.0693276
RE+1/1/4,B,9800,0.0398083
RE+1/1/4,C,9800,0.0784901
RE+1/1/4,D,9800,0.0549318
RE+1/2/6,A,9800,0.441125
RE+1/2/6,B,9800,0.60663
RE+1/2/6,C,9800,0.508487
RE+1/2/7,A,9800,0.256456
RE+1/2/7,B,9800,0.447778
RE+1/2/7,C,9800,0.0509774
RE+1/2/8,A,9800,0.0782823
RE+1/2/8,B,9800,0.0619819
RE+1/2/8,C,9800,0.107099
RE+1/3/6,A,9800,0.179685
RE+1/3/6,B,9800,0.136818
RE+1/3/6,C,9800,0.0991278
RE+1/3/7,A,9800,0.324045
RE+1/3/7,B,9800,0.208072
RE+1/3/7,C,9800,0.151958
RE+1/3/8,A,9800,0.332807
RE+1/3/8,B,9800,0.257876
RE+1/3/8,C,9800,0.150458
RE+1/1/1,E,9800,0
RE+1/1/1,F,9800,0
RE+1/1/1,A,9800,0.0631657
RE+1/1/1,B,9800,0.0305465
RE+1/1/1,C,9800,0.0320271
RE+1/1/1,D,9800,0.0288928
RE+1/1/2,E,9800,0
RE+1/1/2,F,9800,0
RE+1/1/2,A,9800,0.0876714
RE+1/1/2,B,9800,0.030948
RE+1/1/2,C,9800,0.0647338
RE+1/1/2,D,9800,0.0317209
RE+2/2/8,A,9800,0.214615
RE+2/2/8,B,9800,0.171649
RE+2/2/8,C,9800,0.172877
RE+2/2/9,A,9800,0.193222
RE+2/2/9,B,9800,0.283948
RE+2/2/9,C,9800,0.285359
RE+2/2/10,A,9800,0.173497
RE+2/2/10,B,9800,0.217738
RE+2/2/10,C,9800,0.186712
RE+2/3/8,A,9800,0.26548
RE+2/3/8,B,9800,0.236407
RE+2/3/8,C,9800,0.230292
RE+2/3/9,A,9800,0.12326
RE+2/3/9,B,9800,0.209574
RE+2/3/9,C,9800,0.298323
RE+2/3/10,A,9800,0.24997
RE+2/3/10,B,9800,0.206185
RE+2/3/10,C,9800,0.198446
RE+1/2/27,A,9800,0.527859
RE+1/2/27,B,9800,0.794
RE+1/2/27,C,9800,0.945667
RE+1/2/28,A,9800,0.247654
RE+1/2/28,B,9800,0.243472
RE+1/2/28,C,9800,0.10143
RE+1/2/29,A,9800,188.644
RE+1/2/29,B,9800,0
RE+1/2/29,C,9800,0.424084
RE+1/3/27,A,9800,0.265133
RE+1/3/27,B,9800,0.131608
RE+1/3/27,C,9800,0.197123
RE+1/3/28,A,9800,0.170041
RE+1/3/28,B,9800,0.120193
RE+1/3/28,C,9800,0.06113
RE+1/3/29,A,9800,0.220268
RE+1/3/29,B,9800,0.108509
RE+1/3/29,C,9800,0.084153
RE+2/2/29,A,9800,0.186213
RE+2/2/29,B,9800,0.140314
RE+2/2/29,C,9800,0.184743
RE+2/2/30,A,9800,0.141506
RE+2/2/30,B,9800,0.115066
RE+2/2/30,C,9800,0.169253
RE+2/2/31,A,9800,0.0955152
RE+2/2/31,B,9800,0.141144
RE+2/2/31,C,9800,0.20065
RE+2/3/29,A,9800,0.407209
RE+2/3/29,B,9800,0.398251
RE+2/3/29,C,9800,0.175436
RE+2/3/30,A,9800,1.54303
RE+2/3/30,B,9800,0.438424
RE+2/3/30,C,9800,0.130377
RE+2/3/31,A,9800,0.304422
RE+2/3/31,B,9800,0.0939272
RE+2/3/31,C,9800,0.0812137
RE+1/2/30,A,9800,0.0682638
RE+1/2/30,B,9800,0.0665913
RE+1/2/30,C,9800,0.0339976
RE+1/2/31,A,9800,0.369315
RE+1/2/31,B,9800,1.29873
RE+1/2/31,C,9800,0.198397
RE+1/2/32,A,9800,0.0284422
RE+1/2/32,B,9800,0.0468083
RE+1/2/32,C,9800,0.0414548
RE+1/3/30,A,9800,0.0396075
RE+1/3/30,B,9800,0.0573855
RE+1/3/30,C,9800,0.0368485
RE+1/3/31,A,9800,0.0991944
RE+1/3/31,B,9800,0.125092
RE+1/3/31,C,9800,0.772469
RE+1/3/32,A,9800,0.552495
RE+1/3/32,B,9800,0.325458
RE+1/3/32,C,9800,0.143079
RE+2/2/32,A,9800,0.172075
RE+2/2/32,B,9800,0.223638
RE+2/2/32,C,9800,0.408781
RE+2/2/33,A,9800,0.184261
RE+2/2/33,B,9800,0.112812
RE+2/2/33,C,9800,0.162957
RE+2/2/34,A,9800,0.146578
RE+2/2/34,B,9800,0.207018
RE+2/2/34,C,9800,0.132984
RE+2/3/32,A,9800,0.418501
RE+2/3/32,B,9800,0.191682
RE+2/3/32,C,9800,0.514148
RE+2/3/33,A,9800,0.0917999
RE+2/3/33,B,9800,0.114325
RE+2/3/33,C,9800,0.30817
RE+2/3/34,A,9800,0.141625
RE+2/3/34,B,9800,0.106168
RE+2/3/34,C,9800,0.142526
RE+1/2/34,A,9800,0.455649
RE+1/2/34,B,9800,0.80696
RE+1/2/34,C,9800,0.303945
RE+1/2/35,A,9800,0
RE+1/2/35,B,9800,0.073079
RE+1/2/35,C,9800,0
RE+1/3/33,A,9800,0.728157
RE+1/3/33,B,9800,0.128702
RE+1/3/33,C,9800,0.0406253
RE+1/3/34,A,9800,0.130638
RE+1/3/34,B,9800,0.130415
RE+1/3/34,C,9800,0.108698
RE+1/3/35,A,9800,0.101153
RE+1/3/35,B,9800,0.0952543
RE+1/3/35,C,9800,0.0881652
RE+2/2/35,A,9800,0.193652
RE+2/2/35,B,9800,0.198148
RE+2/2/35,C,9800,0.287728
RE+2/2/36,A,9800,0.0443037
RE+2/2/36,B,9800,0.0322014
RE+2/2/36,C,9800,0.0239175
RE+2/2/1,A,9800,0.169964
RE+2/2/1,B,9800,0.0735488
RE+2/2/1,C,9800,0.0749403
RE+2/3/35,A,9800,0.169518
RE+2/3/35,B,9800,0.110342
RE+2/3/35,C,9800,0.0950343
RE+2/3/36,A,9800,0.174983
RE+2/3/36,B,9800,0.154588
RE+2/3/36,C,9800,0.154864
RE+2/3/1,A,9800,0.0973963
RE+2/3/1,B,9800,0.0720792
RE+2/3/1,C,9800,0.0819837
RE+3/3/22,A,9800,0.326261
RE+3/3/22,B,9800,0.294972
RE+3/3/22,C,9800,0.200057
RE+4/2/9,A,9800,1.95663
RE+4/2/9,B,9800,0.0918381
RE+4/2/9,C,9800,0.0371025
RE+4/2/10,A,9800,0.174404
RE+4/2/10,B,9800,1.41326
RE+4/2/10,C,9800,0.046738
RE+4/2/11,A,9800,0.0724714
RE+4/2/11,B,9800,0.176748
RE+4/2/11,C,9800,0.0726388
RE+4/3/9,A,9800,0.0642873
RE+4/3/9,B,9800,0.352078
RE+4/3/9,C,9800,0.0462304
RE+4/3/10,A,9800,1.69087
RE+4/3/10,B,9800,0.0685407
RE+4/3/10,C,9800,0.185681
RE+4/3/11,A,9800,0.583081
RE+4/3/11,B,9800,0.73092
RE+4/3/11,C,9800,1.35237
RE+4/2/12,A,9800,0.0421284
RE+4/2/12,B,9800,0.131
RE+4/2/12,C,9800,0.0434896
RE+4/2/13,A,9800,0.1639
RE+4/2/13,B,9800,0.242086
RE+4/2/13,C,9800,0.0944484
RE+4/2/14,A,9800,0.165387
RE+4/2/14,B,9800,0.09567
RE+4/2/14,C,9800,0.167004
RE+4/3/12,A,9800,0.0634296
RE+4/3/12,B,9800,0.0561352
RE+4/3/12,C,9800,0.0504099
RE+4/3/13,A,9800,0.0459446
RE+4/3/13,B,9800,0.0521554
RE+4/3/13,C,9800,0.424746
RE+4/3/14,A,9800,0.59878
RE+4/3/14,B,9800,0.0345513
RE+4/3/14,C,9800,0.0297781
RE+4/2/15,A,9800,0.155548
RE+4/2/15,B,9800,0.120171
RE+4/2/15,C,9800,0.0777039
RE+4/2/16,A,9800,0.0798968
RE+4/2/16,B,9800,0.0646141
RE+4/2/16,C,9800,0.246886
RE+4/2/17,A,9800,2.35007
RE+4/2/17,B,9800,2.80913
RE+4/2/17,C,9800,3.28062
RE+4/3/15,A,9800,0.058896
RE+4/3/15,B,9800,0.0314619
RE+4/3/15,C,9800,0.0861502
RE+4/3/16,A,9800,0.0403994
RE+4/3/16,B,9800,0.0501201
RE+4/3/16,C,9800,0.267776
RE+4/3/17,A,9800,0.0775626
RE+4/3/17,B,9800,0.061057
RE+4/3/17,C,9800,0.0873465
RE+4/2/18,A,9800,0.0665737
RE+4/2/18,B,9800,0.0464929
RE+4/2/18,C,9800,0.034285
RE+4/2/19,A,9800,0.166935
RE+4/2/19,B,9800,0.106245
RE+4/2/19,C,9800,0.0581422
RE+4/2/20,A,9800,0.0548238
RE+4/2/20,B,9800,0.129781
RE+4/2/20,C,9800,0.0693914
RE+4/3/18,A,9800,0.0400639
RE+4/3/18,B,9800,0.0658705
RE+4/3/18,C,9800,0.0384679
RE+4/3/19,A,9800,0.0203923
RE+4/3/19,B,9800,0.0403892
RE+4/3/19,C,9800,0.0562637
RE+4/3/20,A,9800,0.0647344
RE+4/3/20,B,9800,0.0312537
RE+4/3/20,C,9800,0.12903
RE+4/2/21,A,9800,0.0605616
RE+4/2/21,B,9800,0.309854
RE+4/2/21,C,9800,0.178519
RE+4/2/22,A,9800,0.12363
RE+4/2/22,B,9800,0.112104
RE+4/2/22,C,9800,0.0420471
RE+4/2/23,A,9800,0.0530337
RE+4/2/23,B,9800,0.110225
RE+4/2/23,C,9800,0.288712
RE+4/3/21,A,9800,0.0505327
RE+4/3/21,B,9800,0.0899308
RE+4/3/21,C,9800,0.0438053
RE+4/3/22,A,9800,10.4854
RE+4/3/22,B,9800,0.116188
RE+4/3/22,C,9800,0.092961
RE+4/3/23,A,9800,9.2108
RE+4/3/23,B,9800,0.0348987
RE+4/3/23,C,9800,0.0473385
RE+4/2/24,A,9800,1.22908
RE+4/2/24,B,9800,0.50819
RE+4/2/24,C,9800,2.38923
RE+4/2/25,A,9800,0.450792
RE+4/2/25,B,9800,0.269714
RE+4/2/25,C,9800,0.216032
RE+4/2/26,A,9800,0.0752911
RE+4/2/26,B,9800,0.310286
RE+4/2/26,C,9800,0.318721
RE+4/3/24,A,9800,0.149052
RE+4/3/24,B,9800,0.0405555
RE+4/3/24,C,9800,0.0392443
RE+4/3/25,A,9800,0.0779364
RE+4/3/25,B,9800,0.0362723
RE+4/3/25,C,9800,0.0498666
RE+4/3/26,A,9800,0.0693959
RE+4/3/26,B,9800,0.107968
RE+4/3/26,C,9800,0.127681
RE+3/2/9,A,9800,0.164289
RE+3/2/9,B,9800,0.230807
RE+3/2/9,C,9800,0.233894
RE+3/2/10,A,9800,0.425514
RE+3/2/10,B,9800,0.424847
RE+3/2/10,C,9800,0.226779
RE+3/2/11,A,9800,0.198917
RE+3/2/11,B,9800,0.312189
RE+3/2/11,C,9800,0.255027
RE+3/3/9,A,9800,0.29187
RE+3/3/9,B,9800,0.341845
RE+3/3/9,C,9800,0.281919
RE+3/3/10,A,9800,0.311035
RE+3/3/10,B,9800,0.267394
RE+3/3/10,C,9800,0.204506
RE+3/3/11,A,9800,0.306128
RE+3/3/11,B,9800,0.613696
RE+3/3/11,C,9800,0.426952
RE+3/2/12,A,9800,0.152845
RE+3/2/12,B,9800,0.142907
RE+3/2/12,C,9800,0.2214
RE+3/2/13,A,9800,0.139694
RE+3/2/13,B,9800,0.20885
RE+3/2/13,C,9800,0.152991
RE+3/2/14,A,9800,0.134539
RE+3/2/14,B,9800,0.194201
RE+3/2/14,C,9800,0.121974
RE+3/3/12,A,9800,0.524038
RE+3/3/12,B,9800,0.255131
RE+3/3/12,C,9800,0.265328
RE+3/3/13,A,9800,0.380188
RE+3/3/13,B,9800,0.211914
RE+3/3/13,C,9800,0.229829
RE+3/3/14,A,9800,0.17841
RE+3/3/14,B,9800,0.253351
RE+3/3/14,C,9800,0.203973
RE+3/2/15,A,9800,0.144391
RE+3/2/15,B,9800,0.178432
RE+3/2/15,C,9800,0.18196
RE+3/2/16,A,9800,0.137409
RE+3/2/16,B,9800,0.181807
RE+3/2/16,C,9800,0.156176
RE+3/2/17,A,9800,0.147926
RE+3/2/17,B,9800,0.262069
RE+3/2/17,C,9800,0.169092
RE+3/3/15,A,9800,0.171682
RE+3/3/15,B,9800,0.386237
RE+3/3/15,C,9800,0.241456
RE+3/3/16,A,9800,0.392354
RE+3/3/16,B,9800,0.187636
RE+3/3/16,C,9800,0.192406
RE+3/3/17,A,9800,0.333549
RE+3/3/17,B,9800,0.24736
RE+3/3/17,C,9800,0.2338
RE+3/2/18,A,9800,0.118038
RE+3/2/18,B,9800,0.103726
RE+3/2/18,C,9800,0.135
RE+3/2/19,A,9800,0.257788
RE+3/2/19,B,9800,0.185125
RE+3/2/19,C,9800,0.166536
RE+3/2/20,A,9800,0.218398
RE+3/2/20,B,9800,0.25445
RE+3/2/20,C,9800,0.175372
RE+3/3/18,A,9800,0.103843
RE+3/3/18,B,9800,0.0785754
RE+3/3/18,C,9800,0.0825275
RE+3/3/19,A,9800,0.107061
RE+3/3/19,B,9800,0.116989
RE+3/3/19,C,9800,0.686314
RE+3/3/20,A,9800,0.176644
RE+3/3/20,B,9800,0.207962
RE+3/3/20,C,9800,0.164818
RE+3/2/21,A,9800,0.161782
RE+3/2/21,B,9800,0.21402
RE+3/2/21,C,9800,0.276527
RE+3/2/22,A,9800,0.145783
RE+3/2/22,B,9800,0.186827
RE+3/2/22,C,9800,0.183973
RE+3/2/23,A,9800,0.214229
RE+3/2/23,B,9800,0.290422
RE+3/2/23,C,9800,0.18231
RE+3/3/21,A,9800,0.23801
RE+3/3/21,B,9800,0.186602
RE+3/3/21,C,9800,0.204676
RE+3/3/23,A,9800,0.247198
RE+3/3/23,B,9800,0.233534
RE+3/3/23,C,9800,0.21015
RE+3/2/24,A,9800,0.13175
RE+3/2/24,B,9800,0.249092
RE+3/2/24,C,9800,0.194608
RE+3/2/25,A,9800,0.223987
RE+3/2/25,B,9800,0.324231
RE+3/2/25,C,9800,0.256494
RE+3/2/26,A,9800,0.411404
RE+3/2/26,B,9800,0.405427
RE+3/2/26,C,9800,0.216436
RE+3/3/24,A,9800,0.0681
RE+3/3/24,B,9800,0.0956693
RE+3/3/24,C,9800,0.205932
RE+3/3/25,A,9800,0.203405
RE+3/3/25,B,9800,0.191862
RE+3/3/25,C,9800,0.239974
RE+3/3/26,A,9800,0.329645
RE+3/3/26,B,9800,0.357362
RE+3/3/26,C,9800,0.320902
RE+3/3/28,A,9800,0.236293
RE+3/3/28,B,9800,0.285847
RE+3/3/28,C,9800,0.178399
RE+4/2/33,A,9800,0.0419132
RE+4/2/33,B,9800,0.068677
RE+4/2/33,C,9800,0.0420991
RE+4/2/34,A,9800,0.225114
RE+4/2/34,B,9800,0.219419
RE+4/2/34,C,9800,0.224865
RE+4/2/35,A,9800,0.0696766
RE+4/2/35,B,9800,0.0679589
RE+4/2/35,C,9800,0.117698
RE+4/3/33,A,9800,0.152132
RE+4/3/33,B,9800,0.10817
RE+4/3/33,C,9800,1.33887
RE+4/3/34,A,9800,0.0698689
RE+4/3/34,B,9800,0.0635517
RE+4/3/34,C,9800,0.0736509
RE+4/3/35,A,9800,0.0286028
RE+4/3/35,B,9800,1.59021
RE+4/3/35,C,9800,4.61086
RE+4/2/36,A,9800,0.190877
RE+4/2/36,B,9800,0.0639516
RE+4/2/36,C,9800,0.0605802
RE+4/2/1,A,9800,0.140771
RE+4/2/1,B,9800,0.0704998
RE+4/2/1,C,9800,0.555926
RE+4/2/2,A,9800,0.053062
RE+4/2/2,B,9800,0.18214
RE+4/2/2,C,9800,0.0466672
RE+4/3/36,A,9800,0.0450906
RE+4/3/36,B,9800,0.0563345
RE+4/3/36,C,9800,0.0366354
RE+4/3/1,A,9800,0.0274809
RE+4/3/1,B,9800,0.0379678
RE+4/3/1,C,9800,0.0626272
RE+4/3/2,A,9800,3.70527
RE+4/3/2,B,9800,0.0415082
RE+4/3/2,C,9800,0.0341397
RE+4/2/3,A,9800,0.0452446
RE+4/2/3,B,9800,0.0605633
RE+4/2/3,C,9800,0.0580781
RE+4/2/4,A,9800,0.0609977
RE+4/2/4,B,9800,0.0538011
RE+4/2/4,C,9800,0.0332097
RE+4/2/5,A,9800,0.554759
RE+4/2/5,B,9800,0.359861
RE+4/2/5,C,9800,0.19756
RE+4/3/3,A,9800,0.11956
RE+4/3/3,B,9800,0.0542605
RE+4/3/3,C,9800,0.0442307
RE+4/3/4,A,9800,0.246938
RE+4/3/4,B,9800,0.0412109
RE+4/3/4,C,9800,0.0367127
RE+4/3/5,A,9800,0.0999139
RE+4/3/5,B,9800,0.0506147
RE+4/3/5,C,9800,0.0592582
RE+4/2/6,A,9800,0.0544225
RE+4/2/6,B,9800,0.0646652
RE+4/2/6,C,9800,0.0424125
RE+4/2/7,A,9800,0.0928938
RE+4/2/7,B,9800,0.119368
RE+4/2/7,C,9800,0.0464932
RE+4/2/8,A,9800,11.1477
RE+4/2/8,B,9800,0.123198
RE+4/2/8,C,9800,0.174411
RE+4/3/6,A,9800,0.0374045
RE+4/3/6,B,9800,0.0487762
RE+4/3/6,C,9800,0.0417159
RE+4/3/7,A,9800,0.121982
RE+4/3/7,B,9800,0.237473
RE+4/3/7,C,9800,0.0554177
RE+4/3/8,A,9800,0.0531379
RE+4/3/8,B,9800,0.277645
RE+4/3/8,C,9800,0.0362325
RE+4/2/27,A,9800,0.0701533
RE+4/2/27,B,9800,0.14181
RE+4/2/27,C,9800,0.140855
RE+4/2/28,A,9800,0.0650545
RE+4/2/28,B,9800,0.0773285
RE+4/2/28,C,9800,0.167122
RE+4/2/29,A,9800,1.44441
RE+4/2/29,B,9800,0.0930433
RE+4/2/29,C,9800,0.0722243
RE+4/3/27,A,9800,0.536331
RE+4/3/27,B,9800,0.0485916
RE+4/3/27,C,9800,0.0549183
RE+4/3/28,A,9800,0.416615
RE+4/3/28,B,9800,0.0520326
RE+4/3/28,C,9800,0.0461505
RE+4/3/29,A,9800,0.0540736
RE+4/3/29,B,9800,0.0679358
RE+4/3/29,C,9800,0.0638909
RE+4/2/30,A,9800,1.1095
RE+4/2/30,B,9800,0.0205153
RE+4/2/30,C,9800,0.0223417
RE+4/2/31,A,9800,0.0530913
RE+4/2/31,B,9800,0.070571
RE+4/2/31,C,9800,0.164296
RE+4/2/32,A,9800,0.0680348
RE+4/2/32,B,9800,0.0841637
RE+4/2/32,C,9800,0.0901524
RE+4/3/30,A,9800,1.11394
RE+4/3/30,B,9800,0.238209
RE+4/3/30,C,9800,0.0397606
RE+4/3/31,A,9800,0.0300804
RE+4/3/31,B,9800,0.0294209
RE+4/3/31,C,9800,0.0503263
RE+4/3/32,A,9800,0.0411758
RE+4/3/32,B,9800,0.043255
RE+4/3/32,C,9800,0.0378818
RE+3/2/3,A,9800,0.550298
RE+3/2/3,B,9800,1.01938
RE+3/2/3,C,9800,2.22324
RE+3/2/4,A,9800,0.0637214
RE+3/2/4,B,9800,0.0955091
RE+3/2/4,C,9800,0.0662286
RE+3/2/5,A,9800,0.679385
RE+3/2/5,B,9800,0.21756
RE+3/2/5,C,9800,0.172236
RE+3/3/3,A,9800,0.245991
RE+3/3/3,B,9800,0.141993
RE+3/3/3,C,9800,0.11411
RE+3/3/4,A,9800,0.227224
RE+3/3/4,B,9800,0.242909
RE+3/3/4,C,9800,0.213561
RE+3/3/5,A,9800,0.302891
RE+3/3/5,B,9800,0.256964
RE+3/3/5,C,9800,0.227822
RE+3/2/6,A,9800,0.267804
RE+3/2/6,B,9800,0.143455
RE+3/2/6,C,9800,0.137703
RE+3/2/7,A,9800,0.127656
RE+3/2/7,B,9800,0.179546
RE+3/2/7,C,9800,0.221005
RE+3/2/8,A,9800,0.154746
RE+3/2/8,B,9800,0.20118
RE+3/2/8,C,9800,0.130416
RE+3/3/6,A,9800,0.141824
RE+3/3/6,B,9800,0.0855756
RE+3/3/6,C,9800,0.111613
RE+3/3/7,A,9800,0.340096
RE+3/3/7,B,9800,0.290129
RE+3/3/7,C,9800,0.301717
RE+3/3/8,A,9800,0.240207
RE+3/3/8,B,9800,0.300337
RE+3/3/8,C,9800,0.265737
RE+3/2/33,A,9800,0.361012
RE+3/2/33,B,9800,0.398445
RE+3/2/33,C,9800,0.218375
RE+3/2/34,A,9800,0.126578
RE+3/2/34,B,9800,0.24723
RE+3/2/34,C,9800,0.274751
RE+3/2/35,A,9800,0.140933
RE+3/2/35,B,9800,0.350127
RE+3/2/35,C,9800,0.196069
RE+3/3/33,A,9800,0.829544
RE+3/3/33,B,9800,0.414359
RE+3/3/33,C,9800,0.42113
RE+3/3/34,A,9800,0.146352
RE+3/3/34,B,9800,0.157667
RE+3/3/34,C,9800,0.207892
RE+3/3/35,A,9800,0.269091
RE+3/3/35,B,9800,0.276147
RE+3/3/35,C,9800,0.233069
RE+3/2/36,A,9800,0.117159
RE+3/2/36,B,9800,0.211811
RE+3/2/36,C,9800,0.134688
RE+3/2/1,A,9800,0.186403
RE+3/2/1,B,9800,0.313184
RE+3/2/1,C,9800,0.279824
RE+3/2/2,A,9800,0.168786
RE+3/2/2,B,9800,0.248011
RE+3/2/2,C,9800,0.19833
RE+3/3/36,A,9800,0.122189
RE+3/3/36,B,9800,0.07274
RE+3/3/36,C,9800,0.115774
RE+3/3/1,A,9800,0.331437
RE+3/3/1,B,9800,0.256343
RE+3/3/1,C,9800,0.235236
RE+3/3/2,A,9800,0.173625
RE+3/3/2,B,9800,0.22935
RE+3/3/2,C,9800,0.269918
RE+3/2/27,A,9800,0.113895
RE+3/2/27,B,9800,0.214543
RE+3/2/27,C,9800,0.160062
RE+3/2/28,A,9800,0.181533
RE+3/2/28,B,9800,0.430966
RE+3/2/28,C,9800,0.219699
RE+3/2/29,A,9800,0.148674
RE+3/2/29,B,9800,0.231984
RE+3/2/29,C,9800,0.202815
RE+3/3/27,A,9800,0.159628
RE+3/3/27,B,9800,0.218294
RE+3/3/27,C,9800,0.235333
RE+3/3/29,A,9800,0.217426
RE+3/3/29,B,9800,0.227806
RE+3/3/29,C,9800,0.224975
RE+3/2/30,A,9800,0.156318
RE+3/2/30,B,9800,0.175801
RE+3/2/30,C,9800,0.160482
RE+3/2/31,A,9800,0.860733
RE+3/2/31,B,9800,1.76713
RE+3/2/31,C,9800,3.16221
RE+3/2/32,A,9800,0.286954
RE+3/2/32,B,9800,0.412438
RE+3/2/32,C,9800,0.561307
RE+3/3/30,A,9800,0.365373
RE+3/3/30,B,9800,0.301836
RE+3/3/30,C,9800,0.188796
RE+3/3/31,A,9800,0.197836
RE+3/3/31,B,9800,0.171855
RE+3/3/31,C,9800,0.126458
RE+3/3/32,A,9800,0.587671
RE+3/3/32,B,9800,0.607401
RE+3/3/32,C,9800,1.16086
