W+1/RB2out/8,Backward,8800,0.0758624
W+1/RB4/4--,Forward,8800,0.00653735
W+1/RB4/4-,Forward,8800,0.0300837
W+1/RB4/4+,Forward,8800,0.0263546
W+1/RB4/4++,Forward,8800,0.000215806
W+1/RB3/4-,Forward,8800,0.0121184
W+1/RB3/4+,Forward,8800,0.0163907
W+1/RB4/4--,Backward,8800,0.00581706
W+1/RB4/4-,Backward,8800,0.00711343
W+1/RB4/4+,Backward,8800,0.0585725
W+1/RB4/4++,Backward,8800,0.000163381
W+1/RB3/4-,Backward,8800,0.0290693
W+1/RB3/4+,Backward,8800,0.0130883
W+1/RB2in/4,Forward,8800,0.031016
W+1/RB2in/4,Central,8800,0.0324911
W+1/RB2in/4,Backward,8800,0.352732
W+1/RB2out/4,Forward,8800,0.0204469
W+1/RB1out/4,Forward,8800,0.0411801
W+1/RB1in/4,Forward,8800,0.0283696
W+1/RB2out/4,Backward,8800,0.0168104
W+1/RB1out/4,Backward,8800,0.0130574
W+1/RB1in/4,Backward,8800,0.0395737
W+1/RB4/5-,Forward,8800,0.0324794
W+1/RB4/5+,Forward,8800,0.0662155
W+1/RB3/5-,Forward,8800,0.0291891
W+1/RB3/5+,Forward,8800,0.00695626
W+1/RB4/5-,Backward,8800,0.0645709
W+1/RB4/5+,Backward,8800,0.0577813
W+1/RB3/5-,Backward,8800,0.0278438
W+1/RB3/5+,Backward,8800,0.00525382
W+1/RB2in/5,Forward,8800,0.213001
W+1/RB2in/5,Central,8800,0.0561034
W+1/RB2in/5,Backward,8800,0.034287
W+1/RB2out/5,Forward,8800,0.014168
W+1/RB1out/5,Forward,8800,0.143234
W+1/RB1in/5,Forward,8800,0.0310453
W+1/RB2out/5,Backward,8800,0.0114434
W+1/RB1out/5,Backward,8800,0.0577027
W+1/RB1in/5,Backward,8800,0.0092707
W+1/RB4/6-,Forward,8800,0.0430311
W+1/RB4/6+,Forward,8800,0.0374158
W+1/RB3/6-,Forward,8800,0.227561
W+1/RB3/6+,Forward,8800,0.0474045
W+1/RB4/6-,Backward,8800,0.0259105
W+1/RB4/6+,Backward,8800,0.0524722
W+1/RB3/6-,Backward,8800,0.18569
W+1/RB3/6+,Backward,8800,0.0285258
W+1/RB2in/6,Forward,8800,0.141727
W+1/RB2in/6,Central,8800,0.108318
W+1/RB2in/6,Backward,8800,0.0861138
W+1/RB2out/6,Forward,8800,0.0174149
W+1/RB1out/6,Forward,8800,0.0293845
W+1/RB1in/6,Forward,8800,0.0259728
W+1/RB2out/6,Backward,8800,0.00927217
W+1/RB1out/6,Backward,8800,0.0265034
W+1/RB1in/6,Backward,8800,0.0181173
W+1/RB4/7-,Forward,8800,0.0262726
W+1/RB4/7+,Forward,8800,0.0928791
W+1/RB3/7-,Forward,8800,0.0380335
W+1/RB3/7+,Forward,8800,0.0289046
W+1/RB4/7-,Backward,8800,0.037101
W+1/RB4/7+,Backward,8800,0.054171
W+1/RB3/7-,Backward,8800,0.032149
W+1/RB3/7+,Backward,8800,0.0274879
W+1/RB2in/7,Forward,8800,0.0245458
W+1/RB2in/7,Central,8800,0.0395211
W+1/RB2in/7,Backward,8800,0.0152218
W+1/RB2out/7,Forward,8800,0.0187458
W+1/RB1out/7,Forward,8800,0.00754659
W+1/RB1in/7,Forward,8800,0.0648538
W+1/RB2out/7,Backward,8800,0.00792638
W+1/RB1out/7,Backward,8800,0.00867728
W+1/RB1in/7,Backward,8800,0.0325209
W+1/RB4/8-,Forward,8800,0.0598134
W+1/RB4/8+,Forward,8800,0.0429747
W+1/RB3/8-,Forward,8800,0.0301626
W+1/RB3/8+,Forward,8800,0.103432
W+1/RB4/8-,Backward,8800,0.11277
W+1/RB4/8+,Backward,8800,0.0365611
W+1/RB3/8-,Backward,8800,0.0285469
W+1/RB3/8+,Backward,8800,0.148533
W+1/RB2in/8,Forward,8800,0.0775597
W+1/RB2in/8,Central,8800,0.0700583
W+1/RB2in/8,Backward,8800,0.0415581
W+1/RB2out/8,Forward,8800,0.062145
W+1/RB1out/8,Forward,8800,0.0484506
W+1/RB1in/8,Forward,8800,0.0876613
W+1/RB1out/8,Backward,8800,0.110541
W+1/RB1in/8,Backward,8800,5.32914
W+1/RB4/9,Forward,8800,0.0674565
W+1/RB3/9-,Forward,8800,0.0224071
W+1/RB3/9+,Forward,8800,0.0496712
W+1/RB4/9,Backward,8800,0.0778044
W+1/RB3/9-,Backward,8800,0.0288605
W+1/RB3/9+,Backward,8800,0.0250976
W+1/RB2in/9,Forward,8800,0.08288
W+1/RB2in/9,Central,8800,0.0935929
W+1/RB2in/9,Backward,8800,0.0726908
W+1/RB2out/9,Forward,8800,0.0746184
W+1/RB1out/9,Forward,8800,0.0254727
W+1/RB1in/9,Forward,8800,0.0631896
W+1/RB2out/9,Backward,8800,0.0632228
W+1/RB1out/9,Backward,8800,0.0188051
W+1/RB1in/9,Backward,8800,0.0381981
W+1/RB2out/11,Backward,8800,0.04817
W+1/RB4/1-,Forward,8800,0.0267105
W+1/RB4/1+,Forward,8800,0.196606
W+1/RB3/1-,Forward,8800,0.0356801
W+1/RB3/1+,Forward,8800,0.406539
W+1/RB4/1-,Backward,8800,0.0408764
W+1/RB4/1+,Backward,8800,0.244313
W+1/RB3/1-,Backward,8800,0.335538
W+1/RB3/1+,Backward,8800,0.05967
W+1/RB2in/1,Forward,8800,0.126429
W+1/RB2in/1,Central,8800,0.261107
W+1/RB2in/1,Backward,8800,0.010599
W+1/RB2out/1,Forward,8800,0.0334614
W+1/RB1out/1,Forward,8800,0.00579839
W+1/RB1in/1,Forward,8800,0.00186042
W+1/RB2out/1,Backward,8800,0.0259739
W+1/RB1out/1,Backward,8800,0.0127765
W+1/RB1in/1,Backward,8800,0.00203531
W+1/RB4/2-,Forward,8800,0.0112903
W+1/RB4/2+,Forward,8800,0.0250838
W+1/RB3/2-,Forward,8800,0.102849
W+1/RB3/2+,Forward,8800,0.10394
W+1/RB4/2-,Backward,8800,0.0211957
W+1/RB4/2+,Backward,8800,0.035502
W+1/RB3/2-,Backward,8800,0.0962856
W+1/RB3/2+,Backward,8800,0.223542
W+1/RB2in/2,Forward,8800,0.0740157
W+1/RB2in/2,Central,8800,0.0700616
W+1/RB2in/2,Backward,8800,0.0300935
W+1/RB2out/2,Forward,8800,0.0928234
W+1/RB1out/2,Forward,8800,0.0942029
W+1/RB1in/2,Forward,8800,0.108074
W+1/RB2out/2,Backward,8800,0.125935
W+1/RB1out/2,Backward,8800,0.0216052
W+1/RB1in/2,Backward,8800,0.0825156
W+1/RB4/3-,Forward,8800,0.0184206
W+1/RB4/3+,Forward,8800,0.078792
W+1/RB3/3-,Forward,8800,0.043584
W+1/RB3/3+,Forward,8800,0.0263738
W+1/RB4/3-,Backward,8800,0.018315
W+1/RB4/3+,Backward,8800,0.0664246
W+1/RB3/3-,Backward,8800,0.0193019
W+1/RB3/3+,Backward,8800,0.0204919
W+1/RB2in/3,Forward,8800,0.149448
W+1/RB2in/3,Central,8800,0.083509
W+1/RB2in/3,Backward,8800,0.0642372
W+1/RB2out/3,Forward,8800,0.106139
W+1/RB1out/3,Forward,8800,0.0827324
W+1/RB1in/3,Forward,8800,0.0696088
W+1/RB2out/3,Backward,8800,0.0614196
W+1/RB1out/3,Backward,8800,0.0996565
W+1/RB1in/3,Backward,8800,0.0214764
W+1/RB4/10-,Forward,8800,0.0703674
W+1/RB4/10+,Forward,8800,0.0114491
W+1/RB3/10-,Forward,8800,0.0753685
W+1/RB3/10+,Forward,8800,0.0236899
W+1/RB4/10-,Backward,8800,0.052496
W+1/RB4/10+,Backward,8800,0.00864034
W+1/RB3/10-,Backward,8800,0.0642759
W+1/RB3/10+,Backward,8800,0.0240588
W+1/RB2in/10,Forward,8800,0.0577731
W+1/RB2in/10,Central,8800,0.0493505
W+1/RB2in/10,Backward,8800,0.033604
W+1/RB2out/10,Forward,8800,0.0625664
W+1/RB1out/10,Forward,8800,0.0185993
W+1/RB1in/10,Forward,8800,0.0102172
W+1/RB2out/10,Backward,8800,0.122878
W+1/RB1out/10,Backward,8800,0.0191117
W+1/RB1in/10,Backward,8800,0.0158099
W+1/RB4/11,Forward,8800,0.0317049
W+1/RB3/11-,Forward,8800,0.0725893
W+1/RB3/11+,Forward,8800,0.0393469
W+1/RB4/11,Backward,8800,0.0218253
W+1/RB3/11-,Backward,8800,0.0393712
W+1/RB3/11+,Backward,8800,0.030096
W+1/RB2in/11,Forward,8800,0.0537542
W+1/RB2in/11,Central,8800,0.0401673
W+1/RB2in/11,Backward,8800,0.0105592
W+1/RB2out/11,Forward,8800,0.108282
W+1/RB1out/11,Forward,8800,0.027469
W+1/RB1in/11,Forward,8800,0.0298863
W+1/RB1out/11,Backward,8800,0.0334222
W+1/RB1in/11,Backward,8800,0.0137878
W+1/RB4/12-,Forward,8800,0.0159923
W+1/RB4/12+,Forward,8800,0.0731383
W+1/RB3/12-,Forward,8800,0.087556
W+1/RB3/12+,Forward,8800,0.0490097
W+1/RB4/12-,Backward,8800,0.0399462
W+1/RB4/12+,Backward,8800,0.0314118
W+1/RB3/12-,Backward,8800,0.0638531
W+1/RB3/12+,Backward,8800,0.0258944
W+1/RB2in/12,Forward,8800,0.0925351
W+1/RB2in/12,Central,8800,0.123474
W+1/RB2in/12,Backward,8800,0.0855859
W+1/RB2out/12,Forward,8800,0.107481
W+1/RB1out/12,Forward,8800,0.134764
W+1/RB1in/12,Forward,8800,0.0445529
W+1/RB2out/12,Backward,8800,0.0755591
W+1/RB1out/12,Backward,8800,0.0383116
W+1/RB1in/12,Backward,8800,0.052802
W+2/RB2in/8,Backward,8800,0.0564872
W+2/RB4/4--,Forward,8800,0.0817823
W+2/RB4/4-,Forward,8800,0.0362232
W+2/RB4/4+,Forward,8800,0.0385518
W+2/RB4/4++,Forward,8800,0.0760469
W+2/RB3/4-,Forward,8800,0.106733
W+2/RB3/4+,Forward,8800,0.0710482
W+2/RB4/4--,Backward,8800,0.0781341
W+2/RB4/4-,Backward,8800,0.0726922
W+2/RB4/4+,Backward,8800,0.0189466
W+2/RB4/4++,Backward,8800,0.0479745
W+2/RB3/4-,Backward,8800,0.0385564
W+2/RB3/4+,Backward,8800,0.0661311
W+2/RB2out/4,Forward,8800,0.0299667
W+2/RB2out/4,Central,8800,0.0621466
W+2/RB2out/4,Backward,8800,0.0132378
W+2/RB2in/4,Forward,8800,0.0498452
W+2/RB1out/4,Forward,8800,0.269872
W+2/RB1in/4,Forward,8800,0.039424
W+2/RB2in/4,Backward,8800,0.0869083
W+2/RB1out/4,Backward,8800,0.0470201
W+2/RB1in/4,Backward,8800,0.057689
W+2/RB4/5-,Forward,8800,0.0341847
W+2/RB4/5+,Forward,8800,0.0592429
W+2/RB3/5-,Forward,8800,0.0989648
W+2/RB3/5+,Forward,8800,0.067194
W+2/RB4/5-,Backward,8800,0.0370191
W+2/RB4/5+,Backward,8800,0.038229
W+2/RB3/5-,Backward,8800,0.0691271
W+2/RB3/5+,Backward,8800,0.0748437
W+2/RB2out/5,Forward,8800,0.0451319
W+2/RB2out/5,Central,8800,0.0383289
W+2/RB2out/5,Backward,8800,0.0208199
W+2/RB2in/5,Forward,8800,0.0887015
W+2/RB1out/5,Forward,8800,0.0826615
W+2/RB1in/5,Forward,8800,0.125614
W+2/RB2in/5,Backward,8800,0.0256581
W+2/RB1out/5,Backward,8800,0.0593445
W+2/RB1in/5,Backward,8800,0.0362598
W+2/RB4/6-,Forward,8800,0.0751089
W+2/RB4/6+,Forward,8800,0.0333265
W+2/RB3/6-,Forward,8800,0.0580356
W+2/RB3/6+,Forward,8800,0.062824
W+2/RB4/6-,Backward,8800,0.032236
W+2/RB4/6+,Backward,8800,0.067066
W+2/RB3/6-,Backward,8800,0.0745881
W+2/RB3/6+,Backward,8800,0.0941064
W+2/RB2out/6,Forward,8800,0.0331515
W+2/RB2out/6,Central,8800,0.0351434
W+2/RB2out/6,Backward,8800,0.026475
W+2/RB2in/6,Forward,8800,0.0178849
W+2/RB1out/6,Forward,8800,0.0455652
W+2/RB1in/6,Forward,8800,0.0758266
W+2/RB2in/6,Backward,8800,0.016364
W+2/RB1out/6,Backward,8800,0.0288083
W+2/RB1in/6,Backward,8800,0.0486183
W+2/RB4/7-,Forward,8800,0.0459045
W+2/RB4/7+,Forward,8800,0.107387
W+2/RB3/7-,Forward,8800,0.0371486
W+2/RB3/7+,Forward,8800,0.0146375
W+2/RB4/7-,Backward,8800,0.0643323
W+2/RB4/7+,Backward,8800,0.0972199
W+2/RB3/7-,Backward,8800,0.0653685
W+2/RB3/7+,Backward,8800,0.0119943
W+2/RB2out/7,Forward,8800,0.0131024
W+2/RB2out/7,Central,8800,0.0252733
W+2/RB2out/7,Backward,8800,0.012378
W+2/RB2in/7,Forward,8800,0.0105277
W+2/RB1out/7,Forward,8800,0.0706582
W+2/RB1in/7,Forward,8800,0.124297
W+2/RB2in/7,Backward,8800,0.0121104
W+2/RB1out/7,Backward,8800,0.101165
W+2/RB1in/7,Backward,8800,0.0810051
W+2/RB4/8-,Forward,8800,0.0618461
W+2/RB4/8+,Forward,8800,0.00720042
W+2/RB3/8-,Forward,8800,0.0844639
W+2/RB3/8+,Forward,8800,0.0741512
W+2/RB4/8-,Backward,8800,0.0750793
W+2/RB4/8+,Backward,8800,0.00244268
W+2/RB3/8-,Backward,8800,0.0911748
W+2/RB3/8+,Backward,8800,0.0829132
W+2/RB2out/8,Forward,8800,0.0298605
W+2/RB2out/8,Central,8800,0.0682451
W+2/RB2out/8,Backward,8800,0
W+2/RB2in/8,Forward,8800,0.444677
W+2/RB1out/8,Forward,8800,0.120463
W+2/RB1in/8,Forward,8800,0.0457357
W+2/RB1out/8,Backward,8800,0.260382
W+2/RB1in/8,Backward,8800,0.0356812
W+2/RB4/9,Forward,8800,0.0426069
W+2/RB3/9-,Forward,8800,0.136078
W+2/RB3/9+,Forward,8800,0.0747812
W+2/RB4/9,Backward,8800,0.065452
W+2/RB3/9-,Backward,8800,0.08845
W+2/RB3/9+,Backward,8800,0.133502
W+2/RB2out/9,Forward,8800,0.103209
W+2/RB2out/9,Central,8800,0.141261
W+2/RB2out/9,Backward,8800,0.0678856
W+2/RB2in/9,Forward,8800,0.0532056
W+2/RB1out/9,Forward,8800,0.0363751
W+2/RB1in/9,Forward,8800,0.62694
W+2/RB2in/9,Backward,8800,0.0612542
W+2/RB1out/9,Backward,8800,0.0290311
W+2/RB1in/9,Backward,8800,0.0193837
W+2/RB2in/11,Backward,8800,1.33355
W+2/RB4/1-,Forward,8800,0.0645835
W+2/RB4/1+,Forward,8800,0.152559
W+2/RB3/1-,Forward,8800,0.0898833
W+2/RB3/1+,Forward,8800,0.0453748
W+2/RB4/1-,Backward,8800,0.0432405
W+2/RB4/1+,Backward,8800,0.119841
W+2/RB3/1-,Backward,8800,0.047867
W+2/RB3/1+,Backward,8800,0.400746
W+2/RB2out/1,Forward,8800,0.0929774
W+2/RB2out/1,Central,8800,0.160972
W+2/RB2out/1,Backward,8800,0.0277031
W+2/RB2in/1,Forward,8800,0.635177
W+2/RB1out/1,Forward,8800,0.00763756
W+2/RB1in/1,Forward,8800,0.00997566
W+2/RB2in/1,Backward,8800,0.00744218
W+2/RB1out/1,Backward,8800,0.0123818
W+2/RB1in/1,Backward,8800,0.00643468
W+2/RB4/2-,Forward,8800,1.60522
W+2/RB4/2+,Forward,8800,1.26028
W+2/RB3/2-,Forward,8800,0.0991348
W+2/RB3/2+,Forward,8800,0.0664226
W+2/RB4/2-,Backward,8800,0.2757
W+2/RB4/2+,Backward,8800,0.0279286
W+2/RB3/2-,Backward,8800,0.083126
W+2/RB3/2+,Backward,8800,0.0598418
W+2/RB2out/2,Forward,8800,0.0202322
W+2/RB2out/2,Central,8800,0.047256
W+2/RB2out/2,Backward,8800,0.0233169
W+2/RB2in/2,Forward,8800,0.0627318
W+2/RB1out/2,Forward,8800,0.0691785
W+2/RB1in/2,Forward,8800,0.0569968
W+2/RB2in/2,Backward,8800,0.0154308
W+2/RB1out/2,Backward,8800,0.0300444
W+2/RB1in/2,Backward,8800,0.102075
W+2/RB4/3-,Forward,8800,0.00982509
W+2/RB4/3+,Forward,8800,0.0719824
W+2/RB3/3-,Forward,8800,0.0504843
W+2/RB3/3+,Forward,8800,0.00200813
W+2/RB4/3-,Backward,8800,0.00558863
W+2/RB4/3+,Backward,8800,0.0619144
W+2/RB3/3-,Backward,8800,0.0357799
W+2/RB3/3+,Backward,8800,0.00243495
W+2/RB2out/3,Forward,8800,0.0571442
W+2/RB2out/3,Central,8800,0.0527611
W+2/RB2out/3,Backward,8800,51.2596
W+2/RB2in/3,Forward,8800,0.0222459
W+2/RB1out/3,Forward,8800,0.0709047
W+2/RB1in/3,Forward,8800,0.108341
W+2/RB2in/3,Backward,8800,0.00899252
W+2/RB1out/3,Backward,8800,0.0127402
W+2/RB1in/3,Backward,8800,0.069843
W+2/RB4/10-,Forward,8800,0.0220504
W+2/RB4/10+,Forward,8800,0.0548486
W+2/RB3/10-,Forward,8800,0.0673334
W+2/RB3/10+,Forward,8800,0.11636
W+2/RB4/10-,Backward,8800,0.0287592
W+2/RB4/10+,Backward,8800,0.0295041
W+2/RB3/10-,Backward,8800,0.0432602
W+2/RB3/10+,Backward,8800,0.0592432
W+2/RB2out/10,Forward,8800,0.050333
W+2/RB2out/10,Central,8800,0.0433283
W+2/RB2out/10,Backward,8800,0.0435356
W+2/RB2in/10,Forward,8800,0.124748
W+2/RB1out/10,Forward,8800,0.0153518
W+2/RB1in/10,Forward,8800,0.0748001
W+2/RB2in/10,Backward,8800,0.0692923
W+2/RB1out/10,Backward,8800,0.0263477
W+2/RB1in/10,Backward,8800,0.0267948
W+2/RB4/11,Forward,8800,1.4113
W+2/RB3/11-,Forward,8800,30.69
W+2/RB3/11+,Forward,8800,1.74952
W+2/RB4/11,Backward,8800,0.00679808
W+2/RB3/11-,Backward,8800,0.0213534
W+2/RB3/11+,Backward,8800,0.0511879
W+2/RB2out/11,Forward,8800,0.0132295
W+2/RB2out/11,Central,8800,0.0169507
W+2/RB2out/11,Backward,8800,0.0154321
W+2/RB2in/11,Forward,8800,0.0324648
W+2/RB1out/11,Forward,8800,0.21065
W+2/RB1in/11,Forward,8800,0.0833643
W+2/RB1out/11,Backward,8800,0.162315
W+2/RB1in/11,Backward,8800,0.435062
W+2/RB4/12-,Forward,8800,4.31191
W+2/RB4/12+,Forward,8800,27.085
W+2/RB3/12-,Forward,8800,15.6751
W+2/RB3/12+,Forward,8800,0.508331
W+2/RB4/12-,Backward,8800,0.062545
W+2/RB4/12+,Backward,8800,0.187173
W+2/RB3/12-,Backward,8800,0.000144565
W+2/RB3/12+,Backward,8800,0.0304026
W+2/RB2out/12,Forward,8800,0.364886
W+2/RB2out/12,Central,8800,0.137426
W+2/RB2out/12,Backward,8800,0.0505895
W+2/RB2in/12,Forward,8800,9.74713
W+2/RB1out/12,Forward,8800,0.122478
W+2/RB1in/12,Forward,8800,0.0985993
W+2/RB2in/12,Backward,8800,0.0552452
W+2/RB1out/12,Backward,8800,0.0504994
W+2/RB1in/12,Backward,8800,0.105097
W-1/RB2out/8,Backward,8800,0.0542568
W-1/RB4/4++,Forward,8800,0.0407192
W-1/RB4/4+,Forward,8800,0.02644
W-1/RB4/4-,Forward,8800,0.0418713
W-1/RB4/4--,Forward,8800,0.0327693
W-1/RB3/4+,Forward,8800,0.0545323
W-1/RB3/4-,Forward,8800,0.166581
W-1/RB4/4++,Backward,8800,0.04357
W-1/RB4/4+,Backward,8800,0.116528
W-1/RB4/4-,Backward,8800,0.0238621
W-1/RB4/4--,Backward,8800,0.0266478
W-1/RB3/4+,Backward,8800,0.17824
W-1/RB3/4-,Backward,8800,0.0681072
W-1/RB2in/4,Forward,8800,0.362306
W-1/RB2in/4,Central,8800,1.24524
W-1/RB2in/4,Backward,8800,1.33785
W-1/RB2out/4,Forward,8800,0.128045
W-1/RB1out/4,Forward,8800,0.00326534
W-1/RB1in/4,Forward,8800,0.0368498
W-1/RB2out/4,Backward,8800,0.155432
W-1/RB1out/4,Backward,8800,1.78522e-05
W-1/RB1in/4,Backward,8800,0.025211
W-1/RB4/5+,Forward,8800,0.0297477
W-1/RB4/5-,Forward,8800,0.0366509
W-1/RB3/5+,Forward,8800,0.0391197
W-1/RB3/5-,Forward,8800,0.019124
W-1/RB4/5+,Backward,8800,0.055269
W-1/RB4/5-,Backward,8800,0.0393739
W-1/RB3/5+,Backward,8800,0.0332155
W-1/RB3/5-,Backward,8800,0.0145407
W-1/RB2in/5,Forward,8800,0.0136363
W-1/RB2in/5,Central,8800,0.0072731
W-1/RB2in/5,Backward,8800,0.00509599
W-1/RB2out/5,Forward,8800,0.0331238
W-1/RB1out/5,Forward,8800,0.0267529
W-1/RB1in/5,Forward,8800,0.043694
W-1/RB2out/5,Backward,8800,0.0185466
W-1/RB1out/5,Backward,8800,0.0193152
W-1/RB1in/5,Backward,8800,0.0232578
W-1/RB4/6+,Forward,8800,0.0241622
W-1/RB4/6-,Forward,8800,0.991104
W-1/RB3/6+,Forward,8800,0.0381269
W-1/RB3/6-,Forward,8800,0.0161097
W-1/RB4/6+,Backward,8800,0.021243
W-1/RB4/6-,Backward,8800,2.09434
W-1/RB3/6+,Backward,8800,0.0295695
W-1/RB3/6-,Backward,8800,0.00922809
W-1/RB2in/6,Forward,8800,0.0189491
W-1/RB2in/6,Central,8800,0.0208298
W-1/RB2in/6,Backward,8800,0.0145626
W-1/RB2out/6,Forward,8800,0.0284279
W-1/RB1out/6,Forward,8800,0.0343827
W-1/RB1in/6,Forward,8800,0.0109665
W-1/RB2out/6,Backward,8800,0.023627
W-1/RB1out/6,Backward,8800,0.018969
W-1/RB1in/6,Backward,8800,0.0175854
W-1/RB4/7+,Forward,8800,0.00897455
W-1/RB4/7-,Forward,8800,0.0181735
W-1/RB3/7+,Forward,8800,0.0484345
W-1/RB3/7-,Forward,8800,0.0288609
W-1/RB4/7+,Backward,8800,0.0111098
W-1/RB4/7-,Backward,8800,0.00880938
W-1/RB3/7+,Backward,8800,0.0210562
W-1/RB3/7-,Backward,8800,0.0452857
W-1/RB2in/7,Forward,8800,0.03575
W-1/RB2in/7,Central,8800,0.0663201
W-1/RB2in/7,Backward,8800,0.0440108
W-1/RB2out/7,Forward,8800,0.531608
W-1/RB1out/7,Forward,8800,0.00760561
W-1/RB1in/7,Forward,8800,0.00949916
W-1/RB2out/7,Backward,8800,0.00776111
W-1/RB1out/7,Backward,8800,0.00757044
W-1/RB1in/7,Backward,8800,0.00351105
W-1/RB4/8+,Forward,8800,0.00013281
W-1/RB4/8-,Forward,8800,0.105549
W-1/RB3/8+,Forward,8800,0.106269
W-1/RB3/8-,Forward,8800,0.0895891
W-1/RB4/8+,Backward,8800,5.10461e-05
W-1/RB4/8-,Backward,8800,0.115526
W-1/RB3/8+,Backward,8800,0.0542046
W-1/RB3/8-,Backward,8800,0.0790834
W-1/RB2in/8,Forward,8800,0.0492268
W-1/RB2in/8,Central,8800,0.0448013
W-1/RB2in/8,Backward,8800,0.0310321
W-1/RB2out/8,Forward,8800,0.0934289
W-1/RB1out/8,Forward,8800,0.089723
W-1/RB1in/8,Forward,8800,0.0632264
W-1/RB1out/8,Backward,8800,0.01857
W-1/RB1in/8,Backward,8800,0.0424921
W-1/RB4/9,Forward,8800,0.0650355
W-1/RB3/9+,Forward,8800,0.0882284
W-1/RB3/9-,Forward,8800,0.00387992
W-1/RB4/9,Backward,8800,0.0819147
W-1/RB3/9+,Backward,8800,0.119398
W-1/RB3/9-,Backward,8800,0.00441467
W-1/RB2in/9,Forward,8800,0.0370354
W-1/RB2in/9,Central,8800,0.0261568
W-1/RB2in/9,Backward,8800,0.0474643
W-1/RB2out/9,Forward,8800,0.0190923
W-1/RB1out/9,Forward,8800,0.0239127
W-1/RB1in/9,Forward,8800,0.0837282
W-1/RB2out/9,Backward,8800,0.0215971
W-1/RB1out/9,Backward,8800,0.0226686
W-1/RB1in/9,Backward,8800,0.00963805
W-1/RB2out/11,Backward,8800,0.0260968
W-1/RB4/1+,Forward,8800,0.0435084
W-1/RB4/1-,Forward,8800,0.0558438
W-1/RB3/1+,Forward,8800,0.043988
W-1/RB3/1-,Forward,8800,0.151638
W-1/RB4/1+,Backward,8800,0.0384469
W-1/RB4/1-,Backward,8800,0.0130486
W-1/RB3/1+,Backward,8800,0.0386358
W-1/RB3/1-,Backward,8800,0.0550451
W-1/RB2in/1,Forward,8800,0.0238485
W-1/RB2in/1,Central,8800,0.0298509
W-1/RB2in/1,Backward,8800,0.00791402
W-1/RB2out/1,Forward,8800,0.0149148
W-1/RB1out/1,Forward,8800,0.0198977
W-1/RB1in/1,Forward,8800,0.0203918
W-1/RB2out/1,Backward,8800,0.0106
W-1/RB1out/1,Backward,8800,0.00477883
W-1/RB1in/1,Backward,8800,0.00576545
W-1/RB4/2+,Forward,8800,0.0609829
W-1/RB4/2-,Forward,8800,0.018063
W-1/RB3/2+,Forward,8800,0.0240299
W-1/RB3/2-,Forward,8800,0.0203703
W-1/RB4/2+,Backward,8800,0.04212
W-1/RB4/2-,Backward,8800,0.0130716
W-1/RB3/2+,Backward,8800,0.0193601
W-1/RB3/2-,Backward,8800,0.0204844
W-1/RB2in/2,Forward,8800,0.031745
W-1/RB2in/2,Central,8800,0.0430372
W-1/RB2in/2,Backward,8800,0.0309901
W-1/RB2out/2,Forward,8800,0.0268849
W-1/RB1out/2,Forward,8800,0.303122
W-1/RB1in/2,Forward,8800,0.1122
W-1/RB2out/2,Backward,8800,0.0119219
W-1/RB1out/2,Backward,8800,0.255412
W-1/RB1in/2,Backward,8800,0.0580415
W-1/RB4/3+,Forward,8800,0.0313583
W-1/RB4/3-,Forward,8800,0.0265786
W-1/RB3/3+,Forward,8800,0.019488
W-1/RB3/3-,Forward,8800,0.0199348
W-1/RB4/3+,Backward,8800,0.0386569
W-1/RB4/3-,Backward,8800,0.0353032
W-1/RB3/3+,Backward,8800,0.0148094
W-1/RB3/3-,Backward,8800,0.0144981
W-1/RB2in/3,Forward,8800,0.0335148
W-1/RB2in/3,Central,8800,0.0311646
W-1/RB2in/3,Backward,8800,0.0184953
W-1/RB2out/3,Forward,8800,0.0154742
W-1/RB1out/3,Forward,8800,0.0514217
W-1/RB1in/3,Forward,8800,0.018976
W-1/RB2out/3,Backward,8800,0.0135719
W-1/RB1out/3,Backward,8800,0.0157518
W-1/RB1in/3,Backward,8800,0.0210647
W-1/RB4/10+,Forward,8800,0.0684619
W-1/RB4/10-,Forward,8800,0.0331662
W-1/RB3/10+,Forward,8800,0.101634
W-1/RB3/10-,Forward,8800,0.0319333
W-1/RB4/10+,Backward,8800,0.0312516
W-1/RB4/10-,Backward,8800,0.0346169
W-1/RB3/10+,Backward,8800,0.139946
W-1/RB3/10-,Backward,8800,0.022746
W-1/RB2in/10,Forward,8800,0.0143106
W-1/RB2in/10,Central,8800,0.0155521
W-1/RB2in/10,Backward,8800,0.0146973
W-1/RB2out/10,Forward,8800,0.0234962
W-1/RB1out/10,Forward,8800,0.0514465
W-1/RB1in/10,Forward,8800,0.0236779
W-1/RB2out/10,Backward,8800,0.0167161
W-1/RB1out/10,Backward,8800,0.0708732
W-1/RB1in/10,Backward,8800,0.0147136
W-1/RB4/11,Forward,8800,0.0194007
W-1/RB3/11+,Forward,8800,0.00439572
W-1/RB3/11-,Forward,8800,0.025943
W-1/RB4/11,Backward,8800,0.0162712
W-1/RB3/11+,Backward,8800,8.66858e-06
W-1/RB3/11-,Backward,8800,0.0188199
W-1/RB2in/11,Forward,8800,0.0194559
W-1/RB2in/11,Central,8800,0.0578005
W-1/RB2in/11,Backward,8800,0.0170517
W-1/RB2out/11,Forward,8800,0.0295037
W-1/RB1out/11,Forward,8800,0.109904
W-1/RB1in/11,Forward,8800,0.0236806
W-1/RB1out/11,Backward,8800,0.483611
W-1/RB1in/11,Backward,8800,0.0387646
W-1/RB4/12+,Forward,8800,0.668461
W-1/RB4/12-,Forward,8800,0.129136
W-1/RB3/12+,Forward,8800,0.0201133
W-1/RB3/12-,Forward,8800,0.0322164
W-1/RB4/12+,Backward,8800,0.421027
W-1/RB4/12-,Backward,8800,0.0772577
W-1/RB3/12+,Backward,8800,0.0229131
W-1/RB3/12-,Backward,8800,0.028914
W-1/RB2in/12,Forward,8800,0.0416171
W-1/RB2in/12,Central,8800,0.0562188
W-1/RB2in/12,Backward,8800,0.0553318
W-1/RB2out/12,Forward,8800,0.0484953
W-1/RB1out/12,Forward,8800,0.00986019
W-1/RB1in/12,Forward,8800,0.0353403
W-1/RB2out/12,Backward,8800,0.0620963
W-1/RB1out/12,Backward,8800,0.0175439
W-1/RB1in/12,Backward,8800,0.0169679
W-2/RB2in/8,Backward,8800,0.0929127
W-2/RB4/4++,Forward,8800,0.0114751
W-2/RB4/4+,Forward,8800,0.024697
W-2/RB4/4-,Forward,8800,0.0202184
W-2/RB4/4--,Forward,8800,0.0717763
W-2/RB3/4+,Forward,8800,0.00905963
W-2/RB3/4-,Forward,8800,0.0230419
W-2/RB4/4++,Backward,8800,0.00922323
W-2/RB4/4+,Backward,8800,0.0259267
W-2/RB4/4-,Backward,8800,0.0288387
W-2/RB4/4--,Backward,8800,0.0539928
W-2/RB3/4+,Backward,8800,0.0108914
W-2/RB3/4-,Backward,8800,0.0299403
W-2/RB2out/4,Forward,8800,0.0413123
W-2/RB2out/4,Central,8800,0.0387695
W-2/RB2out/4,Backward,8800,0.0321951
W-2/RB2in/4,Forward,8800,0.0690605
W-2/RB1out/4,Forward,8800,0.0320456
W-2/RB1in/4,Forward,8800,0.018295
W-2/RB2in/4,Backward,8800,0.0902572
W-2/RB1out/4,Backward,8800,0.0281736
W-2/RB1in/4,Backward,8800,0.015766
W-2/RB4/5+,Forward,8800,0.0148154
W-2/RB4/5-,Forward,8800,0.0139084
W-2/RB3/5+,Forward,8800,0.0264327
W-2/RB3/5-,Forward,8800,0.0192319
W-2/RB4/5+,Backward,8800,0.00178659
W-2/RB4/5-,Backward,8800,0.0169658
W-2/RB3/5+,Backward,8800,0.0229701
W-2/RB3/5-,Backward,8800,0.0119828
W-2/RB2out/5,Forward,8800,0.0414978
W-2/RB2out/5,Central,8800,0.0287508
W-2/RB2out/5,Backward,8800,0.0322435
W-2/RB2in/5,Forward,8800,0.0356061
W-2/RB1out/5,Forward,8800,0.0172333
W-2/RB1in/5,Forward,8800,0.0323855
W-2/RB2in/5,Backward,8800,0.00107882
W-2/RB1out/5,Backward,8800,0.00861754
W-2/RB1in/5,Backward,8800,0.0159037
W-2/RB4/6+,Forward,8800,0.134613
W-2/RB4/6-,Forward,8800,0.0335683
W-2/RB3/6+,Forward,8800,0.0213462
W-2/RB3/6-,Forward,8800,0.0232684
W-2/RB4/6+,Backward,8800,0.139652
W-2/RB4/6-,Backward,8800,0.00917486
W-2/RB3/6+,Backward,8800,0.0111679
W-2/RB3/6-,Backward,8800,0.0506233
W-2/RB2out/6,Forward,8800,0.0358747
W-2/RB2out/6,Central,8800,0.0331568
W-2/RB2out/6,Backward,8800,0.0215724
W-2/RB2in/6,Forward,8800,0.0536014
W-2/RB1out/6,Forward,8800,0.104423
W-2/RB1in/6,Forward,8800,0.0147625
W-2/RB2in/6,Backward,8800,0.0624537
W-2/RB1out/6,Backward,8800,0.0110752
W-2/RB1in/6,Backward,8800,0.0144942
W-2/RB4/7+,Forward,8800,0.0260018
W-2/RB4/7-,Forward,8800,0.0186128
W-2/RB3/7+,Forward,8800,0.0661052
W-2/RB3/7-,Forward,8800,0.0327786
W-2/RB4/7+,Backward,8800,0.0177906
W-2/RB4/7-,Backward,8800,0.00745498
W-2/RB3/7+,Backward,8800,0.0745084
W-2/RB3/7-,Backward,8800,0.021514
W-2/RB2out/7,Forward,8800,0.0186237
W-2/RB2out/7,Central,8800,0.0209271
W-2/RB2out/7,Backward,8800,0.0146774
W-2/RB2in/7,Forward,8800,0.225243
W-2/RB1out/7,Forward,8800,0.0107722
W-2/RB1in/7,Forward,8800,0.0336344
W-2/RB2in/7,Backward,8800,0.062745
W-2/RB1out/7,Backward,8800,0.00373628
W-2/RB1in/7,Backward,8800,0.0542019
W-2/RB4/8+,Forward,8800,0.0174084
W-2/RB4/8-,Forward,8800,0.0304106
W-2/RB3/8+,Forward,8800,0.0256182
W-2/RB3/8-,Forward,8800,0.0481595
W-2/RB4/8+,Backward,8800,0.0289423
W-2/RB4/8-,Backward,8800,0.0363448
W-2/RB3/8+,Backward,8800,0.0148335
W-2/RB3/8-,Backward,8800,0.0196602
W-2/RB2out/8,Forward,8800,0.0507815
W-2/RB2out/8,Central,8800,0.108494
W-2/RB2out/8,Backward,8800,0.0267915
W-2/RB2in/8,Forward,8800,0.0626393
W-2/RB1out/8,Forward,8800,0.261722
W-2/RB1in/8,Forward,8800,0.015709
W-2/RB1out/8,Backward,8800,0.0525845
W-2/RB1in/8,Backward,8800,0.00513365
W-2/RB4/9,Forward,8800,0.054271
W-2/RB3/9+,Forward,8800,0.0363614
W-2/RB3/9-,Forward,8800,0.0529777
W-2/RB4/9,Backward,8800,0.0430513
W-2/RB3/9+,Backward,8800,0.0238991
W-2/RB3/9-,Backward,8800,0.0222282
W-2/RB2out/9,Forward,8800,0.0280823
W-2/RB2out/9,Central,8800,0.0183903
W-2/RB2out/9,Backward,8800,0.0229685
W-2/RB2in/9,Forward,8800,0.115396
W-2/RB1out/9,Forward,8800,0.0547292
W-2/RB1in/9,Forward,8800,0.00805396
W-2/RB2in/9,Backward,8800,0.048828
W-2/RB1out/9,Backward,8800,0.0179333
W-2/RB1in/9,Backward,8800,1.61578
W-2/RB2in/11,Backward,8800,0.0553268
W-2/RB4/1+,Forward,8800,0.0179349
W-2/RB4/1-,Forward,8800,0.0174816
W-2/RB3/1+,Forward,8800,0.0306402
W-2/RB3/1-,Forward,8800,0.0272208
W-2/RB4/1+,Backward,8800,0.0169901
W-2/RB4/1-,Backward,8800,0.0279449
W-2/RB3/1+,Backward,8800,0.0492503
W-2/RB3/1-,Backward,8800,0.0248086
W-2/RB2out/1,Forward,8800,0.0286973
W-2/RB2out/1,Central,8800,0.071778
W-2/RB2out/1,Backward,8800,0.0200948
W-2/RB2in/1,Forward,8800,0.0472259
W-2/RB1out/1,Forward,8800,0.0154374
W-2/RB1in/1,Forward,8800,0.00804602
W-2/RB2in/1,Backward,8800,0.0355713
W-2/RB1out/1,Backward,8800,0.00596463
W-2/RB1in/1,Backward,8800,0.00884423
W-2/RB4/2+,Forward,8800,0.163659
W-2/RB4/2-,Forward,8800,0.127302
W-2/RB3/2+,Forward,8800,0.0227158
W-2/RB3/2-,Forward,8800,0.0294313
W-2/RB4/2+,Backward,8800,0.0791858
W-2/RB4/2-,Backward,8800,0.0875628
W-2/RB3/2+,Backward,8800,0.0258145
W-2/RB3/2-,Backward,8800,4.93097
W-2/RB2out/2,Forward,8800,0.0374117
W-2/RB2out/2,Central,8800,0.0293801
W-2/RB2out/2,Backward,8800,0.0335222
W-2/RB2in/2,Forward,8800,0.00733297
W-2/RB1out/2,Forward,8800,0.0583033
W-2/RB1in/2,Forward,8800,0.0195605
W-2/RB2in/2,Backward,8800,0.0107421
W-2/RB1out/2,Backward,8800,0.0246858
W-2/RB1in/2,Backward,8800,0.0071585
W-2/RB4/3+,Forward,8800,0.0399639
W-2/RB4/3-,Forward,8800,0.256256
W-2/RB3/3+,Forward,8800,0.0469615
W-2/RB3/3-,Forward,8800,0.035826
W-2/RB4/3+,Backward,8800,0.0425297
W-2/RB4/3-,Backward,8800,0.655457
W-2/RB3/3+,Backward,8800,0.018489
W-2/RB3/3-,Backward,8800,0.0233975
W-2/RB2out/3,Forward,8800,0.0327941
W-2/RB2out/3,Central,8800,0.0574249
W-2/RB2out/3,Backward,8800,0.0384807
W-2/RB2in/3,Forward,8800,0.121289
W-2/RB1out/3,Forward,8800,0.0270365
W-2/RB1in/3,Forward,8800,0.068505
W-2/RB2in/3,Backward,8800,0.0800918
W-2/RB1out/3,Backward,8800,0.0243442
W-2/RB1in/3,Backward,8800,0.0534454
W-2/RB4/10+,Forward,8800,0.0223177
W-2/RB4/10-,Forward,8800,0.0297459
W-2/RB3/10+,Forward,8800,0.012145
W-2/RB3/10-,Forward,8800,0.0626845
W-2/RB4/10+,Backward,8800,0.0102847
W-2/RB4/10-,Backward,8800,0.0467387
W-2/RB3/10+,Backward,8800,0.00881657
W-2/RB3/10-,Backward,8800,0.0444047
W-2/RB2out/10,Forward,8800,0.0859082
W-2/RB2out/10,Central,8800,0.0789593
W-2/RB2out/10,Backward,8800,0.0519048
W-2/RB2in/10,Forward,8800,0.0258891
W-2/RB1out/10,Forward,8800,0.0920597
W-2/RB1in/10,Forward,8800,0.0167524
W-2/RB2in/10,Backward,8800,0.0201313
W-2/RB1out/10,Backward,8800,0.0608552
W-2/RB1in/10,Backward,8800,0.0175027
W-2/RB4/11,Forward,8800,0.0204775
W-2/RB3/11+,Forward,8800,0.0393151
W-2/RB3/11-,Forward,8800,0.0273001
W-2/RB4/11,Backward,8800,0.00472885
W-2/RB3/11+,Backward,8800,0.0623178
W-2/RB3/11-,Backward,8800,0.0342668
W-2/RB2out/11,Forward,8800,0.0252377
W-2/RB2out/11,Central,8800,0.0826612
W-2/RB2out/11,Backward,8800,0.0473019
W-2/RB2in/11,Forward,8800,0.0644273
W-2/RB1out/11,Forward,8800,0.0545621
W-2/RB1in/11,Forward,8800,0.0632694
W-2/RB1out/11,Backward,8800,0.0355658
W-2/RB1in/11,Backward,8800,0.0372613
W-2/RB4/12+,Forward,8800,0.0413678
W-2/RB4/12-,Forward,8800,0.0239885
W-2/RB3/12+,Forward,8800,0.0197258
W-2/RB3/12-,Forward,8800,0.0290223
W-2/RB4/12+,Backward,8800,0.0522094
W-2/RB4/12-,Backward,8800,0.0152887
W-2/RB3/12+,Backward,8800,0.0235829
W-2/RB3/12-,Backward,8800,0.0364759
W-2/RB2out/12,Forward,8800,0.0305099
W-2/RB2out/12,Central,8800,0.0295357
W-2/RB2out/12,Backward,8800,0.0517693
W-2/RB2in/12,Forward,8800,0.0898867
W-2/RB1out/12,Forward,8800,0
W-2/RB1in/12,Forward,8800,0.1391
W-2/RB2in/12,Backward,8800,0.103204
W-2/RB1out/12,Backward,8800,0
W-2/RB1in/12,Backward,8800,0.148337
W0/RB2out/8,Backward,8800,0.121752
W0/RB4/4+,Forward,8800,0.0347728
W0/RB4/4++,Forward,8800,0.0251988
W0/RB4/4--,Forward,8800,0.0622441
W0/RB4/4-,Forward,8800,0.0324158
W0/RB3/4+,Forward,8800,0.07148
W0/RB3/4-,Forward,8800,0.0343557
W0/RB4/4+,Backward,8800,0.0239484
W0/RB4/4++,Backward,8800,0.0444574
W0/RB4/4--,Backward,8800,0.0463131
W0/RB4/4-,Backward,8800,0.0231562
W0/RB3/4+,Backward,8800,0.0856548
W0/RB3/4-,Backward,8800,0.0444542
W0/RB2in/4,Forward,8800,0.0736125
W0/RB2in/4,Central,8800,0.118915
W0/RB2in/4,Backward,8800,0.182856
W0/RB2out/4,Forward,8800,0.0307775
W0/RB1out/4,Forward,8800,0.0315466
W0/RB1in/4,Forward,8800,0.0295846
W0/RB2out/4,Backward,8800,0.0124432
W0/RB1out/4,Backward,8800,0.0309593
W0/RB1in/4,Backward,8800,0.0227998
W0/RB4/5+,Forward,8800,0.0482892
W0/RB4/5-,Forward,8800,0.0317399
W0/RB3/5+,Forward,8800,0.0338957
W0/RB3/5-,Forward,8800,0.0148124
W0/RB4/5+,Backward,8800,0.0486562
W0/RB4/5-,Backward,8800,0.06163
W0/RB3/5+,Backward,8800,0.017203
W0/RB3/5-,Backward,8800,0.0130088
W0/RB2in/5,Forward,8800,8.10373
W0/RB2in/5,Central,8800,0.0562484
W0/RB2in/5,Backward,8800,0.0434857
W0/RB2out/5,Forward,8800,0.037196
W0/RB1out/5,Forward,8800,0.184273
W0/RB1in/5,Forward,8800,0.612146
W0/RB2out/5,Backward,8800,0.035816
W0/RB1out/5,Backward,8800,0.741852
W0/RB1in/5,Backward,8800,0.126406
W0/RB4/6-,Forward,8800,0.0180718
W0/RB4/6+,Forward,8800,0.024594
W0/RB3/6-,Forward,8800,0.0139665
W0/RB3/6+,Forward,8800,0.018995
W0/RB4/6-,Backward,8800,0.0187674
W0/RB4/6+,Backward,8800,0.0223285
W0/RB3/6-,Backward,8800,0.0203801
W0/RB3/6+,Backward,8800,0.0160178
W0/RB2in/6,Forward,8800,0.0270226
W0/RB2in/6,Central,8800,0.0635282
W0/RB2in/6,Backward,8800,0.0458866
W0/RB2out/6,Forward,8800,0.159456
W0/RB1out/6,Forward,8800,0.0714567
W0/RB1in/6,Forward,8800,0.017786
W0/RB2out/6,Backward,8800,0.14345
W0/RB1out/6,Backward,8800,0.0130167
W0/RB1in/6,Backward,8800,0.0120187
W0/RB4/7-,Forward,8800,0.00283322
W0/RB4/7+,Forward,8800,0.00830308
W0/RB3/7-,Forward,8800,0.0601692
W0/RB3/7+,Forward,8800,0.0847414
W0/RB4/7-,Backward,8800,0.00310455
W0/RB4/7+,Backward,8800,0.00951804
W0/RB3/7-,Backward,8800,0.0136357
W0/RB3/7+,Backward,8800,0.0364039
W0/RB2in/7,Forward,8800,0.493874
W0/RB2in/7,Central,8800,0.0398986
W0/RB2in/7,Backward,8800,0.0101407
W0/RB2out/7,Forward,8800,0.0457768
W0/RB1out/7,Forward,8800,0.00906554
W0/RB1in/7,Forward,8800,0.0049753
W0/RB2out/7,Backward,8800,0.0107325
W0/RB1out/7,Backward,8800,0.00493206
W0/RB1in/7,Backward,8800,0.00265561
W0/RB4/8+,Forward,8800,0.0221851
W0/RB4/8-,Forward,8800,0.0351741
W0/RB3/8+,Forward,8800,0.0120428
W0/RB3/8-,Forward,8800,0.0431891
W0/RB4/8+,Backward,8800,0.0112541
W0/RB4/8-,Backward,8800,0.0287224
W0/RB3/8+,Backward,8800,0.0243116
W0/RB3/8-,Backward,8800,0.0729259
W0/RB2in/8,Forward,8800,0.0639088
W0/RB2in/8,Central,8800,0.0618072
W0/RB2in/8,Backward,8800,0.0427786
W0/RB2out/8,Forward,8800,2.55675
W0/RB1out/8,Forward,8800,0.0183055
W0/RB1in/8,Forward,8800,0.0181609
W0/RB1out/8,Backward,8800,0.0081459
W0/RB1in/8,Backward,8800,0.0162214
W0/RB4/9,Forward,8800,0.902579
W0/RB3/9+,Forward,8800,0.031114
W0/RB3/9-,Forward,8800,0.0376082
W0/RB4/9,Backward,8800,1.02455
W0/RB3/9+,Backward,8800,0.0193394
W0/RB3/9-,Backward,8800,0.0439265
W0/RB2in/9,Forward,8800,0.0805533
W0/RB2in/9,Central,8800,0.0209633
W0/RB2in/9,Backward,8800,0.0221567
W0/RB2out/9,Forward,8800,0.0483116
W0/RB1out/9,Forward,8800,0.0142108
W0/RB1in/9,Forward,8800,0.0743998
W0/RB2out/9,Backward,8800,0.101426
W0/RB1out/9,Backward,8800,0.0160955
W0/RB1in/9,Backward,8800,0.069347
W0/RB2out/11,Backward,8800,0.0662712
W0/RB4/1+,Forward,8800,0.0150744
W0/RB4/1-,Forward,8800,0.010004
W0/RB3/1+,Forward,8800,0.159984
W0/RB3/1-,Forward,8800,0.0438298
W0/RB4/1+,Backward,8800,0.0257274
W0/RB4/1-,Backward,8800,0.00577444
W0/RB3/1+,Backward,8800,0.0655618
W0/RB3/1-,Backward,8800,0.0172119
W0/RB2in/1,Forward,8800,0.0445789
W0/RB2in/1,Central,8800,0.0153801
W0/RB2in/1,Backward,8800,0.00804962
W0/RB2out/1,Forward,8800,0.0179938
W0/RB1out/1,Forward,8800,0.0186976
W0/RB1in/1,Forward,8800,0.00468473
W0/RB2out/1,Backward,8800,0.00357807
W0/RB1out/1,Backward,8800,0.00732251
W0/RB1in/1,Backward,8800,0.00207493
W0/RB4/2-,Forward,8800,0.0747703
W0/RB4/2+,Forward,8800,0.0399381
W0/RB3/2-,Forward,8800,0.155237
W0/RB3/2+,Forward,8800,0.032902
W0/RB4/2-,Backward,8800,0.0390686
W0/RB4/2+,Backward,8800,0.0287757
W0/RB3/2-,Backward,8800,0.0392066
W0/RB3/2+,Backward,8800,0.0316951
W0/RB2in/2,Forward,8800,0.0402253
W0/RB2in/2,Central,8800,0.119705
W0/RB2in/2,Backward,8800,0.0299239
W0/RB2out/2,Forward,8800,0.0277147
W0/RB1out/2,Forward,8800,0.0507091
W0/RB1in/2,Forward,8800,0.0437526
W0/RB2out/2,Backward,8800,0.0283178
W0/RB1out/2,Backward,8800,0.0317427
W0/RB1in/2,Backward,8800,0.151845
W0/RB4/3-,Forward,8800,0.0420924
W0/RB4/3+,Forward,8800,0.0347084
W0/RB3/3-,Forward,8800,0.0412544
W0/RB3/3+,Forward,8800,0.0369688
W0/RB4/3-,Backward,8800,0.024127
W0/RB4/3+,Backward,8800,0.0250001
W0/RB3/3-,Backward,8800,0.217333
W0/RB3/3+,Backward,8800,0.0329088
W0/RB2in/3,Forward,8800,0.0686739
W0/RB2in/3,Central,8800,0.033204
W0/RB2in/3,Backward,8800,0.0342587
W0/RB2out/3,Forward,8800,0.008173
W0/RB1out/3,Forward,8800,0.0270974
W0/RB1in/3,Forward,8800,0.0158611
W0/RB2out/3,Backward,8800,0.0373273
W0/RB1out/3,Backward,8800,0.0160795
W0/RB1in/3,Backward,8800,0.0193309
W0/RB4/10-,Forward,8800,0.0132074
W0/RB4/10+,Forward,8800,0.00946699
W0/RB3/10-,Forward,8800,0.0969333
W0/RB3/10+,Forward,8800,0.0452262
W0/RB4/10-,Backward,8800,0.0114839
W0/RB4/10+,Backward,8800,0.00991352
W0/RB3/10-,Backward,8800,0.0232098
W0/RB3/10+,Backward,8800,0.0237934
W0/RB2in/10,Forward,8800,0.0510228
W0/RB2in/10,Central,8800,0.057663
W0/RB2in/10,Backward,8800,0.0339897
W0/RB2out/10,Forward,8800,0.0409447
W0/RB1out/10,Forward,8800,0.0292338
W0/RB1in/10,Forward,8800,0.0386294
W0/RB2out/10,Backward,8800,0.0197029
W0/RB1out/10,Backward,8800,0.0158674
W0/RB1in/10,Backward,8800,0.0156347
W0/RB4/11,Forward,8800,0.0713478
W0/RB3/11-,Forward,8800,0.0245271
W0/RB3/11+,Forward,8800,0.0233658
W0/RB4/11,Backward,8800,0.0418584
W0/RB3/11-,Backward,8800,0.0142533
W0/RB3/11+,Backward,8800,0.0225135
W0/RB2in/11,Forward,8800,0.14995
W0/RB2in/11,Central,8800,0.0443889
W0/RB2in/11,Backward,8800,0.0179929
W0/RB2out/11,Forward,8800,0.0735522
W0/RB1out/11,Forward,8800,0.0552419
W0/RB1in/11,Forward,8800,0.0892252
W0/RB1out/11,Backward,8800,0.0277425
W0/RB1in/11,Backward,8800,0.0585758
W0/RB4/12+,Forward,8800,0.0201036
W0/RB4/12-,Forward,8800,0.0630377
W0/RB3/12+,Forward,8800,0.065995
W0/RB3/12-,Forward,8800,0.0271443
W0/RB4/12+,Backward,8800,0.0237901
W0/RB4/12-,Backward,8800,0.0678006
W0/RB3/12+,Backward,8800,0.0719694
W0/RB3/12-,Backward,8800,0.0311419
W0/RB2in/12,Forward,8800,0.0264644
W0/RB2in/12,Central,8800,0.0495267
W0/RB2in/12,Backward,8800,0.0301202
W0/RB2out/12,Forward,8800,0.0748298
W0/RB1out/12,Forward,8800,0.0495693
W0/RB1in/12,Forward,8800,0.043085
W0/RB2out/12,Backward,8800,0.0934386
W0/RB1out/12,Backward,8800,0.0172229
W0/RB1in/12,Backward,8800,0.0182293
RE-1/3/25,A,8800,0.0267879
RE-1/3/25,B,8800,0.0255475
RE-1/3/25,C,8800,0.0135032
RE-1/2/9,A,8800,0.0264136
RE-1/2/9,B,8800,0.0242764
RE-1/2/9,C,8800,0.0157553
RE-1/2/10,A,8800,0.0191703
RE-1/2/10,B,8800,0.0309433
RE-1/2/10,C,8800,0.0141065
RE-1/2/11,A,8800,0.0277389
RE-1/2/11,B,8800,0.0287878
RE-1/2/11,C,8800,0.0158998
RE-1/3/9,A,8800,0.0188023
RE-1/3/9,B,8800,0.0239021
RE-1/3/9,C,8800,0.0169975
RE-1/3/10,A,8800,0
RE-1/3/10,B,8800,0.0175644
RE-1/3/10,C,8800,0.0211867
RE-1/3/11,A,8800,0.0275159
RE-1/3/11,B,8800,0.0360903
RE-1/3/11,C,8800,0.0713105
RE-2/2/11,A,8800,0.04363
RE-2/2/11,B,8800,0.0643357
RE-2/2/11,C,8800,0.0465082
RE-2/2/12,A,8800,0.0801338
RE-2/2/12,B,8800,0.100111
RE-2/2/12,C,8800,0.0604829
RE-2/2/13,A,8800,0.0488514
RE-2/2/13,B,8800,4.47304
RE-2/2/13,C,8800,0.0516065
RE-2/3/11,A,8800,0.0514304
RE-2/3/11,B,8800,0.0484745
RE-2/3/11,C,8800,0.0355102
RE-2/3/12,A,8800,0.0447951
RE-2/3/12,B,8800,0.0774641
RE-2/3/12,C,8800,0.0734406
RE-2/3/13,A,8800,0.0548229
RE-2/3/13,B,8800,0.05451
RE-2/3/13,C,8800,0.0438765
RE-1/2/12,A,8800,0.0312691
RE-1/2/12,B,8800,0.0149666
RE-1/2/12,C,8800,0.0198679
RE-1/2/13,A,8800,0.0224867
RE-1/2/13,B,8800,0.0188509
RE-1/2/13,C,8800,0.019625
RE-1/2/14,A,8800,0.0281694
RE-1/2/14,B,8800,0.0394788
RE-1/2/14,C,8800,0.0281981
RE-1/3/12,A,8800,0.0244401
RE-1/3/12,B,8800,0.0193528
RE-1/3/12,C,8800,0.00865383
RE-1/3/13,A,8800,0.0176574
RE-1/3/13,B,8800,0.0485508
RE-1/3/13,C,8800,0.0462182
RE-1/3/14,A,8800,0.0327135
RE-1/3/14,B,8800,0.0225357
RE-1/3/14,C,8800,0.0165122
RE-2/2/14,A,8800,0.0397316
RE-2/2/14,B,8800,0.0661165
RE-2/2/14,C,8800,0.0363894
RE-2/2/15,A,8800,0.0711965
RE-2/2/15,B,8800,0.073909
RE-2/2/15,C,8800,0.0604093
RE-2/2/16,A,8800,0.0587952
RE-2/2/16,B,8800,0.0757543
RE-2/2/16,C,8800,0.0641321
RE-2/3/14,A,8800,0.034916
RE-2/3/14,B,8800,0.0394965
RE-2/3/14,C,8800,0.0243694
RE-2/3/15,A,8800,0.04119
RE-2/3/15,B,8800,0.0460172
RE-2/3/15,C,8800,0.0428366
RE-2/3/16,A,8800,0.0336031
RE-2/3/16,B,8800,0.0378172
RE-2/3/16,C,8800,0.0366433
RE-1/2/15,A,8800,0.0798962
RE-1/2/15,B,8800,0.0859312
RE-1/2/15,C,8800,0.0822913
RE-1/2/16,A,8800,0.0298601
RE-1/2/16,B,8800,0.0380267
RE-1/2/16,C,8800,0.0274919
RE-1/2/17,A,8800,0.0218379
RE-1/2/17,B,8800,0.0207606
RE-1/2/17,C,8800,0.00917567
RE-1/3/15,A,8800,0.0182698
RE-1/3/15,B,8800,0.0134007
RE-1/3/15,C,8800,0.0105691
RE-1/3/16,A,8800,0.0178315
RE-1/3/16,B,8800,0.0159494
RE-1/3/16,C,8800,0.00799069
RE-1/3/17,A,8800,0.0139999
RE-1/3/17,B,8800,0.00852017
RE-1/3/17,C,8800,0.00858073
RE-2/2/17,A,8800,0.0420542
RE-2/2/17,B,8800,0.115417
RE-2/2/17,C,8800,0.0332764
RE-2/2/18,A,8800,0.0533841
RE-2/2/18,B,8800,0.0625893
RE-2/2/18,C,8800,0.0381448
RE-2/2/19,A,8800,0.0825131
RE-2/2/19,B,8800,0.0842796
RE-2/2/19,C,8800,0.058738
RE-2/3/17,A,8800,0.0611367
RE-2/3/17,B,8800,0.0593895
RE-2/3/17,C,8800,0.0786276
RE-2/3/18,A,8800,0.0388825
RE-2/3/18,B,8800,0.0604772
RE-2/3/18,C,8800,0.0453525
RE-2/3/19,A,8800,0.0408467
RE-2/3/19,B,8800,0.061435
RE-2/3/19,C,8800,0.0584219
RE-1/2/18,A,8800,0.0109399
RE-1/2/18,B,8800,0.0246179
RE-1/2/18,C,8800,0.00887289
RE-1/2/19,A,8800,0.0198728
RE-1/2/19,B,8800,0.0409291
RE-1/2/19,C,8800,0.0331087
RE-1/2/20,A,8800,0.0455057
RE-1/2/20,B,8800,0.0506595
RE-1/2/20,C,8800,0.0976901
RE-1/3/18,A,8800,0.0157909
RE-1/3/18,B,8800,0.0217099
RE-1/3/18,C,8800,0.0120364
RE-1/3/19,A,8800,0.304389
RE-1/3/19,B,8800,0.0730751
RE-1/3/19,C,8800,0.0776277
RE-1/3/20,A,8800,0.0180567
RE-1/3/20,B,8800,0.0125224
RE-1/3/20,C,8800,0.00898666
RE-2/2/20,A,8800,0.0337317
RE-2/2/20,B,8800,0.0399332
RE-2/2/20,C,8800,0.0397069
RE-2/2/21,A,8800,0.166308
RE-2/2/21,B,8800,0.0713074
RE-2/2/21,C,8800,0.0459614
RE-2/2/22,A,8800,0.087445
RE-2/2/22,B,8800,0.0928622
RE-2/2/22,C,8800,0.0763764
RE-2/3/20,A,8800,0.0638255
RE-2/3/20,B,8800,0.0697204
RE-2/3/20,C,8800,0.0505487
RE-2/3/21,A,8800,0.0433511
RE-2/3/21,B,8800,0.0480712
RE-2/3/21,C,8800,0.0420955
RE-2/3/22,A,8800,0.0619127
RE-2/3/22,B,8800,0.0735918
RE-2/3/22,C,8800,0.0736376
RE-1/2/21,A,8800,0.0296012
RE-1/2/21,B,8800,0.0230943
RE-1/2/21,C,8800,0.0225406
RE-1/2/22,A,8800,0.014856
RE-1/2/22,B,8800,0.0186045
RE-1/2/22,C,8800,0.0170966
RE-1/2/23,A,8800,0.0140861
RE-1/2/23,B,8800,0.0208168
RE-1/2/23,C,8800,0.0138357
RE-1/3/21,A,8800,0.0134471
RE-1/3/21,B,8800,0.0105417
RE-1/3/21,C,8800,0.0100418
RE-1/3/22,A,8800,0.0207259
RE-1/3/22,B,8800,0.0229637
RE-1/3/22,C,8800,0.0181009
RE-1/3/23,A,8800,0.0343864
RE-1/3/23,B,8800,0.0127608
RE-1/3/23,C,8800,0.00447918
RE-2/2/23,A,8800,0.0635314
RE-2/2/23,B,8800,0.0512048
RE-2/2/23,C,8800,0.0667226
RE-2/2/24,A,8800,0.0451706
RE-2/2/24,B,8800,0.0808525
RE-2/2/24,C,8800,0.0816833
RE-2/2/25,A,8800,0.0794853
RE-2/2/25,B,8800,0.0669073
RE-2/2/25,C,8800,0.0456793
RE-2/3/23,A,8800,0.0836715
RE-2/3/23,B,8800,0.0986474
RE-2/3/23,C,8800,0.0589614
RE-2/3/24,A,8800,0.0612847
RE-2/3/24,B,8800,0.0930373
RE-2/3/24,C,8800,0.0802374
RE-2/3/25,A,8800,0.0512031
RE-2/3/25,B,8800,0.0531644
RE-2/3/25,C,8800,0.0329616
RE-1/2/24,A,8800,0.0198921
RE-1/2/24,B,8800,0.0199211
RE-1/2/24,C,8800,0.0186933
RE-1/2/25,A,8800,0.0284814
RE-1/2/25,B,8800,0.0282428
RE-1/2/25,C,8800,0.012148
RE-1/2/26,A,8800,0.0269892
RE-1/2/26,B,8800,0.0289295
RE-1/2/26,C,8800,0.017767
RE-1/3/24,A,8800,0.074084
RE-1/3/24,B,8800,0.069083
RE-1/3/24,C,8800,0.00802505
RE-1/3/26,A,8800,0.0283402
RE-1/3/26,B,8800,0.0216417
RE-1/3/26,C,8800,0.0159226
RE-2/2/26,A,8800,0.0771898
RE-2/2/26,B,8800,0.0670932
RE-2/2/26,C,8800,0.0551067
RE-2/2/27,A,8800,0.185409
RE-2/2/27,B,8800,0.690072
RE-2/2/27,C,8800,0.278288
RE-2/2/28,A,8800,0.121876
RE-2/2/28,B,8800,0.0945088
RE-2/2/28,C,8800,0.235115
RE-2/3/26,A,8800,0.0620311
RE-2/3/26,B,8800,0.0608778
RE-2/3/26,C,8800,0.0941455
RE-2/3/27,A,8800,0.0751052
RE-2/3/27,B,8800,0.0616299
RE-2/3/27,C,8800,0.142297
RE-2/3/28,A,8800,0.0543255
RE-2/3/28,B,8800,0.0629929
RE-2/3/28,C,8800,0.0501998
RE-1/3/34,A,8800,0.0255503
RE-1/3/34,B,8800,0.0373132
RE-1/3/34,C,8800,0.0221149
RE-1/2/36,A,8800,0.0280504
RE-1/2/36,B,8800,0.0219889
RE-1/2/36,C,8800,0.014519
RE-1/2/1,A,8800,0.0368504
RE-1/2/1,B,8800,0.0289353
RE-1/2/1,C,8800,0.0286364
RE-1/2/2,A,8800,0.0287053
RE-1/2/2,B,8800,0.0163463
RE-1/2/2,C,8800,0.0295456
RE-1/3/36,A,8800,0.0448878
RE-1/3/36,B,8800,0.0428806
RE-1/3/36,C,8800,0.0365205
RE-1/3/1,A,8800,0.0173888
RE-1/3/1,B,8800,0.024394
RE-1/3/1,C,8800,0.0170972
RE-1/3/2,A,8800,0.0126239
RE-1/3/2,B,8800,0.00909983
RE-1/3/2,C,8800,0.00678155
RE-2/2/2,A,8800,0.0492072
RE-2/2/2,B,8800,0.0825147
RE-2/2/2,C,8800,0.0488959
RE-2/2/3,A,8800,0.0557578
RE-2/2/3,B,8800,0.0722416
RE-2/2/3,C,8800,0.0994515
RE-2/2/4,A,8800,0.0382114
RE-2/2/4,B,8800,0.0715694
RE-2/2/4,C,8800,0.0776322
RE-2/3/2,A,8800,0.0494399
RE-2/3/2,B,8800,0.0555088
RE-2/3/2,C,8800,0.0546945
RE-2/3/3,A,8800,0.10605
RE-2/3/3,B,8800,0.084958
RE-2/3/3,C,8800,0.10139
RE-2/3/4,A,8800,0.0794324
RE-2/3/4,B,8800,0.091672
RE-2/3/4,C,8800,0.0769675
RE-1/2/3,A,8800,0.0218112
RE-1/2/3,B,8800,0.0324748
RE-1/2/3,C,8800,0.0259205
RE-1/2/4,A,8800,0.0194783
RE-1/2/4,B,8800,0.0189242
RE-1/2/4,C,8800,0.0196507
RE-1/2/5,A,8800,0.219943
RE-1/2/5,B,8800,0.0400211
RE-1/2/5,C,8800,0.0782008
RE-1/3/3,A,8800,0.0325662
RE-1/3/3,B,8800,0.0327395
RE-1/3/3,C,8800,0.0201067
RE-1/3/4,A,8800,0.109194
RE-1/3/4,B,8800,0.0517725
RE-1/3/4,C,8800,0.0475896
RE-1/3/5,A,8800,0.00998249
RE-1/3/5,B,8800,0.0100662
RE-1/3/5,C,8800,0.0107817
RE-2/2/5,A,8800,0.0317591
RE-2/2/5,B,8800,0.0492807
RE-2/2/5,C,8800,0.0492147
RE-2/2/6,A,8800,0.0614884
RE-2/2/6,B,8800,0.0542703
RE-2/2/6,C,8800,0.10817
RE-2/2/7,A,8800,0.096443
RE-2/2/7,B,8800,0.07789
RE-2/2/7,C,8800,0.0371243
RE-2/3/5,A,8800,0.0841302
RE-2/3/5,B,8800,0.046251
RE-2/3/5,C,8800,0.0475754
RE-2/3/6,A,8800,0.042763
RE-2/3/6,B,8800,0.0798736
RE-2/3/6,C,8800,0.0617856
RE-2/3/7,A,8800,1.42743
RE-2/3/7,B,8800,0.0660329
RE-2/3/7,C,8800,0.0590902
RE-1/2/6,A,8800,0.0530889
RE-1/2/6,B,8800,0.094654
RE-1/2/6,C,8800,0.0208669
RE-1/2/7,A,8800,0.0302552
RE-1/2/7,B,8800,0.0290329
RE-1/2/7,C,8800,0.0205468
RE-1/2/8,A,8800,0.0716034
RE-1/2/8,B,8800,0.0821793
RE-1/2/8,C,8800,0.069935
RE-1/3/6,A,8800,0.0255569
RE-1/3/6,B,8800,0.0226287
RE-1/3/6,C,8800,0.0113691
RE-1/3/7,A,8800,0.0450849
RE-1/3/7,B,8800,0.0601929
RE-1/3/7,C,8800,0.054814
RE-1/3/8,A,8800,0.0174381
RE-1/3/8,B,8800,0.00780912
RE-1/3/8,C,8800,0.0051635
RE-2/2/8,A,8800,0.0603818
RE-2/2/8,B,8800,0.0768655
RE-2/2/8,C,8800,0.0306852
RE-2/2/9,A,8800,0.0441733
RE-2/2/9,B,8800,0.0522885
RE-2/2/9,C,8800,0.0593937
RE-2/2/10,A,8800,0.0635224
RE-2/2/10,B,8800,0.0650107
RE-2/2/10,C,8800,0.10265
RE-2/3/8,A,8800,0.0425397
RE-2/3/8,B,8800,0.056194
RE-2/3/8,C,8800,0.0396679
RE-2/3/9,A,8800,0.0486023
RE-2/3/9,B,8800,0.0643163
RE-2/3/9,C,8800,0.0570415
RE-2/3/10,A,8800,0.0700882
RE-2/3/10,B,8800,0.0832436
RE-2/3/10,C,8800,0.0693753
RE-1/2/27,A,8800,0.0192799
RE-1/2/27,B,8800,0.0301155
RE-1/2/27,C,8800,0.047763
RE-1/2/28,A,8800,0.0127022
RE-1/2/28,B,8800,0.0105917
RE-1/2/28,C,8800,0.00904279
RE-1/2/29,A,8800,0.0142336
RE-1/2/29,B,8800,0.0114968
RE-1/2/29,C,8800,0.0104193
RE-1/3/27,A,8800,0.052549
RE-1/3/27,B,8800,0.0633761
RE-1/3/27,C,8800,0.0337147
RE-1/3/28,A,8800,0.0661112
RE-1/3/28,B,8800,0.0252202
RE-1/3/28,C,8800,0.0103051
RE-1/3/29,A,8800,0.10615
RE-1/3/29,B,8800,0.0458712
RE-1/3/29,C,8800,0.0573089
RE-2/2/29,A,8800,0.0377275
RE-2/2/29,B,8800,0.0489049
RE-2/2/29,C,8800,0.0461792
RE-2/2/30,A,8800,0.072643
RE-2/2/30,B,8800,0.0725868
RE-2/2/30,C,8800,0.0450331
RE-2/2/31,A,8800,0.0527819
RE-2/2/31,B,8800,0.0412944
RE-2/2/31,C,8800,0.0444341
RE-2/3/29,A,8800,0.0592915
RE-2/3/29,B,8800,0.081914
RE-2/3/29,C,8800,0.0297656
RE-2/3/30,A,8800,0.0462754
RE-2/3/30,B,8800,0.0638852
RE-2/3/30,C,8800,0.0721115
RE-2/3/31,A,8800,0.0392368
RE-2/3/31,B,8800,0.0724908
RE-2/3/31,C,8800,0.0632527
RE-1/2/30,A,8800,0.0224043
RE-1/2/30,B,8800,0.0906766
RE-1/2/30,C,8800,0.0364802
RE-1/2/31,A,8800,0.00517638
RE-1/2/31,B,8800,0.00859403
RE-1/2/31,C,8800,0.00310125
RE-1/2/32,A,8800,0.0347391
RE-1/2/32,B,8800,0.073935
RE-1/2/32,C,8800,0.0139906
RE-1/3/30,A,8800,0.0391198
RE-1/3/30,B,8800,0.0270017
RE-1/3/30,C,8800,0.0365057
RE-1/3/31,A,8800,0.0590783
RE-1/3/31,B,8800,0.0701117
RE-1/3/31,C,8800,0.0481795
RE-1/3/32,A,8800,0.0160266
RE-1/3/32,B,8800,0.0124532
RE-1/3/32,C,8800,0.0188701
RE-2/2/32,A,8800,0.0341579
RE-2/2/32,B,8800,0.0475791
RE-2/2/32,C,8800,0.03711
RE-2/2/33,A,8800,0.0520301
RE-2/2/33,B,8800,0.0539767
RE-2/2/33,C,8800,0.0860364
RE-2/2/34,A,8800,37.7257
RE-2/2/34,B,8800,0.0857086
RE-2/2/34,C,8800,0.0692789
RE-2/3/32,A,8800,0.0518397
RE-2/3/32,B,8800,0.0469526
RE-2/3/32,C,8800,0.04825
RE-2/3/33,A,8800,0.068544
RE-2/3/33,B,8800,0.110661
RE-2/3/33,C,8800,0.0760248
RE-2/3/34,A,8800,0.0563719
RE-2/3/34,B,8800,0.0518433
RE-2/3/34,C,8800,0.0530877
RE-1/2/33,A,8800,0.0198731
RE-1/2/33,B,8800,0.0220694
RE-1/2/33,C,8800,0.0241853
RE-1/2/34,A,8800,0.0152768
RE-1/2/34,B,8800,0.0261416
RE-1/2/34,C,8800,0.0170418
RE-1/2/35,A,8800,0.0182763
RE-1/2/35,B,8800,0.0196875
RE-1/2/35,C,8800,0.0313319
RE-1/3/33,A,8800,0.0285525
RE-1/3/33,B,8800,0.0378115
RE-1/3/33,C,8800,0.0252166
RE-1/3/35,A,8800,0.0115918
RE-1/3/35,B,8800,0.0142441
RE-1/3/35,C,8800,0.0149902
RE-2/2/35,A,8800,0.0480224
RE-2/2/35,B,8800,0.0563249
RE-2/2/35,C,8800,0.0327211
RE-2/2/36,A,8800,0.0719468
RE-2/2/36,B,8800,0.0872538
RE-2/2/36,C,8800,0.056727
RE-2/2/1,A,8800,0.0685465
RE-2/2/1,B,8800,0.0670892
RE-2/2/1,C,8800,0.0700081
RE-2/3/35,A,8800,0.0519587
RE-2/3/35,B,8800,0.0697227
RE-2/3/35,C,8800,0.0535199
RE-2/3/36,A,8800,0.0518057
RE-2/3/36,B,8800,0.0497435
RE-2/3/36,C,8800,0.0614519
RE-2/3/1,A,8800,0.0560384
RE-2/3/1,B,8800,0.0561912
RE-2/3/1,C,8800,0.0588619
RE-3/3/22,A,8800,0.0160676
RE-3/3/22,B,8800,0.013082
RE-3/3/22,C,8800,0.00895589
RE-4/2/9,A,8800,0.0265611
RE-4/2/9,B,8800,0.0154875
RE-4/2/9,C,8800,0.00921684
RE-4/2/10,A,8800,0.0138211
RE-4/2/10,B,8800,0.0175242
RE-4/2/10,C,8800,0.0141097
RE-4/2/11,A,8800,0.0280173
RE-4/2/11,B,8800,0.037155
RE-4/2/11,C,8800,0.0140221
RE-4/3/9,A,8800,0.0144247
RE-4/3/9,B,8800,0.02311
RE-4/3/9,C,8800,0.0222703
RE-4/3/10,A,8800,0.0211752
RE-4/3/10,B,8800,0.0198326
RE-4/3/10,C,8800,0.0146973
RE-4/3/11,A,8800,0.0192772
RE-4/3/11,B,8800,0.0275508
RE-4/3/11,C,8800,0.00860894
RE-4/2/12,A,8800,0.016509
RE-4/2/12,B,8800,0.0154005
RE-4/2/12,C,8800,0.00605503
RE-4/2/13,A,8800,0.0301696
RE-4/2/13,B,8800,0.0210654
RE-4/2/13,C,8800,0.0248605
RE-4/2/14,A,8800,0.0143513
RE-4/2/14,B,8800,0.0134271
RE-4/2/14,C,8800,0.0142864
RE-4/3/12,A,8800,0.015021
RE-4/3/12,B,8800,0.0224582
RE-4/3/12,C,8800,0.0115411
RE-4/3/13,A,8800,0.0134058
RE-4/3/13,B,8800,0.012667
RE-4/3/13,C,8800,0.0104239
RE-4/3/14,A,8800,0.0321045
RE-4/3/14,B,8800,0.0366967
RE-4/3/14,C,8800,0.0210172
RE-4/2/15,A,8800,0.013273
RE-4/2/15,B,8800,0.0148452
RE-4/2/15,C,8800,0.00794942
RE-4/2/16,A,8800,0.0138003
RE-4/2/16,B,8800,0.0168792
RE-4/2/16,C,8800,0.0141551
RE-4/2/17,A,8800,0.016334
RE-4/2/17,B,8800,0.0197343
RE-4/2/17,C,8800,0.0298327
RE-4/3/15,A,8800,0.00802832
RE-4/3/15,B,8800,0.0227176
RE-4/3/15,C,8800,0.0116654
RE-4/3/16,A,8800,0.0403462
RE-4/3/16,B,8800,0.0223412
RE-4/3/16,C,8800,0.0358882
RE-4/3/17,A,8800,0.0118046
RE-4/3/17,B,8800,0.0190626
RE-4/3/17,C,8800,0.0349721
RE-4/2/18,A,8800,0.0119636
RE-4/2/18,B,8800,0.00810264
RE-4/2/18,C,8800,0.0113116
RE-4/2/19,A,8800,0.0173272
RE-4/2/19,B,8800,0.0286062
RE-4/2/19,C,8800,0.0156895
RE-4/2/20,A,8800,0.0330424
RE-4/2/20,B,8800,0.0295652
RE-4/2/20,C,8800,0.488495
RE-4/3/18,A,8800,0.0154649
RE-4/3/18,B,8800,0.00813626
RE-4/3/18,C,8800,0.00682926
RE-4/3/19,A,8800,0.0165191
RE-4/3/19,B,8800,0.0589334
RE-4/3/19,C,8800,0.0361581
RE-4/3/20,A,8800,0.0305506
RE-4/3/20,B,8800,0.0221911
RE-4/3/20,C,8800,0.0166052
RE-4/2/21,A,8800,0.0324704
RE-4/2/21,B,8800,0.0209817
RE-4/2/21,C,8800,0.0303402
RE-4/2/22,A,8800,0.00868028
RE-4/2/22,B,8800,0.00479846
RE-4/2/22,C,8800,0.00273437
RE-4/2/23,A,8800,0.0214306
RE-4/2/23,B,8800,0.0156988
RE-4/2/23,C,8800,0.0219519
RE-4/3/21,A,8800,0.0189253
RE-4/3/21,B,8800,0.0437208
RE-4/3/21,C,8800,0.378022
RE-4/3/22,A,8800,0.0136375
RE-4/3/22,B,8800,0.0122567
RE-4/3/22,C,8800,0.0104346
RE-4/3/23,A,8800,0.0213627
RE-4/3/23,B,8800,0.0229193
RE-4/3/23,C,8800,0.0133466
RE-4/2/24,A,8800,0.0197541
RE-4/2/24,B,8800,0.0204992
RE-4/2/24,C,8800,0.0139481
RE-4/2/25,A,8800,0.0288525
RE-4/2/25,B,8800,0.0124827
RE-4/2/25,C,8800,0.0130626
RE-4/2/26,A,8800,0.0246076
RE-4/2/26,B,8800,0.0193825
RE-4/2/26,C,8800,0.0248088
RE-4/3/24,A,8800,0.0129387
RE-4/3/24,B,8800,0.0734443
RE-4/3/24,C,8800,0.0140959
RE-4/3/25,A,8800,0.00948556
RE-4/3/25,B,8800,0.030494
RE-4/3/25,C,8800,0.0247212
RE-4/3/26,A,8800,0.00920842
RE-4/3/26,B,8800,0.0265779
RE-4/3/26,C,8800,0.0287433
RE-3/2/9,A,8800,0.0259517
RE-3/2/9,B,8800,0.03446
RE-3/2/9,C,8800,0.0303035
RE-3/2/10,A,8800,0.0612555
RE-3/2/10,B,8800,0.0601483
RE-3/2/10,C,8800,0.0296227
RE-3/2/11,A,8800,0.0301464
RE-3/2/11,B,8800,0.0418066
RE-3/2/11,C,8800,0.0439824
RE-3/3/9,A,8800,0.022823
RE-3/3/9,B,8800,0.032325
RE-3/3/9,C,8800,0.0141737
RE-3/3/10,A,8800,0.0224789
RE-3/3/10,B,8800,0.0343784
RE-3/3/10,C,8800,0.0284335
RE-3/3/11,A,8800,0.0257627
RE-3/3/11,B,8800,0.0330513
RE-3/3/11,C,8800,0.023025
RE-3/2/12,A,8800,0.0248108
RE-3/2/12,B,8800,0.0489228
RE-3/2/12,C,8800,0.0263728
RE-3/2/13,A,8800,0.0348964
RE-3/2/13,B,8800,0.0363303
RE-3/2/13,C,8800,0.0296883
RE-3/2/14,A,8800,0.0406083
RE-3/2/14,B,8800,0.0262367
RE-3/2/14,C,8800,0.157838
RE-3/3/12,A,8800,0.0247059
RE-3/3/12,B,8800,0.0329251
RE-3/3/12,C,8800,0.0234241
RE-3/3/13,A,8800,0.0232135
RE-3/3/13,B,8800,0.0320907
RE-3/3/13,C,8800,0.0321676
RE-3/3/14,A,8800,0.0205729
RE-3/3/14,B,8800,0.0329107
RE-3/3/14,C,8800,0.026268
RE-3/2/15,A,8800,0.0304554
RE-3/2/15,B,8800,0.0280493
RE-3/2/15,C,8800,0.0180511
RE-3/2/16,A,8800,0.0266255
RE-3/2/16,B,8800,0.0477253
RE-3/2/16,C,8800,0.0620009
RE-3/2/17,A,8800,0.0107797
RE-3/2/17,B,8800,0.0247001
RE-3/2/17,C,8800,0.0145905
RE-3/3/15,A,8800,0.0513303
RE-3/3/15,B,8800,0.0955735
RE-3/3/15,C,8800,0.0506562
RE-3/3/16,A,8800,0.0290185
RE-3/3/16,B,8800,0.0456911
RE-3/3/16,C,8800,0.0434549
RE-3/3/17,A,8800,0.0358807
RE-3/3/17,B,8800,0.0331212
RE-3/3/17,C,8800,0.033285
RE-3/2/18,A,8800,0.0246807
RE-3/2/18,B,8800,0.0255742
RE-3/2/18,C,8800,0.01915
RE-3/2/19,A,8800,0.0285893
RE-3/2/19,B,8800,0.0286295
RE-3/2/19,C,8800,0.0349777
RE-3/2/20,A,8800,0.0396635
RE-3/2/20,B,8800,0.0466331
RE-3/2/20,C,8800,0.0442645
RE-3/3/18,A,8800,0.023044
RE-3/3/18,B,8800,0.0325138
RE-3/3/18,C,8800,0.019273
RE-3/3/19,A,8800,0.0452047
RE-3/3/19,B,8800,0.0328636
RE-3/3/19,C,8800,0.0322075
RE-3/3/20,A,8800,0.0227882
RE-3/3/20,B,8800,0.0292486
RE-3/3/20,C,8800,0.0169951
RE-3/2/21,A,8800,0.036075
RE-3/2/21,B,8800,0.0357176
RE-3/2/21,C,8800,0.0387561
RE-3/2/22,A,8800,0.0173162
RE-3/2/22,B,8800,0.0404134
RE-3/2/22,C,8800,0.0325469
RE-3/2/23,A,8800,0.0237954
RE-3/2/23,B,8800,0.0395266
RE-3/2/23,C,8800,0.0276402
RE-3/3/21,A,8800,0.0252836
RE-3/3/21,B,8800,0.0304764
RE-3/3/21,C,8800,0.0166395
RE-3/3/23,A,8800,0.0144923
RE-3/3/23,B,8800,0.0162294
RE-3/3/23,C,8800,0.01977
RE-3/2/24,A,8800,0.0157571
RE-3/2/24,B,8800,0.0188441
RE-3/2/24,C,8800,0.0153909
RE-3/2/25,A,8800,0.0210702
RE-3/2/25,B,8800,0.0179332
RE-3/2/25,C,8800,0.0145521
RE-3/2/26,A,8800,0.0211335
RE-3/2/26,B,8800,0.0283203
RE-3/2/26,C,8800,0.0335827
RE-3/3/24,A,8800,0.016273
RE-3/3/24,B,8800,0.0221106
RE-3/3/24,C,8800,0.0209522
RE-3/3/25,A,8800,0.0167544
RE-3/3/25,B,8800,0.0192526
RE-3/3/25,C,8800,0.0151992
RE-3/3/26,A,8800,0.0465449
RE-3/3/26,B,8800,0.0628274
RE-3/3/26,C,8800,0.0379503
RE-3/3/28,A,8800,0.0171959
RE-3/3/28,B,8800,0.0129813
RE-3/3/28,C,8800,0.0157051
RE-4/2/33,A,8800,0.0137489
RE-4/2/33,B,8800,0.00976636
RE-4/2/33,C,8800,0.00716905
RE-4/2/34,A,8800,0.0267425
RE-4/2/34,B,8800,0.0247581
RE-4/2/34,C,8800,0.0223786
RE-4/2/35,A,8800,0.0972152
RE-4/2/35,B,8800,0.0301791
RE-4/2/35,C,8800,0.0917649
RE-4/3/33,A,8800,0.0106401
RE-4/3/33,B,8800,0.0133195
RE-4/3/33,C,8800,0.0173743
RE-4/3/34,A,8800,0.0102587
RE-4/3/34,B,8800,0.0178263
RE-4/3/34,C,8800,0.0185368
RE-4/3/35,A,8800,0.0221312
RE-4/3/35,B,8800,0.0966256
RE-4/3/35,C,8800,1.65523
RE-4/2/36,A,8800,0.0574516
RE-4/2/36,B,8800,0.0438523
RE-4/2/36,C,8800,0.165931
RE-4/2/1,A,8800,0.0276197
RE-4/2/1,B,8800,0.0214289
RE-4/2/1,C,8800,0.0133604
RE-4/2/2,A,8800,0.0258477
RE-4/2/2,B,8800,0.0366729
RE-4/2/2,C,8800,0.0319981
RE-4/3/36,A,8800,0.01977
RE-4/3/36,B,8800,0.0450542
RE-4/3/36,C,8800,0.108152
RE-4/3/1,A,8800,0.0112236
RE-4/3/1,B,8800,0.0192317
RE-4/3/1,C,8800,0.0201309
RE-4/3/2,A,8800,0.2201
RE-4/3/2,B,8800,0.0155009
RE-4/3/2,C,8800,0.0135451
RE-4/2/3,A,8800,0.0298497
RE-4/2/3,B,8800,0.0233742
RE-4/2/3,C,8800,0.0213196
RE-4/2/4,A,8800,0.0525607
RE-4/2/4,B,8800,0.0665715
RE-4/2/4,C,8800,0.549541
RE-4/2/5,A,8800,0.0120563
RE-4/2/5,B,8800,0.0165538
RE-4/2/5,C,8800,0.0154269
RE-4/3/3,A,8800,0.00913031
RE-4/3/3,B,8800,0.0249875
RE-4/3/3,C,8800,0.0539125
RE-4/3/4,A,8800,0.0207199
RE-4/3/4,B,8800,0.0138404
RE-4/3/4,C,8800,0.0301357
RE-4/3/5,A,8800,0.00584207
RE-4/3/5,B,8800,0.0125938
RE-4/3/5,C,8800,0.00963633
RE-4/2/6,A,8800,0.0174663
RE-4/2/6,B,8800,0.0438895
RE-4/2/6,C,8800,0.00949423
RE-4/2/7,A,8800,0.0558742
RE-4/2/7,B,8800,0.0233866
RE-4/2/7,C,8800,0.0099205
RE-4/2/8,A,8800,0.192024
RE-4/2/8,B,8800,0.11695
RE-4/2/8,C,8800,0.0909749
RE-4/3/6,A,8800,0.0141822
RE-4/3/6,B,8800,0.014308
RE-4/3/6,C,8800,0.01467
RE-4/3/7,A,8800,0.0205805
RE-4/3/7,B,8800,0.0319281
RE-4/3/7,C,8800,0.0294401
RE-4/3/8,A,8800,0.0481908
RE-4/3/8,B,8800,0.207435
RE-4/3/8,C,8800,0.17493
RE-4/2/27,A,8800,0.0127085
RE-4/2/27,B,8800,0.00919811
RE-4/2/27,C,8800,0.00601384
RE-4/2/28,A,8800,0.0411795
RE-4/2/28,B,8800,0.0160787
RE-4/2/28,C,8800,0.0279351
RE-4/2/29,A,8800,0.0144085
RE-4/2/29,B,8800,0.0204087
RE-4/2/29,C,8800,0.0150528
RE-4/3/27,A,8800,0.0129111
RE-4/3/27,B,8800,0.0338238
RE-4/3/27,C,8800,0.0306578
RE-4/3/28,A,8800,0.0103328
RE-4/3/28,B,8800,0.0229087
RE-4/3/28,C,8800,0.020469
RE-4/3/29,A,8800,0.00792025
RE-4/3/29,B,8800,0.0357444
RE-4/3/29,C,8800,0.0220226
RE-4/2/30,A,8800,0.0186233
RE-4/2/30,B,8800,0.0308962
RE-4/2/30,C,8800,0.0249158
RE-4/2/31,A,8800,0.0236887
RE-4/2/31,B,8800,0.0103848
RE-4/2/31,C,8800,0.00899941
RE-4/2/32,A,8800,0.0640624
RE-4/2/32,B,8800,0.0330038
RE-4/2/32,C,8800,0.0259688
RE-4/3/30,A,8800,0.700035
RE-4/3/30,B,8800,0.00951058
RE-4/3/30,C,8800,0.00924973
RE-4/3/31,A,8800,0.0100278
RE-4/3/31,B,8800,0.0291872
RE-4/3/31,C,8800,0.0238304
RE-4/3/32,A,8800,0.00815462
RE-4/3/32,B,8800,0.0195212
RE-4/3/32,C,8800,0.0178218
RE-3/2/33,A,8800,0.024861
RE-3/2/33,B,8800,0.068418
RE-3/2/33,C,8800,0.0408261
RE-3/2/34,A,8800,0.0146931
RE-3/2/34,B,8800,0.0250557
RE-3/2/34,C,8800,0.0202319
RE-3/2/35,A,8800,0
RE-3/2/35,B,8800,0
RE-3/2/35,C,8800,0
RE-3/3/33,A,8800,0.0191176
RE-3/3/33,B,8800,0.034958
RE-3/3/33,C,8800,0.0188976
RE-3/3/34,A,8800,0.0315205
RE-3/3/34,B,8800,0.0270637
RE-3/3/34,C,8800,0.017484
RE-3/3/35,A,8800,0
RE-3/3/35,B,8800,0
RE-3/3/35,C,8800,0
RE-3/2/36,A,8800,0.0516017
RE-3/2/36,B,8800,0.055179
RE-3/2/36,C,8800,0.0756748
RE-3/2/1,A,8800,0.0295363
RE-3/2/1,B,8800,0.0597512
RE-3/2/1,C,8800,0.0321504
RE-3/2/2,A,8800,0.0225562
RE-3/2/2,B,8800,0.0212537
RE-3/2/2,C,8800,0.0188014
RE-3/3/36,A,8800,0.0181101
RE-3/3/36,B,8800,0.0287438
RE-3/3/36,C,8800,0.0146456
RE-3/3/1,A,8800,0.013694
RE-3/3/1,B,8800,0.0139289
RE-3/3/1,C,8800,0.0166559
RE-3/3/2,A,8800,0.0177318
RE-3/3/2,B,8800,0.0222835
RE-3/3/2,C,8800,0.0152226
RE-3/2/3,A,8800,0.0309131
RE-3/2/3,B,8800,0.033717
RE-3/2/3,C,8800,0.0311992
RE-3/2/4,A,8800,0.0183815
RE-3/2/4,B,8800,0.0240841
RE-3/2/4,C,8800,0.0126227
RE-3/2/5,A,8800,0.0247151
RE-3/2/5,B,8800,0.0270039
RE-3/2/5,C,8800,0.0334111
RE-3/3/3,A,8800,0.0262204
RE-3/3/3,B,8800,0.0296232
RE-3/3/3,C,8800,0.0236609
RE-3/3/4,A,8800,0.0190866
RE-3/3/4,B,8800,0.0292931
RE-3/3/4,C,8800,0.0239258
RE-3/3/5,A,8800,0.0193117
RE-3/3/5,B,8800,0.0214522
RE-3/3/5,C,8800,0.0351275
RE-3/2/6,A,8800,0.0312923
RE-3/2/6,B,8800,0.0295448
RE-3/2/6,C,8800,0.0304926
RE-3/2/7,A,8800,0.0383494
RE-3/2/7,B,8800,0.0405998
RE-3/2/7,C,8800,0.0435245
RE-3/2/8,A,8800,0.0464539
RE-3/2/8,B,8800,0.0472378
RE-3/2/8,C,8800,0.0315988
RE-3/3/6,A,8800,0.101409
RE-3/3/6,B,8800,0.0346582
RE-3/3/6,C,8800,0.0354903
RE-3/3/7,A,8800,0.0169951
RE-3/3/7,B,8800,0.0329929
RE-3/3/7,C,8800,0.0222701
RE-3/3/8,A,8800,0.028807
RE-3/3/8,B,8800,0.0403071
RE-3/3/8,C,8800,0.024545
RE-3/2/27,A,8800,0.0406422
RE-3/2/27,B,8800,0.0434982
RE-3/2/27,C,8800,0.0250824
RE-3/2/28,A,8800,0.0184746
RE-3/2/28,B,8800,0.0176115
RE-3/2/28,C,8800,0.0161743
RE-3/2/29,A,8800,0.0281707
RE-3/2/29,B,8800,0.0332696
RE-3/2/29,C,8800,0.0283201
RE-3/3/27,A,8800,0.0199079
RE-3/3/27,B,8800,0.044116
RE-3/3/27,C,8800,0.0406568
RE-3/3/29,A,8800,0.0174449
RE-3/3/29,B,8800,0.0356776
RE-3/3/29,C,8800,0.0283277
RE-3/2/30,A,8800,0.0178379
RE-3/2/30,B,8800,0.0237559
RE-3/2/30,C,8800,0.0226158
RE-3/2/31,A,8800,0.0149456
RE-3/2/31,B,8800,0.0280545
RE-3/2/31,C,8800,0.020899
RE-3/2/32,A,8800,0.0104973
RE-3/2/32,B,8800,0.0142343
RE-3/2/32,C,8800,0.0101559
RE-3/3/30,A,8800,0.0222233
RE-3/3/30,B,8800,0.0329112
RE-3/3/30,C,8800,0.0175752
RE-3/3/31,A,8800,0.048428
RE-3/3/31,B,8800,0.0606409
RE-3/3/31,C,8800,0.0888446
RE-3/3/32,A,8800,0.0213989
RE-3/3/32,B,8800,0.0211613
RE-3/3/32,C,8800,0.0162095
RE+1/3/25,A,8800,6.27198e-05
RE+1/3/25,B,8800,1.36906e-05
RE+1/3/25,C,8800,0.000103039
RE+1/2/9,A,8800,0.0118323
RE+1/2/9,B,8800,0.0218651
RE+1/2/9,C,8800,0.0109577
RE+1/2/10,A,8800,0.606627
RE+1/2/10,B,8800,0.296038
RE+1/2/10,C,8800,0.0551127
RE+1/2/11,A,8800,0.1659
RE+1/2/11,B,8800,0.152367
RE+1/2/11,C,8800,0.246375
RE+1/3/9,A,8800,0.0739351
RE+1/3/9,B,8800,0.0451731
RE+1/3/9,C,8800,0.0507661
RE+1/3/10,A,8800,0.0131601
RE+1/3/10,B,8800,0.015652
RE+1/3/10,C,8800,0.0124474
RE+1/3/11,A,8800,0.0836848
RE+1/3/11,B,8800,0.0507864
RE+1/3/11,C,8800,0.0237523
RE+2/2/11,A,8800,0.105174
RE+2/2/11,B,8800,0.0543998
RE+2/2/11,C,8800,0.10175
RE+2/2/12,A,8800,0.040253
RE+2/2/12,B,8800,0.0240918
RE+2/2/12,C,8800,0.022417
RE+2/2/13,A,8800,0.0337569
RE+2/2/13,B,8800,0.0361341
RE+2/2/13,C,8800,0.0654877
RE+2/3/11,A,8800,0.0199862
RE+2/3/11,B,8800,0.0368367
RE+2/3/11,C,8800,0.0528315
RE+2/3/12,A,8800,0.0349769
RE+2/3/12,B,8800,0.0189945
RE+2/3/12,C,8800,0.0323018
RE+2/3/13,A,8800,0.307282
RE+2/3/13,B,8800,0.0580678
RE+2/3/13,C,8800,0.0361472
RE+1/2/12,A,8800,0.0927485
RE+1/2/12,B,8800,0.116713
RE+1/2/12,C,8800,0.15647
RE+1/2/13,A,8800,0.0260916
RE+1/2/13,B,8800,0.0343297
RE+1/2/13,C,8800,0.0202005
RE+1/2/14,A,8800,0.127512
RE+1/2/14,B,8800,0.237055
RE+1/2/14,C,8800,0.204706
RE+1/3/12,A,8800,0.0288686
RE+1/3/12,B,8800,0.0363448
RE+1/3/12,C,8800,0.0286093
RE+1/3/13,A,8800,0.102844
RE+1/3/13,B,8800,0.0824543
RE+1/3/13,C,8800,0.0596772
RE+1/3/14,A,8800,0.0252199
RE+1/3/14,B,8800,0.0259436
RE+1/3/14,C,8800,0.0181201
RE+2/2/14,A,8800,0.041667
RE+2/2/14,B,8800,0.089418
RE+2/2/14,C,8800,0.0829046
RE+2/2/15,A,8800,0.0321104
RE+2/2/15,B,8800,0.0288543
RE+2/2/15,C,8800,0.0434261
RE+2/2/16,A,8800,0.0415326
RE+2/2/16,B,8800,0.0374675
RE+2/2/16,C,8800,0.0652881
RE+2/3/14,A,8800,0.736488
RE+2/3/14,B,8800,0.116107
RE+2/3/14,C,8800,0.0426657
RE+2/3/15,A,8800,0.0555041
RE+2/3/15,B,8800,0.0316511
RE+2/3/15,C,8800,0.0425803
RE+2/3/16,A,8800,0.0968014
RE+2/3/16,B,8800,0.0279609
RE+2/3/16,C,8800,0.0364289
RE+1/2/15,A,8800,0.0810579
RE+1/2/15,B,8800,0.146901
RE+1/2/15,C,8800,0.131248
RE+1/2/16,A,8800,0.397857
RE+1/2/16,B,8800,0.382465
RE+1/2/16,C,8800,0.187019
RE+1/2/17,A,8800,0.360571
RE+1/2/17,B,8800,0.258861
RE+1/2/17,C,8800,0.258053
RE+1/3/15,A,8800,0.0505009
RE+1/3/15,B,8800,0.0510776
RE+1/3/15,C,8800,0.0399358
RE+1/3/16,A,8800,0.0382117
RE+1/3/16,B,8800,0.0367606
RE+1/3/16,C,8800,0.0327777
RE+1/3/17,A,8800,0.0713004
RE+1/3/17,B,8800,0.0837815
RE+1/3/17,C,8800,0.0502227
RE+2/2/17,A,8800,0.058553
RE+2/2/17,B,8800,0.102632
RE+2/2/17,C,8800,0.0387566
RE+2/2/18,A,8800,0.0353714
RE+2/2/18,B,8800,0.0529895
RE+2/2/18,C,8800,0.0401191
RE+2/2/19,A,8800,0.0479214
RE+2/2/19,B,8800,0.0402003
RE+2/2/19,C,8800,0.0432074
RE+2/3/17,A,8800,0.554778
RE+2/3/17,B,8800,0.171506
RE+2/3/17,C,8800,0.323961
RE+2/3/18,A,8800,0.10024
RE+2/3/18,B,8800,0.0777593
RE+2/3/18,C,8800,0.0450418
RE+2/3/19,A,8800,0.0329255
RE+2/3/19,B,8800,0.0419179
RE+2/3/19,C,8800,0.0516741
RE+1/2/18,A,8800,0.0857856
RE+1/2/18,B,8800,0.0222732
RE+1/2/18,C,8800,0.0128386
RE+1/2/19,A,8800,0.0648983
RE+1/2/19,B,8800,0.124519
RE+1/2/19,C,8800,0.0643076
RE+1/2/20,A,8800,0.0315424
RE+1/2/20,B,8800,0.0528388
RE+1/2/20,C,8800,0.020936
RE+1/3/18,A,8800,0.145228
RE+1/3/18,B,8800,0.0441991
RE+1/3/18,C,8800,0.0343821
RE+1/3/19,A,8800,0.0690224
RE+1/3/19,B,8800,0.0648902
RE+1/3/19,C,8800,0.0523236
RE+1/3/20,A,8800,0.129583
RE+1/3/20,B,8800,0.0830324
RE+1/3/20,C,8800,0.0574848
RE+2/2/20,A,8800,0.034883
RE+2/2/20,B,8800,0.0606611
RE+2/2/20,C,8800,0.0565967
RE+2/2/21,A,8800,0.0298503
RE+2/2/21,B,8800,0.0385802
RE+2/2/21,C,8800,0.0380626
RE+2/2/22,A,8800,0.0344595
RE+2/2/22,B,8800,0.0453725
RE+2/2/22,C,8800,0.0628788
RE+2/3/20,A,8800,0.0842529
RE+2/3/20,B,8800,0.0997392
RE+2/3/20,C,8800,0.0700245
RE+2/3/21,A,8800,0.697508
RE+2/3/21,B,8800,0.457223
RE+2/3/21,C,8800,0.0556391
RE+2/3/22,A,8800,0.0806777
RE+2/3/22,B,8800,0.014101
RE+2/3/22,C,8800,0.0257956
RE+1/2/21,A,8800,0.108795
RE+1/2/21,B,8800,0.131764
RE+1/2/21,C,8800,0.114655
RE+1/2/22,A,8800,0.161206
RE+1/2/22,B,8800,0.241067
RE+1/2/22,C,8800,0.0586764
RE+1/2/23,A,8800,0.35114
RE+1/2/23,B,8800,0.287456
RE+1/2/23,C,8800,0.215191
RE+1/3/21,A,8800,0.216824
RE+1/3/21,B,8800,0.139927
RE+1/3/21,C,8800,0.0473114
RE+1/3/22,A,8800,0.0120173
RE+1/3/22,B,8800,0.0281822
RE+1/3/22,C,8800,0.00754991
RE+1/3/23,A,8800,0.0639954
RE+1/3/23,B,8800,0.0551849
RE+1/3/23,C,8800,0.0547575
RE+2/2/23,A,8800,0.0109472
RE+2/2/23,B,8800,0.0108017
RE+2/2/23,C,8800,0.00692778
RE+2/2/24,A,8800,0.0398919
RE+2/2/24,B,8800,0.0658309
RE+2/2/24,C,8800,0.0465569
RE+2/2/25,A,8800,0.0393675
RE+2/2/25,B,8800,0.0382537
RE+2/2/25,C,8800,0.0369067
RE+2/3/23,A,8800,0.0286041
RE+2/3/23,B,8800,0.0336975
RE+2/3/23,C,8800,0.0381847
RE+2/3/24,A,8800,0.345789
RE+2/3/24,B,8800,0.0252344
RE+2/3/24,C,8800,0.0991061
RE+2/3/25,A,8800,0.166943
RE+2/3/25,B,8800,0.0271377
RE+2/3/25,C,8800,0.0219619
RE+1/2/24,A,8800,0.0159762
RE+1/2/24,B,8800,0.0177885
RE+1/2/24,C,8800,0.0164234
RE+1/2/25,A,8800,0.164919
RE+1/2/25,B,8800,0.153948
RE+1/2/25,C,8800,0.0848277
RE+1/2/26,A,8800,0.0109922
RE+1/2/26,B,8800,0.0125537
RE+1/2/26,C,8800,0.0204913
RE+1/3/24,A,8800,0.0941744
RE+1/3/24,B,8800,0.0286979
RE+1/3/24,C,8800,0.0208247
RE+1/3/26,A,8800,0.170152
RE+1/3/26,B,8800,0.0592047
RE+1/3/26,C,8800,0.123929
RE+2/2/26,A,8800,0.0297088
RE+2/2/26,B,8800,0.0531311
RE+2/2/26,C,8800,0.0469681
RE+2/2/27,A,8800,0.0166618
RE+2/2/27,B,8800,0.00876261
RE+2/2/27,C,8800,0.00692318
RE+2/2/28,A,8800,0.0712247
RE+2/2/28,B,8800,0.0309955
RE+2/2/28,C,8800,0.0271175
RE+2/3/26,A,8800,0.147751
RE+2/3/26,B,8800,0.24258
RE+2/3/26,C,8800,0.0694422
RE+2/3/27,A,8800,0.488691
RE+2/3/27,B,8800,0.48436
RE+2/3/27,C,8800,0.023732
RE+2/3/28,A,8800,0.0851774
RE+2/3/28,B,8800,0.0309965
RE+2/3/28,C,8800,0.0234211
RE+1/2/33,A,8800,0.0167904
RE+1/2/33,B,8800,0.066657
RE+1/2/33,C,8800,0.0243121
RE+1/2/36,A,8800,0.0856316
RE+1/2/36,B,8800,0.0853156
RE+1/2/36,C,8800,0.0389922
RE+1/2/1,A,8800,0.0361879
RE+1/2/1,B,8800,0.0206149
RE+1/2/1,C,8800,0.0139115
RE+1/2/2,A,8800,0.0156161
RE+1/2/2,B,8800,0.0694997
RE+1/2/2,C,8800,0.0368959
RE+1/3/36,A,8800,0.0612871
RE+1/3/36,B,8800,0.0648843
RE+1/3/36,C,8800,0.0297716
RE+1/3/1,A,8800,0.192517
RE+1/3/1,B,8800,0.0589395
RE+1/3/1,C,8800,0.0508971
RE+1/3/2,A,8800,0.0836825
RE+1/3/2,B,8800,0.0501696
RE+1/3/2,C,8800,0.0567437
RE+2/2/2,A,8800,0.0311311
RE+2/2/2,B,8800,0.0494578
RE+2/2/2,C,8800,0.0525688
RE+2/2/3,A,8800,0.0391871
RE+2/2/3,B,8800,0.196367
RE+2/2/3,C,8800,4.14797
RE+2/2/4,A,8800,0.0424424
RE+2/2/4,B,8800,0.0332697
RE+2/2/4,C,8800,0.0712963
RE+2/3/2,A,8800,0.0413005
RE+2/3/2,B,8800,0.0278522
RE+2/3/2,C,8800,0.0446612
RE+2/3/3,A,8800,0.0552842
RE+2/3/3,B,8800,0.0444397
RE+2/3/3,C,8800,0.0359505
RE+2/3/4,A,8800,0.0334338
RE+2/3/4,B,8800,0.024118
RE+2/3/4,C,8800,0.0309349
RE+1/2/3,A,8800,0.0330499
RE+1/2/3,B,8800,0.066959
RE+1/2/3,C,8800,0.0313846
RE+1/2/4,A,8800,0.259137
RE+1/2/4,B,8800,0.396638
RE+1/2/4,C,8800,0.113169
RE+1/2/5,A,8800,0.0812182
RE+1/2/5,B,8800,0.0469864
RE+1/2/5,C,8800,0.0213844
RE+1/3/3,A,8800,0.0547243
RE+1/3/3,B,8800,0.0341302
RE+1/3/3,C,8800,0.0369655
RE+1/3/4,A,8800,0.0682573
RE+1/3/4,B,8800,0.0387804
RE+1/3/4,C,8800,0.0356765
RE+1/3/5,A,8800,0.196088
RE+1/3/5,B,8800,0.10222
RE+1/3/5,C,8800,0.0738684
RE+2/2/5,A,8800,0.0594394
RE+2/2/5,B,8800,0.037137
RE+2/2/5,C,8800,0.0419466
RE+2/2/6,A,8800,0.0464514
RE+2/2/6,B,8800,0.080381
RE+2/2/6,C,8800,0.0317746
RE+2/2/7,A,8800,0.0637548
RE+2/2/7,B,8800,0.0589657
RE+2/2/7,C,8800,0.0438718
RE+2/3/5,A,8800,0.284387
RE+2/3/5,B,8800,0.107888
RE+2/3/5,C,8800,0.0450595
RE+2/3/6,A,8800,0.0327859
RE+2/3/6,B,8800,0.0206816
RE+2/3/6,C,8800,0.0241829
RE+2/3/7,A,8800,0.0549724
RE+2/3/7,B,8800,0.046878
RE+2/3/7,C,8800,0.0571972
RE+1/1/3,E,8800,0
RE+1/1/3,F,8800,0
RE+1/1/3,A,8800,0.00875475
RE+1/1/3,B,8800,0.0258681
RE+1/1/3,C,8800,0.0134871
RE+1/1/3,D,8800,0.189879
RE+1/1/4,E,8800,0
RE+1/1/4,F,8800,0
RE+1/1/4,A,8800,0.0207147
RE+1/1/4,B,8800,0.00478236
RE+1/1/4,C,8800,0.0151619
RE+1/1/4,D,8800,0.00584967
RE+1/2/6,A,8800,0.177223
RE+1/2/6,B,8800,0.247211
RE+1/2/6,C,8800,0.197705
RE+1/2/7,A,8800,0.0751892
RE+1/2/7,B,8800,0.165432
RE+1/2/7,C,8800,0.0101198
RE+1/2/8,A,8800,0.0206817
RE+1/2/8,B,8800,0.0097085
RE+1/2/8,C,8800,0.0221157
RE+1/3/6,A,8800,0.0614294
RE+1/3/6,B,8800,0.0421725
RE+1/3/6,C,8800,0.0381763
RE+1/3/7,A,8800,0.122514
RE+1/3/7,B,8800,0.0718117
RE+1/3/7,C,8800,0.0640043
RE+1/3/8,A,8800,0.130925
RE+1/3/8,B,8800,0.0812074
RE+1/3/8,C,8800,0.0484726
RE+1/1/1,E,8800,0
RE+1/1/1,F,8800,0
RE+1/1/1,A,8800,0.0186018
RE+1/1/1,B,8800,0.00667583
RE+1/1/1,C,8800,0.00753323
RE+1/1/1,D,8800,0.00532102
RE+1/1/2,E,8800,0
RE+1/1/2,F,8800,0
RE+1/1/2,A,8800,0.0461628
RE+1/1/2,B,8800,0.00435493
RE+1/1/2,C,8800,0.00869186
RE+1/1/2,D,8800,0.00489604
RE+2/2/8,A,8800,0.0558251
RE+2/2/8,B,8800,0.0511051
RE+2/2/8,C,8800,0.0470393
RE+2/2/9,A,8800,0.0552214
RE+2/2/9,B,8800,0.0733265
RE+2/2/9,C,8800,0.10412
RE+2/2/10,A,8800,0.0587925
RE+2/2/10,B,8800,0.061879
RE+2/2/10,C,8800,0.0588306
RE+2/3/8,A,8800,0.0879372
RE+2/3/8,B,8800,0.0977425
RE+2/3/8,C,8800,0.085727
RE+2/3/9,A,8800,0.0375629
RE+2/3/9,B,8800,0.072466
RE+2/3/9,C,8800,0.141388
RE+2/3/10,A,8800,0.0909689
RE+2/3/10,B,8800,0.0547662
RE+2/3/10,C,8800,0.058318
RE+1/2/27,A,8800,0.194373
RE+1/2/27,B,8800,0.34085
RE+1/2/27,C,8800,0.519332
RE+1/2/28,A,8800,0.0627181
RE+1/2/28,B,8800,0.0762822
RE+1/2/28,C,8800,0.0360087
RE+1/2/29,A,8800,0.110181
RE+1/2/29,B,8800,0
RE+1/2/29,C,8800,0.0772202
RE+1/3/27,A,8800,0.0647134
RE+1/3/27,B,8800,0.0426376
RE+1/3/27,C,8800,0.0636327
RE+1/3/28,A,8800,0.0479072
RE+1/3/28,B,8800,0.0312749
RE+1/3/28,C,8800,0.0164692
RE+1/3/29,A,8800,0.054127
RE+1/3/29,B,8800,0.0263904
RE+1/3/29,C,8800,0.0308801
RE+2/2/29,A,8800,0.048598
RE+2/2/29,B,8800,0.0382574
RE+2/2/29,C,8800,0.0419275
RE+2/2/30,A,8800,0.0581235
RE+2/2/30,B,8800,0.026846
RE+2/2/30,C,8800,0.0386248
RE+2/2/31,A,8800,0.0305235
RE+2/2/31,B,8800,0.0340093
RE+2/2/31,C,8800,0.0886076
RE+2/3/29,A,8800,0.227289
RE+2/3/29,B,8800,0.221794
RE+2/3/29,C,8800,0.0597559
RE+2/3/30,A,8800,0.586896
RE+2/3/30,B,8800,0.121325
RE+2/3/30,C,8800,0.0321883
RE+2/3/31,A,8800,0.132949
RE+2/3/31,B,8800,0.0238462
RE+2/3/31,C,8800,0.0191381
RE+1/2/30,A,8800,0.0126414
RE+1/2/30,B,8800,0.0165991
RE+1/2/30,C,8800,0.00588132
RE+1/2/31,A,8800,0.106053
RE+1/2/31,B,8800,0.108133
RE+1/2/31,C,8800,0.0718785
RE+1/2/32,A,8800,0.0073233
RE+1/2/32,B,8800,0.00665752
RE+1/2/32,C,8800,0.0129195
RE+1/3/30,A,8800,0.0129332
RE+1/3/30,B,8800,0.0177761
RE+1/3/30,C,8800,0.0110946
RE+1/3/31,A,8800,0.0292595
RE+1/3/31,B,8800,0.0513804
RE+1/3/31,C,8800,0.606495
RE+1/3/32,A,8800,0.239242
RE+1/3/32,B,8800,0.117544
RE+1/3/32,C,8800,0.0531315
RE+2/2/32,A,8800,0.0498565
RE+2/2/32,B,8800,0.0436582
RE+2/2/32,C,8800,0.141337
RE+2/2/33,A,8800,0.061472
RE+2/2/33,B,8800,0.0208184
RE+2/2/33,C,8800,0.0535139
RE+2/2/34,A,8800,0.043227
RE+2/2/34,B,8800,0.0480778
RE+2/2/34,C,8800,0.0397477
RE+2/3/32,A,8800,0.186784
RE+2/3/32,B,8800,0.068421
RE+2/3/32,C,8800,0.0373077
RE+2/3/33,A,8800,0.0273384
RE+2/3/33,B,8800,0.0332336
RE+2/3/33,C,8800,0.119904
RE+2/3/34,A,8800,0.0372652
RE+2/3/34,B,8800,0.0223694
RE+2/3/34,C,8800,0.0307855
RE+1/2/34,A,8800,0.166252
RE+1/2/34,B,8800,0.341367
RE+1/2/34,C,8800,0.117511
RE+1/2/35,A,8800,0
RE+1/2/35,B,8800,0.00240018
RE+1/2/35,C,8800,0
RE+1/3/33,A,8800,0.0980656
RE+1/3/33,B,8800,0.0282099
RE+1/3/33,C,8800,0.0151118
RE+1/3/34,A,8800,0.0394526
RE+1/3/34,B,8800,0.0424463
RE+1/3/34,C,8800,0.0316046
RE+1/3/35,A,8800,0.0410838
RE+1/3/35,B,8800,0.0254923
RE+1/3/35,C,8800,0.0339952
RE+2/2/35,A,8800,0.0549402
RE+2/2/35,B,8800,0.0590438
RE+2/2/35,C,8800,0.0654358
RE+2/2/36,A,8800,0.0109196
RE+2/2/36,B,8800,0.00476581
RE+2/2/36,C,8800,0.00458927
RE+2/2/1,A,8800,0.558398
RE+2/2/1,B,8800,0.141327
RE+2/2/1,C,8800,0.0280444
RE+2/3/35,A,8800,0.0774198
RE+2/3/35,B,8800,0.0318299
RE+2/3/35,C,8800,0.0217759
RE+2/3/36,A,8800,0.0401378
RE+2/3/36,B,8800,0.0477951
RE+2/3/36,C,8800,0.0463387
RE+2/3/1,A,8800,0.0286056
RE+2/3/1,B,8800,0.0173065
RE+2/3/1,C,8800,0.0194169
RE+3/3/22,A,8800,0.129553
RE+3/3/22,B,8800,0.108845
RE+3/3/22,C,8800,0.0677399
RE+4/2/9,A,8800,0.0401657
RE+4/2/9,B,8800,0.0178546
RE+4/2/9,C,8800,0.00860187
RE+4/2/10,A,8800,0.0273307
RE+4/2/10,B,8800,0.0222109
RE+4/2/10,C,8800,0.0169542
RE+4/2/11,A,8800,0.0298426
RE+4/2/11,B,8800,0.0407619
RE+4/2/11,C,8800,0.0260341
RE+4/3/9,A,8800,0.0156807
RE+4/3/9,B,8800,0.0136129
RE+4/3/9,C,8800,0.0143232
RE+4/3/10,A,8800,0.0109262
RE+4/3/10,B,8800,0.019928
RE+4/3/10,C,8800,0.0538664
RE+4/3/11,A,8800,0.12155
RE+4/3/11,B,8800,0.194498
RE+4/3/11,C,8800,0.359806
RE+4/2/12,A,8800,0.0100827
RE+4/2/12,B,8800,0.00999464
RE+4/2/12,C,8800,0.0118767
RE+4/2/13,A,8800,0.0362319
RE+4/2/13,B,8800,0.0239375
RE+4/2/13,C,8800,0.028456
RE+4/2/14,A,8800,0.0406902
RE+4/2/14,B,8800,0.0270534
RE+4/2/14,C,8800,0.014519
RE+4/3/12,A,8800,0.0298795
RE+4/3/12,B,8800,0.0134441
RE+4/3/12,C,8800,0.0130076
RE+4/3/13,A,8800,0.0116765
RE+4/3/13,B,8800,0.0117939
RE+4/3/13,C,8800,0.107552
RE+4/3/14,A,8800,0.00833912
RE+4/3/14,B,8800,0.00580023
RE+4/3/14,C,8800,0.00768526
RE+4/2/15,A,8800,0.0270668
RE+4/2/15,B,8800,0.0435161
RE+4/2/15,C,8800,0.0312022
RE+4/2/16,A,8800,0.0268541
RE+4/2/16,B,8800,0.0106928
RE+4/2/16,C,8800,0.00849735
RE+4/2/17,A,8800,0.171841
RE+4/2/17,B,8800,1.49233
RE+4/2/17,C,8800,1.90036
RE+4/3/15,A,8800,0.0254794
RE+4/3/15,B,8800,0.00681216
RE+4/3/15,C,8800,0.0130389
RE+4/3/16,A,8800,0.0108848
RE+4/3/16,B,8800,0.0109989
RE+4/3/16,C,8800,0.0193257
RE+4/3/17,A,8800,0.0299542
RE+4/3/17,B,8800,0.0179177
RE+4/3/17,C,8800,0.0412717
RE+4/2/18,A,8800,0.0197511
RE+4/2/18,B,8800,0.0102651
RE+4/2/18,C,8800,0.00790357
RE+4/2/19,A,8800,0.0615802
RE+4/2/19,B,8800,0.0261324
RE+4/2/19,C,8800,0.0156798
RE+4/2/20,A,8800,0.018664
RE+4/2/20,B,8800,0.0308697
RE+4/2/20,C,8800,0.0126437
RE+4/3/18,A,8800,0.0103706
RE+4/3/18,B,8800,0.0089597
RE+4/3/18,C,8800,0.00947192
RE+4/3/19,A,8800,0.00525235
RE+4/3/19,B,8800,0.00935191
RE+4/3/19,C,8800,0.0127755
RE+4/3/20,A,8800,0.0190897
RE+4/3/20,B,8800,0.00513129
RE+4/3/20,C,8800,0.0118244
RE+4/2/21,A,8800,0.0169474
RE+4/2/21,B,8800,0.0520319
RE+4/2/21,C,8800,0.041147
RE+4/2/22,A,8800,0.0251399
RE+4/2/22,B,8800,0.0305326
RE+4/2/22,C,8800,0.0134964
RE+4/2/23,A,8800,0.0182279
RE+4/2/23,B,8800,0.0354684
RE+4/2/23,C,8800,0.067915
RE+4/3/21,A,8800,0.0158691
RE+4/3/21,B,8800,0.0330967
RE+4/3/21,C,8800,0.0150052
RE+4/3/22,A,8800,0.0100333
RE+4/3/22,B,8800,0.0381816
RE+4/3/22,C,8800,0.029498
RE+4/3/23,A,8800,0.00962353
RE+4/3/23,B,8800,0.00716042
RE+4/3/23,C,8800,0.0121281
RE+4/2/24,A,8800,0.423933
RE+4/2/24,B,8800,0.149109
RE+4/2/24,C,8800,0.396597
RE+4/2/25,A,8800,0.0421222
RE+4/2/25,B,8800,1.60936
RE+4/2/25,C,8800,0.0588981
RE+4/2/26,A,8800,0.026636
RE+4/2/26,B,8800,0.0674545
RE+4/2/26,C,8800,0.0484765
RE+4/3/24,A,8800,0.0214097
RE+4/3/24,B,8800,0.0106776
RE+4/3/24,C,8800,0.0103868
RE+4/3/25,A,8800,0.00869325
RE+4/3/25,B,8800,0.00487494
RE+4/3/25,C,8800,0.00609188
RE+4/3/26,A,8800,0.017546
RE+4/3/26,B,8800,0.014145
RE+4/3/26,C,8800,0.0194773
RE+3/2/9,A,8800,0.0516109
RE+3/2/9,B,8800,0.0574957
RE+3/2/9,C,8800,0.0517415
RE+3/2/10,A,8800,0.141027
RE+3/2/10,B,8800,0.154879
RE+3/2/10,C,8800,0.070009
RE+3/2/11,A,8800,0.0448942
RE+3/2/11,B,8800,0.0804427
RE+3/2/11,C,8800,0.0631568
RE+3/3/9,A,8800,0.0715039
RE+3/3/9,B,8800,0.0847541
RE+3/3/9,C,8800,0.081608
RE+3/3/10,A,8800,0.0715078
RE+3/3/10,B,8800,0.0628102
RE+3/3/10,C,8800,0.0493778
RE+3/3/11,A,8800,0.072401
RE+3/3/11,B,8800,0.142947
RE+3/3/11,C,8800,0.110072
RE+3/2/12,A,8800,0.0445518
RE+3/2/12,B,8800,0.0301841
RE+3/2/12,C,8800,0.0371585
RE+3/2/13,A,8800,0.0377868
RE+3/2/13,B,8800,0.059096
RE+3/2/13,C,8800,0.0339448
RE+3/2/14,A,8800,0.0343426
RE+3/2/14,B,8800,0.0445246
RE+3/2/14,C,8800,0.0290462
RE+3/3/12,A,8800,0.114975
RE+3/3/12,B,8800,0.0566324
RE+3/3/12,C,8800,0.0623694
RE+3/3/13,A,8800,0.104484
RE+3/3/13,B,8800,0.0720736
RE+3/3/13,C,8800,0.0740047
RE+3/3/14,A,8800,0.034425
RE+3/3/14,B,8800,0.0619508
RE+3/3/14,C,8800,0.0546934
RE+3/2/15,A,8800,0.0449942
RE+3/2/15,B,8800,0.0536629
RE+3/2/15,C,8800,0.0487909
RE+3/2/16,A,8800,0.0350613
RE+3/2/16,B,8800,0.0494385
RE+3/2/16,C,8800,0.047636
RE+3/2/17,A,8800,0.0375629
RE+3/2/17,B,8800,0.0654959
RE+3/2/17,C,8800,0.0481611
RE+3/3/15,A,8800,0.0388055
RE+3/3/15,B,8800,0.0488506
RE+3/3/15,C,8800,0.0448598
RE+3/3/16,A,8800,0.0455413
RE+3/3/16,B,8800,0.0391815
RE+3/3/16,C,8800,0.0488947
RE+3/3/17,A,8800,0.0870517
RE+3/3/17,B,8800,0.0828885
RE+3/3/17,C,8800,0.0689792
RE+3/2/18,A,8800,0.0417886
RE+3/2/18,B,8800,0.0267701
RE+3/2/18,C,8800,0.0448761
RE+3/2/19,A,8800,0.0548109
RE+3/2/19,B,8800,0.0483609
RE+3/2/19,C,8800,0.0534724
RE+3/2/20,A,8800,0.0510212
RE+3/2/20,B,8800,0.054088
RE+3/2/20,C,8800,0.0404844
RE+3/3/18,A,8800,0.0318781
RE+3/3/18,B,8800,0.0223834
RE+3/3/18,C,8800,0.0252765
RE+3/3/19,A,8800,0.0460163
RE+3/3/19,B,8800,0.0502487
RE+3/3/19,C,8800,0.252722
RE+3/3/20,A,8800,0.0605466
RE+3/3/20,B,8800,0.0509014
RE+3/3/20,C,8800,0.0414417
RE+3/2/21,A,8800,0.0648072
RE+3/2/21,B,8800,0.0577315
RE+3/2/21,C,8800,0.0753051
RE+3/2/22,A,8800,0.0400492
RE+3/2/22,B,8800,0.0549942
RE+3/2/22,C,8800,0.0499228
RE+3/2/23,A,8800,0.0500406
RE+3/2/23,B,8800,0.0736212
RE+3/2/23,C,8800,0.0528758
RE+3/3/21,A,8800,0.0860555
RE+3/3/21,B,8800,0.0684546
RE+3/3/21,C,8800,0.0659717
RE+3/3/23,A,8800,0.0779437
RE+3/3/23,B,8800,0.085975
RE+3/3/23,C,8800,0.0738483
RE+3/2/24,A,8800,0.0599535
RE+3/2/24,B,8800,0.0922249
RE+3/2/24,C,8800,0.064739
RE+3/2/25,A,8800,0.0556777
RE+3/2/25,B,8800,0.124714
RE+3/2/25,C,8800,0.0527196
RE+3/2/26,A,8800,0.108338
RE+3/2/26,B,8800,0.127957
RE+3/2/26,C,8800,0.0672845
RE+3/3/24,A,8800,0.0175111
RE+3/3/24,B,8800,0.0182733
RE+3/3/24,C,8800,0.0360819
RE+3/3/25,A,8800,0.0602571
RE+3/3/25,B,8800,0.0590959
RE+3/3/25,C,8800,0.1079
RE+3/3/26,A,8800,0.0705809
RE+3/3/26,B,8800,0.0974043
RE+3/3/26,C,8800,0.0775133
RE+3/3/28,A,8800,0.0566926
RE+3/3/28,B,8800,0.0645153
RE+3/3/28,C,8800,0.0493158
RE+4/2/33,A,8800,0.0122053
RE+4/2/33,B,8800,0.0125239
RE+4/2/33,C,8800,0.00998432
RE+4/2/34,A,8800,0.106991
RE+4/2/34,B,8800,0.0309343
RE+4/2/34,C,8800,0.0191484
RE+4/2/35,A,8800,0.0154683
RE+4/2/35,B,8800,0.0173285
RE+4/2/35,C,8800,0.0130445
RE+4/3/33,A,8800,0.0717378
RE+4/3/33,B,8800,0.0299742
RE+4/3/33,C,8800,0.583099
RE+4/3/34,A,8800,0.0171749
RE+4/3/34,B,8800,0.0170355
RE+4/3/34,C,8800,0.0230195
RE+4/3/35,A,8800,0.00882304
RE+4/3/35,B,8800,0.297385
RE+4/3/35,C,8800,0.0072833
RE+4/2/36,A,8800,0.0215681
RE+4/2/36,B,8800,0.0201127
RE+4/2/36,C,8800,0.0270976
RE+4/2/1,A,8800,0.021088
RE+4/2/1,B,8800,0.0235509
RE+4/2/1,C,8800,0.0551665
RE+4/2/2,A,8800,0.0145037
RE+4/2/2,B,8800,0.0211926
RE+4/2/2,C,8800,0.0145174
RE+4/3/36,A,8800,0.0129624
RE+4/3/36,B,8800,0.00978866
RE+4/3/36,C,8800,0.0108965
RE+4/3/1,A,8800,0.00657851
RE+4/3/1,B,8800,0.00798668
RE+4/3/1,C,8800,0.0193106
RE+4/3/2,A,8800,0.0769059
RE+4/3/2,B,8800,0.009092
RE+4/3/2,C,8800,0.00881158
RE+4/2/3,A,8800,0.0157237
RE+4/2/3,B,8800,0.0190116
RE+4/2/3,C,8800,0.0226616
RE+4/2/4,A,8800,0.0157651
RE+4/2/4,B,8800,0.0112811
RE+4/2/4,C,8800,0.00723406
RE+4/2/5,A,8800,0.900793
RE+4/2/5,B,8800,0.11521
RE+4/2/5,C,8800,0.0635516
RE+4/3/3,A,8800,0.0283667
RE+4/3/3,B,8800,0.0148594
RE+4/3/3,C,8800,0.0124786
RE+4/3/4,A,8800,0.020174
RE+4/3/4,B,8800,0.0100774
RE+4/3/4,C,8800,0.010013
RE+4/3/5,A,8800,0.0268605
RE+4/3/5,B,8800,0.0130148
RE+4/3/5,C,8800,0.012836
RE+4/2/6,A,8800,0.0195307
RE+4/2/6,B,8800,0.0162977
RE+4/2/6,C,8800,0.00902254
RE+4/2/7,A,8800,0.0381014
RE+4/2/7,B,8800,0.0393278
RE+4/2/7,C,8800,0.01534
RE+4/2/8,A,8800,0.0342948
RE+4/2/8,B,8800,0.0296118
RE+4/2/8,C,8800,0.0289304
RE+4/3/6,A,8800,0.0110658
RE+4/3/6,B,8800,0.0118349
RE+4/3/6,C,8800,0.0120649
RE+4/3/7,A,8800,0.0438235
RE+4/3/7,B,8800,0.02102
RE+4/3/7,C,8800,0.0134195
RE+4/3/8,A,8800,0.0112747
RE+4/3/8,B,8800,0.0105659
RE+4/3/8,C,8800,0.00791829
RE+4/2/27,A,8800,0.0177597
RE+4/2/27,B,8800,0.0267562
RE+4/2/27,C,8800,0.0324054
RE+4/2/28,A,8800,0.0181662
RE+4/2/28,B,8800,0.0192622
RE+4/2/28,C,8800,0.0167337
RE+4/2/29,A,8800,0.0212063
RE+4/2/29,B,8800,0.0158934
RE+4/2/29,C,8800,0.0141717
RE+4/3/27,A,8800,0.0106988
RE+4/3/27,B,8800,0.012127
RE+4/3/27,C,8800,0.0185872
RE+4/3/28,A,8800,0.0211212
RE+4/3/28,B,8800,0.0131295
RE+4/3/28,C,8800,0.0140006
RE+4/3/29,A,8800,0.0120473
RE+4/3/29,B,8800,0.0229929
RE+4/3/29,C,8800,0.0222589
RE+4/2/30,A,8800,0.00368232
RE+4/2/30,B,8800,0.00315308
RE+4/2/30,C,8800,0.0044222
RE+4/2/31,A,8800,0.0111977
RE+4/2/31,B,8800,0.0170442
RE+4/2/31,C,8800,0.0142454
RE+4/2/32,A,8800,0.0140421
RE+4/2/32,B,8800,0.017062
RE+4/2/32,C,8800,0.0218683
RE+4/3/30,A,8800,0.0093505
RE+4/3/30,B,8800,0.00809501
RE+4/3/30,C,8800,0.00741973
RE+4/3/31,A,8800,0.0061819
RE+4/3/31,B,8800,0.00468422
RE+4/3/31,C,8800,0.00927482
RE+4/3/32,A,8800,0.0102572
RE+4/3/32,B,8800,0.0109786
RE+4/3/32,C,8800,0.0107193
RE+3/2/3,A,8800,0.177973
RE+3/2/3,B,8800,0.299659
RE+3/2/3,C,8800,0.762337
RE+3/2/4,A,8800,0.0173919
RE+3/2/4,B,8800,0.0279036
RE+3/2/4,C,8800,0.0245848
RE+3/2/5,A,8800,0.0321986
RE+3/2/5,B,8800,0.0456459
RE+3/2/5,C,8800,0.0321648
RE+3/3/3,A,8800,0.0989634
RE+3/3/3,B,8800,0.0396647
RE+3/3/3,C,8800,0.0284724
RE+3/3/4,A,8800,0.0561838
RE+3/3/4,B,8800,0.0621966
RE+3/3/4,C,8800,0.0479446
RE+3/3/5,A,8800,0.0356916
RE+3/3/5,B,8800,0.0481883
RE+3/3/5,C,8800,0.0601667
RE+3/2/6,A,8800,0.0986828
RE+3/2/6,B,8800,0.0392178
RE+3/2/6,C,8800,0.0355937
RE+3/2/7,A,8800,0.0347875
RE+3/2/7,B,8800,0.0358629
RE+3/2/7,C,8800,0.041416
RE+3/2/8,A,8800,0.0357438
RE+3/2/8,B,8800,0.0622457
RE+3/2/8,C,8800,0.0416341
RE+3/3/6,A,8800,0.0377799
RE+3/3/6,B,8800,0.0215277
RE+3/3/6,C,8800,0.0342505
RE+3/3/7,A,8800,0.119829
RE+3/3/7,B,8800,0.0963724
RE+3/3/7,C,8800,0.117862
RE+3/3/8,A,8800,0.0611174
RE+3/3/8,B,8800,0.065467
RE+3/3/8,C,8800,0.0522006
RE+3/2/33,A,8800,0.0945397
RE+3/2/33,B,8800,0.139693
RE+3/2/33,C,8800,0.0724272
RE+3/2/34,A,8800,0.0401154
RE+3/2/34,B,8800,0.0561276
RE+3/2/34,C,8800,0.0697011
RE+3/2/35,A,8800,0.0361636
RE+3/2/35,B,8800,0.111041
RE+3/2/35,C,8800,0.0585921
RE+3/3/33,A,8800,0.223544
RE+3/3/33,B,8800,0.108543
RE+3/3/33,C,8800,0.101247
RE+3/3/34,A,8800,0.0340659
RE+3/3/34,B,8800,0.0392555
RE+3/3/34,C,8800,0.0524103
RE+3/3/35,A,8800,0.0643542
RE+3/3/35,B,8800,0.0724367
RE+3/3/35,C,8800,0.0725568
RE+3/2/36,A,8800,0.0370336
RE+3/2/36,B,8800,0.0628523
RE+3/2/36,C,8800,0.042775
RE+3/2/1,A,8800,0.0486225
RE+3/2/1,B,8800,0.0803629
RE+3/2/1,C,8800,0.0747518
RE+3/2/2,A,8800,0.0390144
RE+3/2/2,B,8800,0.0607981
RE+3/2/2,C,8800,0.0659083
RE+3/3/36,A,8800,0.0378794
RE+3/3/36,B,8800,0.0260994
RE+3/3/36,C,8800,0.0335917
RE+3/3/1,A,8800,0.129963
RE+3/3/1,B,8800,0.069232
RE+3/3/1,C,8800,0.0627699
RE+3/3/2,A,8800,0.0410689
RE+3/3/2,B,8800,0.0617026
RE+3/3/2,C,8800,0.0700877
RE+3/2/27,A,8800,0.0374641
RE+3/2/27,B,8800,0.0410343
RE+3/2/27,C,8800,0.034374
RE+3/2/28,A,8800,0.0433756
RE+3/2/28,B,8800,0.0768929
RE+3/2/28,C,8800,0.08889
RE+3/2/29,A,8800,0.0455073
RE+3/2/29,B,8800,0.0766961
RE+3/2/29,C,8800,0.0554536
RE+3/3/27,A,8800,0.0571369
RE+3/3/27,B,8800,0.0658201
RE+3/3/27,C,8800,0.0929336
RE+3/3/29,A,8800,0.0615867
RE+3/3/29,B,8800,0.0928947
RE+3/3/29,C,8800,0.0767811
RE+3/2/30,A,8800,0.0442723
RE+3/2/30,B,8800,0.0497803
RE+3/2/30,C,8800,0.049897
RE+3/2/31,A,8800,0.256683
RE+3/2/31,B,8800,0.356003
RE+3/2/31,C,8800,0.478597
RE+3/2/32,A,8800,0.0818451
RE+3/2/32,B,8800,0.111853
RE+3/2/32,C,8800,0.131617
RE+3/3/30,A,8800,0.0628245
RE+3/3/30,B,8800,0.0595363
RE+3/3/30,C,8800,0.0350712
RE+3/3/31,A,8800,0.0510517
RE+3/3/31,B,8800,0.0438871
RE+3/3/31,C,8800,0.0361228
RE+3/3/32,A,8800,0.253847
RE+3/3/32,B,8800,0.112795
RE+3/3/32,C,8800,0.11872
