W+1/RB2out/8,Backward,9200,0.162814
W+1/RB4/4--,Forward,9200,0.0121231
W+1/RB4/4-,Forward,9200,0.0304758
W+1/RB4/4+,Forward,9200,0.0556226
W+1/RB4/4++,Forward,9200,0.000205647
W+1/RB3/4-,Forward,9200,0.0218213
W+1/RB3/4+,Forward,9200,0.0345681
W+1/RB4/4--,Backward,9200,0.0115001
W+1/RB4/4-,Backward,9200,0.0394873
W+1/RB4/4+,Backward,9200,0.102481
W+1/RB4/4++,Backward,9200,0.000171457
W+1/RB3/4-,Backward,9200,0.0424938
W+1/RB3/4+,Backward,9200,0.0302705
W+1/RB2in/4,Forward,9200,0.0579404
W+1/RB2in/4,Central,9200,0.0631288
W+1/RB2in/4,Backward,9200,7.78235
W+1/RB2out/4,Forward,9200,0.0335311
W+1/RB1out/4,Forward,9200,0.0649005
W+1/RB1in/4,Forward,9200,0.0497275
W+1/RB2out/4,Backward,9200,0.0325917
W+1/RB1out/4,Backward,9200,0.0225637
W+1/RB1in/4,Backward,9200,0.0599703
W+1/RB4/5-,Forward,9200,0.0734907
W+1/RB4/5+,Forward,9200,0.136778
W+1/RB3/5-,Forward,9200,0.0577997
W+1/RB3/5+,Forward,9200,0.0241268
W+1/RB4/5-,Backward,9200,0.149232
W+1/RB4/5+,Backward,9200,0.140667
W+1/RB3/5-,Backward,9200,0.0616401
W+1/RB3/5+,Backward,9200,0.0170773
W+1/RB2in/5,Forward,9200,0.411215
W+1/RB2in/5,Central,9200,0.134639
W+1/RB2in/5,Backward,9200,0.0751905
W+1/RB2out/5,Forward,9200,0.0288039
W+1/RB1out/5,Forward,9200,0.223759
W+1/RB1in/5,Forward,9200,0.0519243
W+1/RB2out/5,Backward,9200,0.0326833
W+1/RB1out/5,Backward,9200,0.128563
W+1/RB1in/5,Backward,9200,0.0194483
W+1/RB4/6-,Forward,9200,0.0808681
W+1/RB4/6+,Forward,9200,0.0767351
W+1/RB3/6-,Forward,9200,0.336067
W+1/RB3/6+,Forward,9200,0.0820625
W+1/RB4/6-,Backward,9200,0.0541421
W+1/RB4/6+,Backward,9200,0.108698
W+1/RB3/6-,Backward,9200,0.272066
W+1/RB3/6+,Backward,9200,0.0543795
W+1/RB2in/6,Forward,9200,0.302689
W+1/RB2in/6,Central,9200,0.25155
W+1/RB2in/6,Backward,9200,0.178751
W+1/RB2out/6,Forward,9200,0.0952671
W+1/RB1out/6,Forward,9200,0.061446
W+1/RB1in/6,Forward,9200,0.0528616
W+1/RB2out/6,Backward,9200,0.0720848
W+1/RB1out/6,Backward,9200,0.0535517
W+1/RB1in/6,Backward,9200,0.0348903
W+1/RB4/7-,Forward,9200,0.0679759
W+1/RB4/7+,Forward,9200,0.208706
W+1/RB3/7-,Forward,9200,2.29747
W+1/RB3/7+,Forward,9200,0.0588579
W+1/RB4/7-,Backward,9200,0.0940973
W+1/RB4/7+,Backward,9200,0.128199
W+1/RB3/7-,Backward,9200,4.77
W+1/RB3/7+,Backward,9200,0.0590643
W+1/RB2in/7,Forward,9200,0.0577963
W+1/RB2in/7,Central,9200,0.0825262
W+1/RB2in/7,Backward,9200,0.0376329
W+1/RB2out/7,Forward,9200,0.0360893
W+1/RB1out/7,Forward,9200,0.0194643
W+1/RB1in/7,Forward,9200,0.137589
W+1/RB2out/7,Backward,9200,0.019654
W+1/RB1out/7,Backward,9200,0.0277442
W+1/RB1in/7,Backward,9200,0.0795508
W+1/RB4/8-,Forward,9200,0.104876
W+1/RB4/8+,Forward,9200,0.0787688
W+1/RB3/8-,Forward,9200,0.0642044
W+1/RB3/8+,Forward,9200,0.242295
W+1/RB4/8-,Backward,9200,0.203638
W+1/RB4/8+,Backward,9200,0.0687615
W+1/RB3/8-,Backward,9200,0.0635709
W+1/RB3/8+,Backward,9200,0.345739
W+1/RB2in/8,Forward,9200,0.174635
W+1/RB2in/8,Central,9200,0.157828
W+1/RB2in/8,Backward,9200,0.0944212
W+1/RB2out/8,Forward,9200,0.141403
W+1/RB1out/8,Forward,9200,0.10527
W+1/RB1in/8,Forward,9200,0.164726
W+1/RB1out/8,Backward,9200,0.194597
W+1/RB1in/8,Backward,9200,1.86362
W+1/RB4/9,Forward,9200,0.130552
W+1/RB3/9-,Forward,9200,0.0449388
W+1/RB3/9+,Forward,9200,0.0866227
W+1/RB4/9,Backward,9200,0.154523
W+1/RB3/9-,Backward,9200,0.0573407
W+1/RB3/9+,Backward,9200,0.046804
W+1/RB2in/9,Forward,9200,0.162712
W+1/RB2in/9,Central,9200,0.198085
W+1/RB2in/9,Backward,9200,0.156709
W+1/RB2out/9,Forward,9200,0.169931
W+1/RB1out/9,Forward,9200,0.0641707
W+1/RB1in/9,Forward,9200,0.181498
W+1/RB2out/9,Backward,9200,0.145084
W+1/RB1out/9,Backward,9200,0.0556243
W+1/RB1in/9,Backward,9200,0.103176
W+1/RB2out/11,Backward,9200,0.109574
W+1/RB4/1-,Forward,9200,0.0557813
W+1/RB4/1+,Forward,9200,0.213929
W+1/RB3/1-,Forward,9200,0.0704501
W+1/RB3/1+,Forward,9200,0.538716
W+1/RB4/1-,Backward,9200,0.10322
W+1/RB4/1+,Backward,9200,0.244139
W+1/RB3/1-,Backward,9200,0.152401
W+1/RB3/1+,Backward,9200,0.122222
W+1/RB2in/1,Forward,9200,0.186401
W+1/RB2in/1,Central,9200,0.424288
W+1/RB2in/1,Backward,9200,0.0244579
W+1/RB2out/1,Forward,9200,0.0668188
W+1/RB1out/1,Forward,9200,0.0163888
W+1/RB1in/1,Forward,9200,0.00495532
W+1/RB2out/1,Backward,9200,0.060663
W+1/RB1out/1,Backward,9200,0.0267875
W+1/RB1in/1,Backward,9200,0.00526723
W+1/RB4/2-,Forward,9200,0.0246523
W+1/RB4/2+,Forward,9200,0.0642322
W+1/RB3/2-,Forward,9200,0.198173
W+1/RB3/2+,Forward,9200,0.212022
W+1/RB4/2-,Backward,9200,0.0439315
W+1/RB4/2+,Backward,9200,0.0802681
W+1/RB3/2-,Backward,9200,0.169553
W+1/RB3/2+,Backward,9200,0.482089
W+1/RB2in/2,Forward,9200,0.135273
W+1/RB2in/2,Central,9200,0.129711
W+1/RB2in/2,Backward,9200,0.0974281
W+1/RB2out/2,Forward,9200,0.223793
W+1/RB1out/2,Forward,9200,0.148064
W+1/RB1in/2,Forward,9200,0.214678
W+1/RB2out/2,Backward,9200,0.243552
W+1/RB1out/2,Backward,9200,0.0441958
W+1/RB1in/2,Backward,9200,0.159115
W+1/RB4/3-,Forward,9200,0.0377027
W+1/RB4/3+,Forward,9200,0.14344
W+1/RB3/3-,Forward,9200,0.0879775
W+1/RB3/3+,Forward,9200,0.0581061
W+1/RB4/3-,Backward,9200,0.0408225
W+1/RB4/3+,Backward,9200,0.12179
W+1/RB3/3-,Backward,9200,0.0419533
W+1/RB3/3+,Backward,9200,0.0475328
W+1/RB2in/3,Forward,9200,0.277366
W+1/RB2in/3,Central,9200,0.18739
W+1/RB2in/3,Backward,9200,0.129957
W+1/RB2out/3,Forward,9200,0.223269
W+1/RB1out/3,Forward,9200,0.179204
W+1/RB1in/3,Forward,9200,0.132597
W+1/RB2out/3,Backward,9200,0.141021
W+1/RB1out/3,Backward,9200,0.161501
W+1/RB1in/3,Backward,9200,0.0433378
W+1/RB4/10-,Forward,9200,0.139717
W+1/RB4/10+,Forward,9200,0.0245999
W+1/RB3/10-,Forward,9200,0.158343
W+1/RB3/10+,Forward,9200,0.0472088
W+1/RB4/10-,Backward,9200,0.0977816
W+1/RB4/10+,Backward,9200,0.0213615
W+1/RB3/10-,Backward,9200,0.130496
W+1/RB3/10+,Backward,9200,0.0602842
W+1/RB2in/10,Forward,9200,0.106136
W+1/RB2in/10,Central,9200,0.128992
W+1/RB2in/10,Backward,9200,0.0677588
W+1/RB2out/10,Forward,9200,0.144966
W+1/RB1out/10,Forward,9200,0.0466662
W+1/RB1in/10,Forward,9200,0.0202629
W+1/RB2out/10,Backward,9200,0.225194
W+1/RB1out/10,Backward,9200,0.0377302
W+1/RB1in/10,Backward,9200,0.032286
W+1/RB4/11,Forward,9200,0.0520414
W+1/RB3/11-,Forward,9200,0.119165
W+1/RB3/11+,Forward,9200,0.0658546
W+1/RB4/11,Backward,9200,0.0404241
W+1/RB3/11-,Backward,9200,0.0866411
W+1/RB3/11+,Backward,9200,0.05454
W+1/RB2in/11,Forward,9200,0.106114
W+1/RB2in/11,Central,9200,0.0881356
W+1/RB2in/11,Backward,9200,0.0229403
W+1/RB2out/11,Forward,9200,0.229558
W+1/RB1out/11,Forward,9200,0.0596198
W+1/RB1in/11,Forward,9200,0.0614423
W+1/RB1out/11,Backward,9200,0.140773
W+1/RB1in/11,Backward,9200,0.0299079
W+1/RB4/12-,Forward,9200,0.0301955
W+1/RB4/12+,Forward,9200,0.130809
W+1/RB3/12-,Forward,9200,0.152038
W+1/RB3/12+,Forward,9200,0.0853412
W+1/RB4/12-,Backward,9200,0.0875277
W+1/RB4/12+,Backward,9200,0.0552611
W+1/RB3/12-,Backward,9200,0.127637
W+1/RB3/12+,Backward,9200,0.0496175
W+1/RB2in/12,Forward,9200,0.197938
W+1/RB2in/12,Central,9200,0.268682
W+1/RB2in/12,Backward,9200,0.187086
W+1/RB2out/12,Forward,9200,0.226683
W+1/RB1out/12,Forward,9200,0.26631
W+1/RB1in/12,Forward,9200,0.115788
W+1/RB2out/12,Backward,9200,0.157146
W+1/RB1out/12,Backward,9200,0.0706586
W+1/RB1in/12,Backward,9200,0.113416
W+2/RB2in/8,Backward,9200,0.191517
W+2/RB4/4--,Forward,9200,0.149407
W+2/RB4/4-,Forward,9200,0.0660612
W+2/RB4/4+,Forward,9200,0.0659576
W+2/RB4/4++,Forward,9200,0.130204
W+2/RB3/4-,Forward,9200,0.194662
W+2/RB3/4+,Forward,9200,0.135587
W+2/RB4/4--,Backward,9200,0.144814
W+2/RB4/4-,Backward,9200,0.139576
W+2/RB4/4+,Backward,9200,0.039681
W+2/RB4/4++,Backward,9200,0.0823518
W+2/RB3/4-,Backward,9200,0.0793788
W+2/RB3/4+,Backward,9200,0.124372
W+2/RB2out/4,Forward,9200,0.0636494
W+2/RB2out/4,Central,9200,0.0993875
W+2/RB2out/4,Backward,9200,0.032137
W+2/RB2in/4,Forward,9200,0.101025
W+2/RB1out/4,Forward,9200,0.880109
W+2/RB1in/4,Forward,9200,0.101901
W+2/RB2in/4,Backward,9200,0.156015
W+2/RB1out/4,Backward,9200,0.159252
W+2/RB1in/4,Backward,9200,0.144259
W+2/RB4/5-,Forward,9200,0.624112
W+2/RB4/5+,Forward,9200,0.112623
W+2/RB3/5-,Forward,9200,0.16664
W+2/RB3/5+,Forward,9200,0.1265
W+2/RB4/5-,Backward,9200,0.679443
W+2/RB4/5+,Backward,9200,0.0810818
W+2/RB3/5-,Backward,9200,0.140082
W+2/RB3/5+,Backward,9200,0.160944
W+2/RB2out/5,Forward,9200,0.0869124
W+2/RB2out/5,Central,9200,0.0804999
W+2/RB2out/5,Backward,9200,0.0428827
W+2/RB2in/5,Forward,9200,0.194643
W+2/RB1out/5,Forward,9200,0.202906
W+2/RB1in/5,Forward,9200,0.290294
W+2/RB2in/5,Backward,9200,0.0526101
W+2/RB1out/5,Backward,9200,0.16723
W+2/RB1in/5,Backward,9200,0.0974378
W+2/RB4/6-,Forward,9200,0.156626
W+2/RB4/6+,Forward,9200,0.0490024
W+2/RB3/6-,Forward,9200,0.119923
W+2/RB3/6+,Forward,9200,0.132793
W+2/RB4/6-,Backward,9200,0.0788483
W+2/RB4/6+,Backward,9200,0.101183
W+2/RB3/6-,Backward,9200,0.148553
W+2/RB3/6+,Backward,9200,0.170809
W+2/RB2out/6,Forward,9200,0.0613557
W+2/RB2out/6,Central,9200,0.0699902
W+2/RB2out/6,Backward,9200,0.0517113
W+2/RB2in/6,Forward,9200,0.0349864
W+2/RB1out/6,Forward,9200,0.0977706
W+2/RB1in/6,Forward,9200,0.165085
W+2/RB2in/6,Backward,9200,0.0330387
W+2/RB1out/6,Backward,9200,0.0695127
W+2/RB1in/6,Backward,9200,0.0984872
W+2/RB4/7-,Forward,9200,0.10582
W+2/RB4/7+,Forward,9200,0.191761
W+2/RB3/7-,Forward,9200,0.0954717
W+2/RB3/7+,Forward,9200,0.03122
W+2/RB4/7-,Backward,9200,0.153228
W+2/RB4/7+,Backward,9200,0.189141
W+2/RB3/7-,Backward,9200,0.174499
W+2/RB3/7+,Backward,9200,0.0310041
W+2/RB2out/7,Forward,9200,0.0303406
W+2/RB2out/7,Central,9200,0.200377
W+2/RB2out/7,Backward,9200,0.0249936
W+2/RB2in/7,Forward,9200,0.0247726
W+2/RB1out/7,Forward,9200,0.193044
W+2/RB1in/7,Forward,9200,0.277085
W+2/RB2in/7,Backward,9200,0.0280296
W+2/RB1out/7,Backward,9200,0.220817
W+2/RB1in/7,Backward,9200,0.500355
W+2/RB4/8-,Forward,9200,0.106266
W+2/RB4/8+,Forward,9200,0.0127584
W+2/RB3/8-,Forward,9200,0.177781
W+2/RB3/8+,Forward,9200,0.145965
W+2/RB4/8-,Backward,9200,0.131417
W+2/RB4/8+,Backward,9200,0.00538022
W+2/RB3/8-,Backward,9200,0.163749
W+2/RB3/8+,Backward,9200,0.180557
W+2/RB2out/8,Forward,9200,0.0570792
W+2/RB2out/8,Central,9200,0.181046
W+2/RB2out/8,Backward,9200,0
W+2/RB2in/8,Forward,9200,0.913778
W+2/RB1out/8,Forward,9200,0.314406
W+2/RB1in/8,Forward,9200,0.0985885
W+2/RB1out/8,Backward,9200,0.48198
W+2/RB1in/8,Backward,9200,0.0876233
W+2/RB4/9,Forward,9200,0.0672248
W+2/RB3/9-,Forward,9200,0.306869
W+2/RB3/9+,Forward,9200,0.148842
W+2/RB4/9,Backward,9200,0.092586
W+2/RB3/9-,Backward,9200,0.182358
W+2/RB3/9+,Backward,9200,0.268204
W+2/RB2out/9,Forward,9200,0.244092
W+2/RB2out/9,Central,9200,0.307525
W+2/RB2out/9,Backward,9200,0.156106
W+2/RB2in/9,Forward,9200,0.126372
W+2/RB1out/9,Forward,9200,0.0761258
W+2/RB1in/9,Forward,9200,1.21115
W+2/RB2in/9,Backward,9200,0.130358
W+2/RB1out/9,Backward,9200,0.0577654
W+2/RB1in/9,Backward,9200,0.0581932
W+2/RB2in/11,Backward,9200,1.13723
W+2/RB4/1-,Forward,9200,0.126889
W+2/RB4/1+,Forward,9200,0.305426
W+2/RB3/1-,Forward,9200,0.238553
W+2/RB3/1+,Forward,9200,0.129319
W+2/RB4/1-,Backward,9200,0.121396
W+2/RB4/1+,Backward,9200,0.329345
W+2/RB3/1-,Backward,9200,0.136144
W+2/RB3/1+,Backward,9200,1.38148
W+2/RB2out/1,Forward,9200,0.153898
W+2/RB2out/1,Central,9200,0.312652
W+2/RB2out/1,Backward,9200,0.554885
W+2/RB2in/1,Forward,9200,0.50974
W+2/RB1out/1,Forward,9200,0.0169068
W+2/RB1in/1,Forward,9200,0.0221406
W+2/RB2in/1,Backward,9200,0.0206561
W+2/RB1out/1,Backward,9200,0.0253643
W+2/RB1in/1,Backward,9200,0.0188163
W+2/RB4/2-,Forward,9200,1.25579
W+2/RB4/2+,Forward,9200,0.95715
W+2/RB3/2-,Forward,9200,0.210536
W+2/RB3/2+,Forward,9200,0.122514
W+2/RB4/2-,Backward,9200,0.28795
W+2/RB4/2+,Backward,9200,0.0501458
W+2/RB3/2-,Backward,9200,0.234142
W+2/RB3/2+,Backward,9200,0.103859
W+2/RB2out/2,Forward,9200,0.0394777
W+2/RB2out/2,Central,9200,0.0943553
W+2/RB2out/2,Backward,9200,0.0519498
W+2/RB2in/2,Forward,9200,0.10389
W+2/RB1out/2,Forward,9200,0.152701
W+2/RB1in/2,Forward,9200,0.137627
W+2/RB2in/2,Backward,9200,0.0362997
W+2/RB1out/2,Backward,9200,0.0833993
W+2/RB1in/2,Backward,9200,0.165843
W+2/RB4/3-,Forward,9200,0.0186998
W+2/RB4/3+,Forward,9200,0.14364
W+2/RB3/3-,Forward,9200,0.0962505
W+2/RB3/3+,Forward,9200,0.00826598
W+2/RB4/3-,Backward,9200,0.0122604
W+2/RB4/3+,Backward,9200,0.124029
W+2/RB3/3-,Backward,9200,0.0774039
W+2/RB3/3+,Backward,9200,0.00504345
W+2/RB2out/3,Forward,9200,0.110198
W+2/RB2out/3,Central,9200,0.128746
W+2/RB2out/3,Backward,9200,36.9359
W+2/RB2in/3,Forward,9200,0.042961
W+2/RB1out/3,Forward,9200,0.130029
W+2/RB1in/3,Forward,9200,0.302865
W+2/RB2in/3,Backward,9200,0.0223337
W+2/RB1out/3,Backward,9200,0.0322902
W+2/RB1in/3,Backward,9200,0.197341
W+2/RB4/10-,Forward,9200,0.0477009
W+2/RB4/10+,Forward,9200,0.10409
W+2/RB3/10-,Forward,9200,0.130558
W+2/RB3/10+,Forward,9200,0.202139
W+2/RB4/10-,Backward,9200,0.0442
W+2/RB4/10+,Backward,9200,0.0569844
W+2/RB3/10-,Backward,9200,0.0873485
W+2/RB3/10+,Backward,9200,0.180413
W+2/RB2out/10,Forward,9200,0.107861
W+2/RB2out/10,Central,9200,0.0994267
W+2/RB2out/10,Backward,9200,0.113204
W+2/RB2in/10,Forward,9200,0.230924
W+2/RB1out/10,Forward,9200,0.0319665
W+2/RB1in/10,Forward,9200,0.149691
W+2/RB2in/10,Backward,9200,0.125889
W+2/RB1out/10,Backward,9200,0.126381
W+2/RB1in/10,Backward,9200,0.0603839
W+2/RB4/11,Forward,9200,1.09742
W+2/RB3/11-,Forward,9200,27.7461
W+2/RB3/11+,Forward,9200,1.72996
W+2/RB4/11,Backward,9200,0.0165353
W+2/RB3/11-,Backward,9200,0.049233
W+2/RB3/11+,Backward,9200,0.0857006
W+2/RB2out/11,Forward,9200,0.0292464
W+2/RB2out/11,Central,9200,0.0350444
W+2/RB2out/11,Backward,9200,0.038134
W+2/RB2in/11,Forward,9200,0.0420243
W+2/RB1out/11,Forward,9200,0.381621
W+2/RB1in/11,Forward,9200,0.210185
W+2/RB1out/11,Backward,9200,0.271864
W+2/RB1in/11,Backward,9200,0.745159
W+2/RB4/12-,Forward,9200,4.36478
W+2/RB4/12+,Forward,9200,27.4471
W+2/RB3/12-,Forward,9200,14.0716
W+2/RB3/12+,Forward,9200,0.311654
W+2/RB4/12-,Backward,9200,0.0648724
W+2/RB4/12+,Backward,9200,0.391014
W+2/RB3/12-,Backward,9200,0.000206949
W+2/RB3/12+,Backward,9200,0.067743
W+2/RB2out/12,Forward,9200,0.568572
W+2/RB2out/12,Central,9200,0.246749
W+2/RB2out/12,Backward,9200,0.120369
W+2/RB2in/12,Forward,9200,8.72172
W+2/RB1out/12,Forward,9200,0.224897
W+2/RB1in/12,Forward,9200,0.187447
W+2/RB2in/12,Backward,9200,0.11673
W+2/RB1out/12,Backward,9200,0.137228
W+2/RB1in/12,Backward,9200,0.227278
W-1/RB2out/8,Backward,9200,0.123244
W-1/RB4/4++,Forward,9200,0.0710593
W-1/RB4/4+,Forward,9200,0.05092
W-1/RB4/4-,Forward,9200,0.0700618
W-1/RB4/4--,Forward,9200,0.066595
W-1/RB3/4+,Forward,9200,0.0964507
W-1/RB3/4-,Forward,9200,0.32596
W-1/RB4/4++,Backward,9200,0.0745718
W-1/RB4/4+,Backward,9200,0.637619
W-1/RB4/4-,Backward,9200,0.0486954
W-1/RB4/4--,Backward,9200,0.0486136
W-1/RB3/4+,Backward,9200,0.289211
W-1/RB3/4-,Backward,9200,0.133427
W-1/RB2in/4,Forward,9200,0.605862
W-1/RB2in/4,Central,9200,2.08264
W-1/RB2in/4,Backward,9200,2.04093
W-1/RB2out/4,Forward,9200,0.272563
W-1/RB1out/4,Forward,9200,0.00666098
W-1/RB1in/4,Forward,9200,0.0650646
W-1/RB2out/4,Backward,9200,0.376459
W-1/RB1out/4,Backward,9200,7.32116e-06
W-1/RB1in/4,Backward,9200,0.0427394
W-1/RB4/5+,Forward,9200,0.0714906
W-1/RB4/5-,Forward,9200,0.0767738
W-1/RB3/5+,Forward,9200,0.0670137
W-1/RB3/5-,Forward,9200,0.03482
W-1/RB4/5+,Backward,9200,0.164165
W-1/RB4/5-,Backward,9200,0.0813179
W-1/RB3/5+,Backward,9200,0.0600028
W-1/RB3/5-,Backward,9200,0.0281071
W-1/RB2in/5,Forward,9200,0.103828
W-1/RB2in/5,Central,9200,0.0176832
W-1/RB2in/5,Backward,9200,0.0633913
W-1/RB2out/5,Forward,9200,0.083146
W-1/RB1out/5,Forward,9200,0.050424
W-1/RB1in/5,Forward,9200,0.0829183
W-1/RB2out/5,Backward,9200,0.0400353
W-1/RB1out/5,Backward,9200,0.0415477
W-1/RB1in/5,Backward,9200,0.0392209
W-1/RB4/6+,Forward,9200,0.0493568
W-1/RB4/6-,Forward,9200,7.08464
W-1/RB3/6+,Forward,9200,0.0764567
W-1/RB3/6-,Forward,9200,0.0414552
W-1/RB4/6+,Backward,9200,0.044092
W-1/RB4/6-,Backward,9200,3.72152
W-1/RB3/6+,Backward,9200,0.057241
W-1/RB3/6-,Backward,9200,0.0234478
W-1/RB2in/6,Forward,9200,0.0362076
W-1/RB2in/6,Central,9200,0.0440368
W-1/RB2in/6,Backward,9200,0.0321818
W-1/RB2out/6,Forward,9200,0.0466704
W-1/RB1out/6,Forward,9200,0.0587521
W-1/RB1in/6,Forward,9200,0.0252429
W-1/RB2out/6,Backward,9200,0.0398335
W-1/RB1out/6,Backward,9200,0.0350066
W-1/RB1in/6,Backward,9200,0.0402846
W-1/RB4/7+,Forward,9200,0.0192692
W-1/RB4/7-,Forward,9200,0.028241
W-1/RB3/7+,Forward,9200,0.0232758
W-1/RB3/7-,Forward,9200,0.0483428
W-1/RB4/7+,Backward,9200,0.0253113
W-1/RB4/7-,Backward,9200,0.0209111
W-1/RB3/7+,Backward,9200,0.0438984
W-1/RB3/7-,Backward,9200,0.080474
W-1/RB2in/7,Forward,9200,0.0761358
W-1/RB2in/7,Central,9200,0.150537
W-1/RB2in/7,Backward,9200,0.0888269
W-1/RB2out/7,Forward,9200,1.00857
W-1/RB1out/7,Forward,9200,0.0191658
W-1/RB1in/7,Forward,9200,0.0201691
W-1/RB2out/7,Backward,9200,0.0232916
W-1/RB1out/7,Backward,9200,0.0212708
W-1/RB1in/7,Backward,9200,0.0106006
W-1/RB4/8+,Forward,9200,0.00016313
W-1/RB4/8-,Forward,9200,0.306814
W-1/RB3/8+,Forward,9200,0.194462
W-1/RB3/8-,Forward,9200,0.173773
W-1/RB4/8+,Backward,9200,5.43015e-05
W-1/RB4/8-,Backward,9200,0.376856
W-1/RB3/8+,Backward,9200,0.100962
W-1/RB3/8-,Backward,9200,0.161995
W-1/RB2in/8,Forward,9200,0.093452
W-1/RB2in/8,Central,9200,0.0932695
W-1/RB2in/8,Backward,9200,0.0709617
W-1/RB2out/8,Forward,9200,0.20647
W-1/RB1out/8,Forward,9200,0.181731
W-1/RB1in/8,Forward,9200,0.125761
W-1/RB1out/8,Backward,9200,0.0599828
W-1/RB1in/8,Backward,9200,0.084935
W-1/RB4/9,Forward,9200,0.103778
W-1/RB3/9+,Forward,9200,0.124141
W-1/RB3/9-,Forward,9200,0.00863133
W-1/RB4/9,Backward,9200,0.13786
W-1/RB3/9+,Backward,9200,0.180168
W-1/RB3/9-,Backward,9200,0.00875309
W-1/RB2in/9,Forward,9200,0.0745321
W-1/RB2in/9,Central,9200,0.0641996
W-1/RB2in/9,Backward,9200,0.0949249
W-1/RB2out/9,Forward,9200,0.0434478
W-1/RB1out/9,Forward,9200,0.0457852
W-1/RB1in/9,Forward,9200,0.175762
W-1/RB2out/9,Backward,9200,0.0451016
W-1/RB1out/9,Backward,9200,0.0456964
W-1/RB1in/9,Backward,9200,0.0268571
W-1/RB2out/11,Backward,9200,0.0589331
W-1/RB4/1+,Forward,9200,0.108936
W-1/RB4/1-,Forward,9200,0.100029
W-1/RB3/1+,Forward,9200,0.0835167
W-1/RB3/1-,Forward,9200,0.235139
W-1/RB4/1+,Backward,9200,0.103108
W-1/RB4/1-,Backward,9200,0.0332872
W-1/RB3/1+,Backward,9200,0.077982
W-1/RB3/1-,Backward,9200,0.127887
W-1/RB2in/1,Forward,9200,0.0498162
W-1/RB2in/1,Central,9200,0.864558
W-1/RB2in/1,Backward,9200,0.0243869
W-1/RB2out/1,Forward,9200,0.0357759
W-1/RB1out/1,Forward,9200,0.0364903
W-1/RB1in/1,Forward,9200,0.0332336
W-1/RB2out/1,Backward,9200,0.0296936
W-1/RB1out/1,Backward,9200,0.0131517
W-1/RB1in/1,Backward,9200,0.0155917
W-1/RB4/2+,Forward,9200,0.112974
W-1/RB4/2-,Forward,9200,0.0482184
W-1/RB3/2+,Forward,9200,0.0575538
W-1/RB3/2-,Forward,9200,0.0411494
W-1/RB4/2+,Backward,9200,0.0929232
W-1/RB4/2-,Backward,9200,0.0304694
W-1/RB3/2+,Backward,9200,0.0354539
W-1/RB3/2-,Backward,9200,0.0450697
W-1/RB2in/2,Forward,9200,0.0680922
W-1/RB2in/2,Central,9200,0.105311
W-1/RB2in/2,Backward,9200,0.0662967
W-1/RB2out/2,Forward,9200,0.0547744
W-1/RB1out/2,Forward,9200,0.617018
W-1/RB1in/2,Forward,9200,0.31099
W-1/RB2out/2,Backward,9200,0.0260803
W-1/RB1out/2,Backward,9200,0.609506
W-1/RB1in/2,Backward,9200,0.172007
W-1/RB4/3+,Forward,9200,0.0535061
W-1/RB4/3-,Forward,9200,0.0462223
W-1/RB3/3+,Forward,9200,0.0412035
W-1/RB3/3-,Forward,9200,0.0372728
W-1/RB4/3+,Backward,9200,0.0676332
W-1/RB4/3-,Backward,9200,0.0581713
W-1/RB3/3+,Backward,9200,0.0280484
W-1/RB3/3-,Backward,9200,0.0271603
W-1/RB2in/3,Forward,9200,0.0598103
W-1/RB2in/3,Central,9200,0.054339
W-1/RB2in/3,Backward,9200,0.0361176
W-1/RB2out/3,Forward,9200,0.0331304
W-1/RB1out/3,Forward,9200,0.0755126
W-1/RB1in/3,Forward,9200,0.0281368
W-1/RB2out/3,Backward,9200,0.0299866
W-1/RB1out/3,Backward,9200,0.0329452
W-1/RB1in/3,Backward,9200,0.0379318
W-1/RB4/10+,Forward,9200,0.106347
W-1/RB4/10-,Forward,9200,0.0588638
W-1/RB3/10+,Forward,9200,0.198825
W-1/RB3/10-,Forward,9200,0.0512846
W-1/RB4/10+,Backward,9200,0.0610651
W-1/RB4/10-,Backward,9200,0.0665662
W-1/RB3/10+,Backward,9200,0.265562
W-1/RB3/10-,Backward,9200,0.0408855
W-1/RB2in/10,Forward,9200,0.0337743
W-1/RB2in/10,Central,9200,0.029296
W-1/RB2in/10,Backward,9200,0.0277823
W-1/RB2out/10,Forward,9200,0.0461107
W-1/RB1out/10,Forward,9200,0.106876
W-1/RB1in/10,Forward,9200,0.0397415
W-1/RB2out/10,Backward,9200,0.0351631
W-1/RB1out/10,Backward,9200,0.14623
W-1/RB1in/10,Backward,9200,0.026588
W-1/RB4/11,Forward,9200,0.0422516
W-1/RB3/11+,Forward,9200,0.0819204
W-1/RB3/11-,Forward,9200,0.0457938
W-1/RB4/11,Backward,9200,0.0387472
W-1/RB3/11+,Backward,9200,0.00054672
W-1/RB3/11-,Backward,9200,0.0356117
W-1/RB2in/11,Forward,9200,0.0410597
W-1/RB2in/11,Central,9200,0.10974
W-1/RB2in/11,Backward,9200,0.037951
W-1/RB2out/11,Forward,9200,0.0659886
W-1/RB1out/11,Forward,9200,0.192753
W-1/RB1in/11,Forward,9200,0.0539657
W-1/RB1out/11,Backward,9200,0.785875
W-1/RB1in/11,Backward,9200,0.091625
W-1/RB4/12+,Forward,9200,1.27812
W-1/RB4/12-,Forward,9200,0.165575
W-1/RB3/12+,Forward,9200,0.0378447
W-1/RB3/12-,Forward,9200,0.062234
W-1/RB4/12+,Backward,9200,0.889886
W-1/RB4/12-,Backward,9200,0.131356
W-1/RB3/12+,Backward,9200,0.0383376
W-1/RB3/12-,Backward,9200,0.0539043
W-1/RB2in/12,Forward,9200,0.0831979
W-1/RB2in/12,Central,9200,0.129562
W-1/RB2in/12,Backward,9200,0.127153
W-1/RB2out/12,Forward,9200,0.12348
W-1/RB1out/12,Forward,9200,0.0187593
W-1/RB1in/12,Forward,9200,0.0656319
W-1/RB2out/12,Backward,9200,0.139891
W-1/RB1out/12,Backward,9200,0.0278824
W-1/RB1in/12,Backward,9200,0.0345684
W-2/RB2in/8,Backward,9200,0.207718
W-2/RB4/4++,Forward,9200,0.0205652
W-2/RB4/4+,Forward,9200,0.0508883
W-2/RB4/4-,Forward,9200,0.0433671
W-2/RB4/4--,Forward,9200,0.160927
W-2/RB3/4+,Forward,9200,0.0157388
W-2/RB3/4-,Forward,9200,0.0591244
W-2/RB4/4++,Backward,9200,0.0217741
W-2/RB4/4+,Backward,9200,0.0520322
W-2/RB4/4-,Backward,9200,0.0548678
W-2/RB4/4--,Backward,9200,0.169847
W-2/RB3/4+,Backward,9200,0.0207365
W-2/RB3/4-,Backward,9200,0.0515949
W-2/RB2out/4,Forward,9200,0.0788233
W-2/RB2out/4,Central,9200,0.0725304
W-2/RB2out/4,Backward,9200,0.0687832
W-2/RB2in/4,Forward,9200,0.131892
W-2/RB1out/4,Forward,9200,0.0692249
W-2/RB1in/4,Forward,9200,0.0478592
W-2/RB2in/4,Backward,9200,0.196302
W-2/RB1out/4,Backward,9200,4.47562
W-2/RB1in/4,Backward,9200,0.0379894
W-2/RB4/5+,Forward,9200,0.0309672
W-2/RB4/5-,Forward,9200,0.0280256
W-2/RB3/5+,Forward,9200,0.049167
W-2/RB3/5-,Forward,9200,0.0367457
W-2/RB4/5+,Backward,9200,0.00555902
W-2/RB4/5-,Backward,9200,0.0314648
W-2/RB3/5+,Backward,9200,0.0443575
W-2/RB3/5-,Backward,9200,0.0205995
W-2/RB2out/5,Forward,9200,0.0888183
W-2/RB2out/5,Central,9200,0.0709488
W-2/RB2out/5,Backward,9200,0.0629259
W-2/RB2in/5,Forward,9200,0.0689624
W-2/RB1out/5,Forward,9200,0.0329171
W-2/RB1in/5,Forward,9200,0.0572715
W-2/RB2in/5,Backward,9200,0.00211854
W-2/RB1out/5,Backward,9200,0.02116
W-2/RB1in/5,Backward,9200,0.0304703
W-2/RB4/6+,Forward,9200,0.341013
W-2/RB4/6-,Forward,9200,0.0762286
W-2/RB3/6+,Forward,9200,0.0411234
W-2/RB3/6-,Forward,9200,0.0454987
W-2/RB4/6+,Backward,9200,0.337011
W-2/RB4/6-,Backward,9200,0.0198758
W-2/RB3/6+,Backward,9200,0.0219802
W-2/RB3/6-,Backward,9200,0.0436512
W-2/RB2out/6,Forward,9200,0.063671
W-2/RB2out/6,Central,9200,0.0677807
W-2/RB2out/6,Backward,9200,0.0467229
W-2/RB2in/6,Forward,9200,0.116577
W-2/RB1out/6,Forward,9200,0.239714
W-2/RB1in/6,Forward,9200,0.0292721
W-2/RB2in/6,Backward,9200,0.128577
W-2/RB1out/6,Backward,9200,0.0314199
W-2/RB1in/6,Backward,9200,0.0290092
W-2/RB4/7+,Forward,9200,0.0581345
W-2/RB4/7-,Forward,9200,0.0418101
W-2/RB3/7+,Forward,9200,0.124189
W-2/RB3/7-,Forward,9200,0.0511704
W-2/RB4/7+,Backward,9200,0.0320061
W-2/RB4/7-,Backward,9200,0.0187822
W-2/RB3/7+,Backward,9200,0.139491
W-2/RB3/7-,Backward,9200,0.0447633
W-2/RB2out/7,Forward,9200,0.0377756
W-2/RB2out/7,Central,9200,0.0565463
W-2/RB2out/7,Backward,9200,0.0319669
W-2/RB2in/7,Forward,9200,0.433309
W-2/RB1out/7,Forward,9200,0.0242982
W-2/RB1in/7,Forward,9200,0.0741892
W-2/RB2in/7,Backward,9200,0.136249
W-2/RB1out/7,Backward,9200,0.0115432
W-2/RB1in/7,Backward,9200,0.111899
W-2/RB4/8+,Forward,9200,0.0370151
W-2/RB4/8-,Forward,9200,0.056112
W-2/RB3/8+,Forward,9200,0.0475613
W-2/RB3/8-,Forward,9200,0.08732
W-2/RB4/8+,Backward,9200,0.142958
W-2/RB4/8-,Backward,9200,0.103695
W-2/RB3/8+,Backward,9200,1.01915
W-2/RB3/8-,Backward,9200,0.0526571
W-2/RB2out/8,Forward,9200,0.0973728
W-2/RB2out/8,Central,9200,0.213069
W-2/RB2out/8,Backward,9200,0.0561949
W-2/RB2in/8,Forward,9200,0.143495
W-2/RB1out/8,Forward,9200,0.624108
W-2/RB1in/8,Forward,9200,0.0239739
W-2/RB1out/8,Backward,9200,0.112515
W-2/RB1in/8,Backward,9200,0.0114989
W-2/RB4/9,Forward,9200,0.0913629
W-2/RB3/9+,Forward,9200,0.0661403
W-2/RB3/9-,Forward,9200,0.0895367
W-2/RB4/9,Backward,9200,0.0820015
W-2/RB3/9+,Backward,9200,0.0422282
W-2/RB3/9-,Backward,9200,0.0511834
W-2/RB2out/9,Forward,9200,0.0586062
W-2/RB2out/9,Central,9200,0.0339511
W-2/RB2out/9,Backward,9200,0.0403341
W-2/RB2in/9,Forward,9200,0.235617
W-2/RB1out/9,Forward,9200,0.0949096
W-2/RB1in/9,Forward,9200,0.0187599
W-2/RB2in/9,Backward,9200,0.104608
W-2/RB1out/9,Backward,9200,0.0363498
W-2/RB1in/9,Backward,9200,3.02292
W-2/RB2in/11,Backward,9200,0.11405
W-2/RB4/1+,Forward,9200,0.0358872
W-2/RB4/1-,Forward,9200,0.0347193
W-2/RB3/1+,Forward,9200,0.0541284
W-2/RB3/1-,Forward,9200,0.0477212
W-2/RB4/1+,Backward,9200,0.0341706
W-2/RB4/1-,Backward,9200,0.0570985
W-2/RB3/1+,Backward,9200,0.0857232
W-2/RB3/1-,Backward,9200,0.0649574
W-2/RB2out/1,Forward,9200,0.0518379
W-2/RB2out/1,Central,9200,0.137627
W-2/RB2out/1,Backward,9200,0.0466398
W-2/RB2in/1,Forward,9200,0.101236
W-2/RB1out/1,Forward,9200,0.0409977
W-2/RB1in/1,Forward,9200,0.0185111
W-2/RB2in/1,Backward,9200,0.0635494
W-2/RB1out/1,Backward,9200,0.0158378
W-2/RB1in/1,Backward,9200,0.0212909
W-2/RB4/2+,Forward,9200,0.341837
W-2/RB4/2-,Forward,9200,0.314916
W-2/RB3/2+,Forward,9200,0.0384505
W-2/RB3/2-,Forward,9200,0.123322
W-2/RB4/2+,Backward,9200,0.177039
W-2/RB4/2-,Backward,9200,0.216941
W-2/RB3/2+,Backward,9200,0.0505495
W-2/RB3/2-,Backward,9200,0.0362605
W-2/RB2out/2,Forward,9200,0.0644137
W-2/RB2out/2,Central,9200,0.0591141
W-2/RB2out/2,Backward,9200,0.0658305
W-2/RB2in/2,Forward,9200,0.0167775
W-2/RB1out/2,Forward,9200,0.0913563
W-2/RB1in/2,Forward,9200,0.0382893
W-2/RB2in/2,Backward,9200,0.0228087
W-2/RB1out/2,Backward,9200,0.046652
W-2/RB1in/2,Backward,9200,0.0175617
W-2/RB4/3+,Forward,9200,0.133813
W-2/RB4/3-,Forward,9200,0.595315
W-2/RB3/3+,Forward,9200,0.0776716
W-2/RB3/3-,Forward,9200,0.0626047
W-2/RB4/3+,Backward,9200,0.112811
W-2/RB4/3-,Backward,9200,1.49929
W-2/RB3/3+,Backward,9200,0.0852704
W-2/RB3/3-,Backward,9200,0.0440756
W-2/RB2out/3,Forward,9200,0.0693085
W-2/RB2out/3,Central,9200,0.119805
W-2/RB2out/3,Backward,9200,0.0836611
W-2/RB2in/3,Forward,9200,0.243738
W-2/RB1out/3,Forward,9200,0.0501479
W-2/RB1in/3,Forward,9200,0.156826
W-2/RB2in/3,Backward,9200,0.143335
W-2/RB1out/3,Backward,9200,0.042977
W-2/RB1in/3,Backward,9200,0.12702
W-2/RB4/10+,Forward,9200,0.0403933
W-2/RB4/10-,Forward,9200,0.0582555
W-2/RB3/10+,Forward,9200,0.0216258
W-2/RB3/10-,Forward,9200,0.126993
W-2/RB4/10+,Backward,9200,0.0222136
W-2/RB4/10-,Backward,9200,0.0887192
W-2/RB3/10+,Backward,9200,0.0203576
W-2/RB3/10-,Backward,9200,0.0652424
W-2/RB2out/10,Forward,9200,0.172959
W-2/RB2out/10,Central,9200,0.159609
W-2/RB2out/10,Backward,9200,0.109717
W-2/RB2in/10,Forward,9200,0.0402658
W-2/RB1out/10,Forward,9200,0.122238
W-2/RB1in/10,Forward,9200,0.0307447
W-2/RB2in/10,Backward,9200,0.0414221
W-2/RB1out/10,Backward,9200,0.0659953
W-2/RB1in/10,Backward,9200,0.0312953
W-2/RB4/11,Forward,9200,0.0377167
W-2/RB3/11+,Forward,9200,0.343477
W-2/RB3/11-,Forward,9200,0.0456156
W-2/RB4/11,Backward,9200,0.0153065
W-2/RB3/11+,Backward,9200,0.135433
W-2/RB3/11-,Backward,9200,0.0573656
W-2/RB2out/11,Forward,9200,0.0524946
W-2/RB2out/11,Central,9200,0.127046
W-2/RB2out/11,Backward,9200,0.088226
W-2/RB2in/11,Forward,9200,0.115171
W-2/RB1out/11,Forward,9200,0.0955817
W-2/RB1in/11,Forward,9200,0.110477
W-2/RB1out/11,Backward,9200,0.067062
W-2/RB1in/11,Backward,9200,0.0675176
W-2/RB4/12+,Forward,9200,0.105072
W-2/RB4/12-,Forward,9200,0.0547637
W-2/RB3/12+,Forward,9200,0.0463938
W-2/RB3/12-,Forward,9200,0.0594513
W-2/RB4/12+,Backward,9200,0.130195
W-2/RB4/12-,Backward,9200,0.0299783
W-2/RB3/12+,Backward,9200,0.0565639
W-2/RB3/12-,Backward,9200,0.072104
W-2/RB2out/12,Forward,9200,0.0618158
W-2/RB2out/12,Central,9200,0.0750822
W-2/RB2out/12,Backward,9200,0.10417
W-2/RB2in/12,Forward,9200,0.237063
W-2/RB1out/12,Forward,9200,0
W-2/RB1in/12,Forward,9200,0.270825
W-2/RB2in/12,Backward,9200,0.250853
W-2/RB1out/12,Backward,9200,0
W-2/RB1in/12,Backward,9200,0.35139
W0/RB2out/8,Backward,9200,0.259827
W0/RB4/4+,Forward,9200,0.0688179
W0/RB4/4++,Forward,9200,0.0519435
W0/RB4/4--,Forward,9200,0.120459
W0/RB4/4-,Forward,9200,0.0671234
W0/RB3/4+,Forward,9200,0.136024
W0/RB3/4-,Forward,9200,0.0940761
W0/RB4/4+,Backward,9200,0.0525335
W0/RB4/4++,Backward,9200,0.0898709
W0/RB4/4--,Backward,9200,0.0967474
W0/RB4/4-,Backward,9200,0.049616
W0/RB3/4+,Backward,9200,0.144912
W0/RB3/4-,Backward,9200,0.104984
W0/RB2in/4,Forward,9200,0.124173
W0/RB2in/4,Central,9200,0.218742
W0/RB2in/4,Backward,9200,0.325239
W0/RB2out/4,Forward,9200,0.0560823
W0/RB1out/4,Forward,9200,0.0533741
W0/RB1in/4,Forward,9200,0.0519352
W0/RB2out/4,Backward,9200,0.0266687
W0/RB1out/4,Backward,9200,0.062336
W0/RB1in/4,Backward,9200,0.0491223
W0/RB4/5+,Forward,9200,0.102009
W0/RB4/5-,Forward,9200,0.0655255
W0/RB3/5+,Forward,9200,0.0680664
W0/RB3/5-,Forward,9200,0.0284252
W0/RB4/5+,Backward,9200,0.0999082
W0/RB4/5-,Backward,9200,0.0849984
W0/RB3/5+,Backward,9200,0.0375508
W0/RB3/5-,Backward,9200,0.0266924
W0/RB2in/5,Forward,9200,8.6777
W0/RB2in/5,Central,9200,0.108224
W0/RB2in/5,Backward,9200,0.0794056
W0/RB2out/5,Forward,9200,0.0634387
W0/RB1out/5,Forward,9200,0.446765
W0/RB1in/5,Forward,9200,1.39294
W0/RB2out/5,Backward,9200,0.0648256
W0/RB1out/5,Backward,9200,1.66159
W0/RB1in/5,Backward,9200,0.330829
W0/RB4/6-,Forward,9200,0.0360308
W0/RB4/6+,Forward,9200,0.0484314
W0/RB3/6-,Forward,9200,0.0266285
W0/RB3/6+,Forward,9200,0.197162
W0/RB4/6-,Backward,9200,0.0332762
W0/RB4/6+,Backward,9200,0.0507085
W0/RB3/6-,Backward,9200,0.0388473
W0/RB3/6+,Backward,9200,0.0318614
W0/RB2in/6,Forward,9200,0.0562374
W0/RB2in/6,Central,9200,0.119312
W0/RB2in/6,Backward,9200,0.0973046
W0/RB2out/6,Forward,9200,0.274158
W0/RB1out/6,Forward,9200,0.149312
W0/RB1in/6,Forward,9200,0.035181
W0/RB2out/6,Backward,9200,0.280044
W0/RB1out/6,Backward,9200,0.0294847
W0/RB1in/6,Backward,9200,0.0289675
W0/RB4/7-,Forward,9200,0.0067939
W0/RB4/7+,Forward,9200,0.0198392
W0/RB3/7-,Forward,9200,0.0996218
W0/RB3/7+,Forward,9200,0.162623
W0/RB4/7-,Backward,9200,0.00666978
W0/RB4/7+,Backward,9200,0.0195873
W0/RB3/7-,Backward,9200,0.0259403
W0/RB3/7+,Backward,9200,0.055158
W0/RB2in/7,Forward,9200,0.282932
W0/RB2in/7,Central,9200,0.0698867
W0/RB2in/7,Backward,9200,0.0244544
W0/RB2out/7,Forward,9200,0.0950631
W0/RB1out/7,Forward,9200,0.0188969
W0/RB1in/7,Forward,9200,0.0113811
W0/RB2out/7,Backward,9200,0.028369
W0/RB1out/7,Backward,9200,0.0120327
W0/RB1in/7,Backward,9200,0.057899
W0/RB4/8+,Forward,9200,0.0427015
W0/RB4/8-,Forward,9200,0.0640701
W0/RB3/8+,Forward,9200,0.0251816
W0/RB3/8-,Forward,9200,0.602952
W0/RB4/8+,Backward,9200,0.029261
W0/RB4/8-,Backward,9200,0.0659461
W0/RB3/8+,Backward,9200,0.119066
W0/RB3/8-,Backward,9200,0.90119
W0/RB2in/8,Forward,9200,0.154085
W0/RB2in/8,Central,9200,0.150453
W0/RB2in/8,Backward,9200,0.0857144
W0/RB2out/8,Forward,9200,2.483
W0/RB1out/8,Forward,9200,0.0423039
W0/RB1in/8,Forward,9200,0.0333626
W0/RB1out/8,Backward,9200,0.0182619
W0/RB1in/8,Backward,9200,0.0332644
W0/RB4/9,Forward,9200,6.78398
W0/RB3/9+,Forward,9200,0.0571817
W0/RB3/9-,Forward,9200,0.0651418
W0/RB4/9,Backward,9200,7.3677
W0/RB3/9+,Backward,9200,0.0460258
W0/RB3/9-,Backward,9200,0.0820783
W0/RB2in/9,Forward,9200,0.14494
W0/RB2in/9,Central,9200,0.0450482
W0/RB2in/9,Backward,9200,0.0403076
W0/RB2out/9,Forward,9200,0.0863007
W0/RB1out/9,Forward,9200,0.0320357
W0/RB1in/9,Forward,9200,0.117303
W0/RB2out/9,Backward,9200,0.139193
W0/RB1out/9,Backward,9200,0.0298859
W0/RB1in/9,Backward,9200,0.147903
W0/RB2out/11,Backward,9200,0.134135
W0/RB4/1+,Forward,9200,0.0297855
W0/RB4/1-,Forward,9200,0.0212508
W0/RB3/1+,Forward,9200,0.301644
W0/RB3/1-,Forward,9200,0.0798174
W0/RB4/1+,Backward,9200,0.037766
W0/RB4/1-,Backward,9200,0.0524746
W0/RB3/1+,Backward,9200,0.121725
W0/RB3/1-,Backward,9200,0.0307665
W0/RB2in/1,Forward,9200,0.088949
W0/RB2in/1,Central,9200,0.0320927
W0/RB2in/1,Backward,9200,0.0223878
W0/RB2out/1,Forward,9200,0.0347131
W0/RB1out/1,Forward,9200,0.0524959
W0/RB1in/1,Forward,9200,0.0091343
W0/RB2out/1,Backward,9200,0.0103724
W0/RB1out/1,Backward,9200,0.0154624
W0/RB1in/1,Backward,9200,0.00572172
W0/RB4/2-,Forward,9200,0.131696
W0/RB4/2+,Forward,9200,0.089849
W0/RB3/2-,Forward,9200,0.304761
W0/RB3/2+,Forward,9200,0.101315
W0/RB4/2-,Backward,9200,0.0919011
W0/RB4/2+,Backward,9200,0.0766795
W0/RB3/2-,Backward,9200,0.0847076
W0/RB3/2+,Backward,9200,0.0557185
W0/RB2in/2,Forward,9200,0.0826676
W0/RB2in/2,Central,9200,0.225207
W0/RB2in/2,Backward,9200,0.0699879
W0/RB2out/2,Forward,9200,0.0715591
W0/RB1out/2,Forward,9200,0.0986621
W0/RB1in/2,Forward,9200,0.0981274
W0/RB2out/2,Backward,9200,0.0575195
W0/RB1out/2,Backward,9200,0.0638058
W0/RB1in/2,Backward,9200,0.255701
W0/RB4/3-,Forward,9200,0.0773744
W0/RB4/3+,Forward,9200,0.0666991
W0/RB3/3-,Forward,9200,0.0833642
W0/RB3/3+,Forward,9200,1.89116
W0/RB4/3-,Backward,9200,0.0492276
W0/RB4/3+,Backward,9200,0.0544826
W0/RB3/3-,Backward,9200,0.0605096
W0/RB3/3+,Backward,9200,0.0706312
W0/RB2in/3,Forward,9200,0.141959
W0/RB2in/3,Central,9200,0.072061
W0/RB2in/3,Backward,9200,0.0704765
W0/RB2out/3,Forward,9200,0.0172995
W0/RB1out/3,Forward,9200,0.0541481
W0/RB1in/3,Forward,9200,0.0321848
W0/RB2out/3,Backward,9200,0.162202
W0/RB1out/3,Backward,9200,0.0356869
W0/RB1in/3,Backward,9200,0.0454729
W0/RB4/10-,Forward,9200,0.0308994
W0/RB4/10+,Forward,9200,0.0205553
W0/RB3/10-,Forward,9200,0.148996
W0/RB3/10+,Forward,9200,0.0901151
W0/RB4/10-,Backward,9200,0.0283405
W0/RB4/10+,Backward,9200,0.0203529
W0/RB3/10-,Backward,9200,0.0404635
W0/RB3/10+,Backward,9200,0.0440124
W0/RB2in/10,Forward,9200,0.109746
W0/RB2in/10,Central,9200,0.127332
W0/RB2in/10,Backward,9200,0.0806819
W0/RB2out/10,Forward,9200,0.0734199
W0/RB1out/10,Forward,9200,0.0496588
W0/RB1in/10,Forward,9200,0.0582417
W0/RB2out/10,Backward,9200,0.0397641
W0/RB1out/10,Backward,9200,0.0452842
W0/RB1in/10,Backward,9200,0.0298862
W0/RB4/11,Forward,9200,0.0962305
W0/RB3/11-,Forward,9200,0.0329728
W0/RB3/11+,Forward,9200,0.0439904
W0/RB4/11,Backward,9200,0.0542455
W0/RB3/11-,Backward,9200,0.0400436
W0/RB3/11+,Backward,9200,0.038909
W0/RB2in/11,Forward,9200,0.259543
W0/RB2in/11,Central,9200,0.0965901
W0/RB2in/11,Backward,9200,0.0418954
W0/RB2out/11,Forward,9200,0.158331
W0/RB1out/11,Forward,9200,0.109174
W0/RB1in/11,Forward,9200,0.19203
W0/RB1out/11,Backward,9200,0.0635999
W0/RB1in/11,Backward,9200,0.124884
W0/RB4/12+,Forward,9200,0.0507584
W0/RB4/12-,Forward,9200,0.0979051
W0/RB3/12+,Forward,9200,0.126005
W0/RB3/12-,Forward,9200,0.0489855
W0/RB4/12+,Backward,9200,0.0596754
W0/RB4/12-,Backward,9200,0.128358
W0/RB3/12+,Backward,9200,0.124776
W0/RB3/12-,Backward,9200,0.0600782
W0/RB2in/12,Forward,9200,0.0613059
W0/RB2in/12,Central,9200,0.130328
W0/RB2in/12,Backward,9200,0.0641241
W0/RB2out/12,Forward,9200,0.230023
W0/RB1out/12,Forward,9200,0.0835893
W0/RB1in/12,Forward,9200,0.0895195
W0/RB2out/12,Backward,9200,0.171003
W0/RB1out/12,Backward,9200,0.0330483
W0/RB1in/12,Backward,9200,0.0395182
RE-1/3/25,A,9200,0.0487819
RE-1/3/25,B,9200,0.047745
RE-1/3/25,C,9200,0.0251618
RE-1/2/9,A,9200,0.0576202
RE-1/2/9,B,9200,0.0513271
RE-1/2/9,C,9200,0.036459
RE-1/2/10,A,9200,0.0405396
RE-1/2/10,B,9200,0.0627203
RE-1/2/10,C,9200,0.0328039
RE-1/2/11,A,9200,0.0606857
RE-1/2/11,B,9200,0.0655449
RE-1/2/11,C,9200,0.037751
RE-1/3/9,A,9200,0.0487373
RE-1/3/9,B,9200,0.0558555
RE-1/3/9,C,9200,0.0418795
RE-1/3/10,A,9200,0
RE-1/3/10,B,9200,0.0392917
RE-1/3/10,C,9200,0.0418831
RE-1/3/11,A,9200,0.0517271
RE-1/3/11,B,9200,0.0679138
RE-1/3/11,C,9200,0.0959424
RE-2/2/11,A,9200,0.072284
RE-2/2/11,B,9200,0.0995986
RE-2/2/11,C,9200,0.0763026
RE-2/2/12,A,9200,0.117127
RE-2/2/12,B,9200,0.177731
RE-2/2/12,C,9200,0.0944861
RE-2/2/13,A,9200,0.0737015
RE-2/2/13,B,9200,6.51821
RE-2/2/13,C,9200,0.0896905
RE-2/3/11,A,9200,0.0827728
RE-2/3/11,B,9200,0.0829865
RE-2/3/11,C,9200,0.0627562
RE-2/3/12,A,9200,0.069572
RE-2/3/12,B,9200,0.117323
RE-2/3/12,C,9200,0.109245
RE-2/3/13,A,9200,0.0892203
RE-2/3/13,B,9200,0.0841531
RE-2/3/13,C,9200,0.0696802
RE-1/2/12,A,9200,0.0556069
RE-1/2/12,B,9200,0.0403518
RE-1/2/12,C,9200,0.0409457
RE-1/2/13,A,9200,0.0447211
RE-1/2/13,B,9200,0.0409475
RE-1/2/13,C,9200,0.0493169
RE-1/2/14,A,9200,0.0572958
RE-1/2/14,B,9200,0.108941
RE-1/2/14,C,9200,0.054304
RE-1/3/12,A,9200,0.0401052
RE-1/3/12,B,9200,0.035328
RE-1/3/12,C,9200,0.014695
RE-1/3/13,A,9200,0.0389925
RE-1/3/13,B,9200,0.073689
RE-1/3/13,C,9200,0.0674828
RE-1/3/14,A,9200,0.0577898
RE-1/3/14,B,9200,0.0460333
RE-1/3/14,C,9200,0.0342642
RE-2/2/14,A,9200,0.0670368
RE-2/2/14,B,9200,0.102244
RE-2/2/14,C,9200,0.0572199
RE-2/2/15,A,9200,0.103689
RE-2/2/15,B,9200,0.128423
RE-2/2/15,C,9200,0.0934728
RE-2/2/16,A,9200,0.0977036
RE-2/2/16,B,9200,0.12297
RE-2/2/16,C,9200,0.110704
RE-2/3/14,A,9200,0.0585149
RE-2/3/14,B,9200,0.0666236
RE-2/3/14,C,9200,0.0397188
RE-2/3/15,A,9200,0.0618458
RE-2/3/15,B,9200,0.0749271
RE-2/3/15,C,9200,0.0650117
RE-2/3/16,A,9200,0.0562246
RE-2/3/16,B,9200,0.0612354
RE-2/3/16,C,9200,0.081863
RE-1/2/15,A,9200,0.14476
RE-1/2/15,B,9200,0.167794
RE-1/2/15,C,9200,0.127596
RE-1/2/16,A,9200,1.9231
RE-1/2/16,B,9200,0.0804012
RE-1/2/16,C,9200,0.0580108
RE-1/2/17,A,9200,0.0530313
RE-1/2/17,B,9200,0.0494592
RE-1/2/17,C,9200,0.0226112
RE-1/3/15,A,9200,0.0422217
RE-1/3/15,B,9200,0.0291452
RE-1/3/15,C,9200,0.0245694
RE-1/3/16,A,9200,0.0320719
RE-1/3/16,B,9200,0.0322985
RE-1/3/16,C,9200,0.0208164
RE-1/3/17,A,9200,0.0238331
RE-1/3/17,B,9200,0.0173227
RE-1/3/17,C,9200,0.0159022
RE-2/2/17,A,9200,0.0671245
RE-2/2/17,B,9200,0.0946315
RE-2/2/17,C,9200,0.0513775
RE-2/2/18,A,9200,0.0856703
RE-2/2/18,B,9200,0.104585
RE-2/2/18,C,9200,0.0697535
RE-2/2/19,A,9200,0.125645
RE-2/2/19,B,9200,0.138316
RE-2/2/19,C,9200,0.0970825
RE-2/3/17,A,9200,0.106557
RE-2/3/17,B,9200,0.106538
RE-2/3/17,C,9200,0.126896
RE-2/3/18,A,9200,0.0627788
RE-2/3/18,B,9200,0.091866
RE-2/3/18,C,9200,0.0739311
RE-2/3/19,A,9200,0.0767263
RE-2/3/19,B,9200,0.0965077
RE-2/3/19,C,9200,0.0925076
RE-1/2/18,A,9200,0.0281053
RE-1/2/18,B,9200,0.0486881
RE-1/2/18,C,9200,0.2192
RE-1/2/19,A,9200,0.0432575
RE-1/2/19,B,9200,0.0764621
RE-1/2/19,C,9200,0.056552
RE-1/2/20,A,9200,0.0689566
RE-1/2/20,B,9200,0.0804402
RE-1/2/20,C,9200,0.151387
RE-1/3/18,A,9200,0.0353957
RE-1/3/18,B,9200,0.0451868
RE-1/3/18,C,9200,0.0266272
RE-1/3/19,A,9200,0.421651
RE-1/3/19,B,9200,0.113012
RE-1/3/19,C,9200,0.116204
RE-1/3/20,A,9200,0.0390865
RE-1/3/20,B,9200,0.0294394
RE-1/3/20,C,9200,0.0239436
RE-2/2/20,A,9200,0.0515321
RE-2/2/20,B,9200,0.0686397
RE-2/2/20,C,9200,0.0568926
RE-2/2/21,A,9200,0.249653
RE-2/2/21,B,9200,0.13868
RE-2/2/21,C,9200,0.0817659
RE-2/2/22,A,9200,0.133674
RE-2/2/22,B,9200,0.159655
RE-2/2/22,C,9200,0.141477
RE-2/3/20,A,9200,0.0962794
RE-2/3/20,B,9200,0.108654
RE-2/3/20,C,9200,0.0843586
RE-2/3/21,A,9200,0.0661586
RE-2/3/21,B,9200,0.0795545
RE-2/3/21,C,9200,0.0767285
RE-2/3/22,A,9200,0.102592
RE-2/3/22,B,9200,0.124611
RE-2/3/22,C,9200,0.122091
RE-1/2/21,A,9200,0.0570098
RE-1/2/21,B,9200,0.0489334
RE-1/2/21,C,9200,0.0422053
RE-1/2/22,A,9200,0.0321673
RE-1/2/22,B,9200,0.0440675
RE-1/2/22,C,9200,0.0358154
RE-1/2/23,A,9200,0.0297821
RE-1/2/23,B,9200,0.0433728
RE-1/2/23,C,9200,0.0325571
RE-1/3/21,A,9200,0.0289852
RE-1/3/21,B,9200,0.0247554
RE-1/3/21,C,9200,0.0250727
RE-1/3/22,A,9200,0.0446131
RE-1/3/22,B,9200,0.0432508
RE-1/3/22,C,9200,0.0364851
RE-1/3/23,A,9200,0.0552209
RE-1/3/23,B,9200,0.0275418
RE-1/3/23,C,9200,0.0129863
RE-2/2/23,A,9200,0.0820495
RE-2/2/23,B,9200,0.0862014
RE-2/2/23,C,9200,0.0887817
RE-2/2/24,A,9200,0.0780015
RE-2/2/24,B,9200,0.135235
RE-2/2/24,C,9200,0.114935
RE-2/2/25,A,9200,0.132363
RE-2/2/25,B,9200,0.125484
RE-2/2/25,C,9200,0.089127
RE-2/3/23,A,9200,0.116327
RE-2/3/23,B,9200,0.137274
RE-2/3/23,C,9200,0.0888307
RE-2/3/24,A,9200,0.0908754
RE-2/3/24,B,9200,0.140487
RE-2/3/24,C,9200,0.120758
RE-2/3/25,A,9200,0.103743
RE-2/3/25,B,9200,0.0841826
RE-2/3/25,C,9200,0.0649836
RE-1/2/24,A,9200,0.036216
RE-1/2/24,B,9200,0.0552166
RE-1/2/24,C,9200,0.0396217
RE-1/2/25,A,9200,0.0585087
RE-1/2/25,B,9200,0.0579668
RE-1/2/25,C,9200,0.0266798
RE-1/2/26,A,9200,0.0451022
RE-1/2/26,B,9200,0.0614329
RE-1/2/26,C,9200,0.0361075
RE-1/3/24,A,9200,0.0988861
RE-1/3/24,B,9200,0.0583366
RE-1/3/24,C,9200,0.0164106
RE-1/3/26,A,9200,0.0552965
RE-1/3/26,B,9200,0.0462574
RE-1/3/26,C,9200,0.0323823
RE-2/2/26,A,9200,0.114428
RE-2/2/26,B,9200,0.111811
RE-2/2/26,C,9200,0.0771586
RE-2/2/27,A,9200,0.284424
RE-2/2/27,B,9200,1.09655
RE-2/2/27,C,9200,0.429524
RE-2/2/28,A,9200,0.214894
RE-2/2/28,B,9200,0.178515
RE-2/2/28,C,9200,0.210241
RE-2/3/26,A,9200,0.0980341
RE-2/3/26,B,9200,0.100044
RE-2/3/26,C,9200,0.131685
RE-2/3/27,A,9200,0.10636
RE-2/3/27,B,9200,0.105563
RE-2/3/27,C,9200,0.392225
RE-2/3/28,A,9200,0.0881571
RE-2/3/28,B,9200,0.115436
RE-2/3/28,C,9200,0.075049
RE-1/3/34,A,9200,0.0594589
RE-1/3/34,B,9200,0.0642249
RE-1/3/34,C,9200,0.0370271
RE-1/2/36,A,9200,0.0528986
RE-1/2/36,B,9200,0.0481677
RE-1/2/36,C,9200,0.0407329
RE-1/2/1,A,9200,0.0757321
RE-1/2/1,B,9200,0.0644208
RE-1/2/1,C,9200,0.0522173
RE-1/2/2,A,9200,0.0501294
RE-1/2/2,B,9200,0.0390945
RE-1/2/2,C,9200,0.0540285
RE-1/3/36,A,9200,0.0858184
RE-1/3/36,B,9200,0.0786521
RE-1/3/36,C,9200,0.0551359
RE-1/3/1,A,9200,0.0373354
RE-1/3/1,B,9200,0.0495981
RE-1/3/1,C,9200,0.0342159
RE-1/3/2,A,9200,0.0253716
RE-1/3/2,B,9200,0.0202795
RE-1/3/2,C,9200,0.0151827
RE-2/2/2,A,9200,0.0777791
RE-2/2/2,B,9200,0.115946
RE-2/2/2,C,9200,0.0758834
RE-2/2/3,A,9200,0.0946409
RE-2/2/3,B,9200,0.12136
RE-2/2/3,C,9200,0.171962
RE-2/2/4,A,9200,0.064151
RE-2/2/4,B,9200,0.123728
RE-2/2/4,C,9200,0.113269
RE-2/3/2,A,9200,0.0782719
RE-2/3/2,B,9200,0.0928485
RE-2/3/2,C,9200,0.0945805
RE-2/3/3,A,9200,0.145106
RE-2/3/3,B,9200,0.144186
RE-2/3/3,C,9200,0.182452
RE-2/3/4,A,9200,0.121366
RE-2/3/4,B,9200,0.140205
RE-2/3/4,C,9200,0.118994
RE-1/2/3,A,9200,0.043747
RE-1/2/3,B,9200,0.0665774
RE-1/2/3,C,9200,0.0549733
RE-1/2/4,A,9200,0.0413885
RE-1/2/4,B,9200,0.042105
RE-1/2/4,C,9200,0.0373683
RE-1/2/5,A,9200,0.32939
RE-1/2/5,B,9200,0.08362
RE-1/2/5,C,9200,0.122311
RE-1/3/3,A,9200,0.06082
RE-1/3/3,B,9200,0.0616827
RE-1/3/3,C,9200,0.0404663
RE-1/3/4,A,9200,0.167954
RE-1/3/4,B,9200,0.0891602
RE-1/3/4,C,9200,0.0701707
RE-1/3/5,A,9200,0.0250138
RE-1/3/5,B,9200,0.0246415
RE-1/3/5,C,9200,0.0273956
RE-2/2/5,A,9200,0.0515734
RE-2/2/5,B,9200,0.0734534
RE-2/2/5,C,9200,0.0702685
RE-2/2/6,A,9200,0.102918
RE-2/2/6,B,9200,0.0975856
RE-2/2/6,C,9200,0.157697
RE-2/2/7,A,9200,0.1463
RE-2/2/7,B,9200,0.14574
RE-2/2/7,C,9200,0.0670792
RE-2/3/5,A,9200,0.127289
RE-2/3/5,B,9200,0.0765845
RE-2/3/5,C,9200,0.0777803
RE-2/3/6,A,9200,0.0828881
RE-2/3/6,B,9200,0.12177
RE-2/3/6,C,9200,0.0992035
RE-2/3/7,A,9200,0.713547
RE-2/3/7,B,9200,0.10414
RE-2/3/7,C,9200,0.0923583
RE-1/2/6,A,9200,0.0960466
RE-1/2/6,B,9200,0.135687
RE-1/2/6,C,9200,0.0501827
RE-1/2/7,A,9200,0.0698423
RE-1/2/7,B,9200,0.101647
RE-1/2/7,C,9200,0.0453535
RE-1/2/8,A,9200,0.116042
RE-1/2/8,B,9200,0.158243
RE-1/2/8,C,9200,0.127393
RE-1/3/6,A,9200,0.0492659
RE-1/3/6,B,9200,0.0424082
RE-1/3/6,C,9200,0.0210537
RE-1/3/7,A,9200,0.0876344
RE-1/3/7,B,9200,0.112683
RE-1/3/7,C,9200,0.100442
RE-1/3/8,A,9200,0.0418797
RE-1/3/8,B,9200,0.0226472
RE-1/3/8,C,9200,0.0168097
RE-2/2/8,A,9200,0.131995
RE-2/2/8,B,9200,0.115996
RE-2/2/8,C,9200,0.0450041
RE-2/2/9,A,9200,0.0717229
RE-2/2/9,B,9200,0.0879377
RE-2/2/9,C,9200,0.0920392
RE-2/2/10,A,9200,0.0982378
RE-2/2/10,B,9200,0.113416
RE-2/2/10,C,9200,0.160405
RE-2/3/8,A,9200,0.0707255
RE-2/3/8,B,9200,0.0950427
RE-2/3/8,C,9200,0.076496
RE-2/3/9,A,9200,0.0827838
RE-2/3/9,B,9200,0.103898
RE-2/3/9,C,9200,0.0900301
RE-2/3/10,A,9200,0.1189
RE-2/3/10,B,9200,0.141095
RE-2/3/10,C,9200,0.108298
RE-1/2/27,A,9200,0.0413244
RE-1/2/27,B,9200,0.146538
RE-1/2/27,C,9200,0.0875824
RE-1/2/28,A,9200,0.0285225
RE-1/2/28,B,9200,0.0249049
RE-1/2/28,C,9200,0.0212732
RE-1/2/29,A,9200,0.0311116
RE-1/2/29,B,9200,0.025236
RE-1/2/29,C,9200,0.0224663
RE-1/3/27,A,9200,0.0948168
RE-1/3/27,B,9200,0.116517
RE-1/3/27,C,9200,0.059401
RE-1/3/28,A,9200,0.0727113
RE-1/3/28,B,9200,0.0441073
RE-1/3/28,C,9200,0.0243445
RE-1/3/29,A,9200,0.156321
RE-1/3/29,B,9200,0.0767694
RE-1/3/29,C,9200,0.0849508
RE-2/2/29,A,9200,0.0571841
RE-2/2/29,B,9200,0.0738104
RE-2/2/29,C,9200,0.0787989
RE-2/2/30,A,9200,0.126029
RE-2/2/30,B,9200,0.124312
RE-2/2/30,C,9200,0.0810425
RE-2/2/31,A,9200,0.0902632
RE-2/2/31,B,9200,0.0796954
RE-2/2/31,C,9200,0.0690099
RE-2/3/29,A,9200,0.0925041
RE-2/3/29,B,9200,0.117298
RE-2/3/29,C,9200,0.0512119
RE-2/3/30,A,9200,0.0731585
RE-2/3/30,B,9200,0.100395
RE-2/3/30,C,9200,0.117589
RE-2/3/31,A,9200,0.0792522
RE-2/3/31,B,9200,0.120974
RE-2/3/31,C,9200,0.110368
RE-1/2/30,A,9200,0.0440426
RE-1/2/30,B,9200,0.155497
RE-1/2/30,C,9200,0.06481
RE-1/2/31,A,9200,0.0107975
RE-1/2/31,B,9200,0.0171699
RE-1/2/31,C,9200,0.0122699
RE-1/2/32,A,9200,0.0675823
RE-1/2/32,B,9200,0.119165
RE-1/2/32,C,9200,0.033179
RE-1/3/30,A,9200,0.0669392
RE-1/3/30,B,9200,0.0428544
RE-1/3/30,C,9200,0.0677007
RE-1/3/31,A,9200,0.10135
RE-1/3/31,B,9200,0.124787
RE-1/3/31,C,9200,0.0840183
RE-1/3/32,A,9200,18.3528
RE-1/3/32,B,9200,0.0298588
RE-1/3/32,C,9200,0.040388
RE-2/2/32,A,9200,0.0593561
RE-2/2/32,B,9200,0.0746664
RE-2/2/32,C,9200,0.0598159
RE-2/2/33,A,9200,0.0956355
RE-2/2/33,B,9200,0.122583
RE-2/2/33,C,9200,0.137645
RE-2/2/34,A,9200,0.0867796
RE-2/2/34,B,9200,0.149199
RE-2/2/34,C,9200,0.120237
RE-2/3/32,A,9200,0.0811653
RE-2/3/32,B,9200,0.0761507
RE-2/3/32,C,9200,0.0748679
RE-2/3/33,A,9200,0.106351
RE-2/3/33,B,9200,0.16837
RE-2/3/33,C,9200,0.115028
RE-2/3/34,A,9200,0.0998832
RE-2/3/34,B,9200,0.0950318
RE-2/3/34,C,9200,0.103321
RE-1/2/33,A,9200,0.0409468
RE-1/2/33,B,9200,0.047824
RE-1/2/33,C,9200,0.0442092
RE-1/2/34,A,9200,0.035819
RE-1/2/34,B,9200,0.0673171
RE-1/2/34,C,9200,0.0349481
RE-1/2/35,A,9200,0.295801
RE-1/2/35,B,9200,0.0514043
RE-1/2/35,C,9200,0.0604634
RE-1/3/33,A,9200,0.0541702
RE-1/3/33,B,9200,0.0685907
RE-1/3/33,C,9200,0.0456202
RE-1/3/35,A,9200,0.0216997
RE-1/3/35,B,9200,0.0288534
RE-1/3/35,C,9200,0.0313564
RE-2/2/35,A,9200,0.0844485
RE-2/2/35,B,9200,0.0970775
RE-2/2/35,C,9200,0.0565999
RE-2/2/36,A,9200,0.156339
RE-2/2/36,B,9200,0.157515
RE-2/2/36,C,9200,0.0899355
RE-2/2/1,A,9200,0.0979405
RE-2/2/1,B,9200,0.114022
RE-2/2/1,C,9200,0.112199
RE-2/3/35,A,9200,0.114942
RE-2/3/35,B,9200,0.115194
RE-2/3/35,C,9200,0.0880352
RE-2/3/36,A,9200,0.0730939
RE-2/3/36,B,9200,0.0762187
RE-2/3/36,C,9200,0.0942919
RE-2/3/1,A,9200,0.0922292
RE-2/3/1,B,9200,0.0940051
RE-2/3/1,C,9200,0.0962718
RE-3/3/22,A,9200,0.027692
RE-3/3/22,B,9200,0.0233202
RE-3/3/22,C,9200,0.0144569
RE-4/2/9,A,9200,0.0526637
RE-4/2/9,B,9200,0.0373017
RE-4/2/9,C,9200,0.0251262
RE-4/2/10,A,9200,0.0336807
RE-4/2/10,B,9200,0.0367905
RE-4/2/10,C,9200,0.0287091
RE-4/2/11,A,9200,0.0471798
RE-4/2/11,B,9200,0.0656714
RE-4/2/11,C,9200,0.0330683
RE-4/3/9,A,9200,0.0326502
RE-4/3/9,B,9200,0.0502515
RE-4/3/9,C,9200,0.051804
RE-4/3/10,A,9200,0.0370167
RE-4/3/10,B,9200,0.0345086
RE-4/3/10,C,9200,0.029052
RE-4/3/11,A,9200,0.0333275
RE-4/3/11,B,9200,0.0496945
RE-4/3/11,C,9200,0.0357125
RE-4/2/12,A,9200,0.0290028
RE-4/2/12,B,9200,0.0319423
RE-4/2/12,C,9200,0.0160029
RE-4/2/13,A,9200,0.0524368
RE-4/2/13,B,9200,0.0418484
RE-4/2/13,C,9200,0.0435975
RE-4/2/14,A,9200,0.024813
RE-4/2/14,B,9200,0.0286193
RE-4/2/14,C,9200,0.160183
RE-4/3/12,A,9200,0.0265787
RE-4/3/12,B,9200,0.0407617
RE-4/3/12,C,9200,0.0223524
RE-4/3/13,A,9200,0.14517
RE-4/3/13,B,9200,0.0265737
RE-4/3/13,C,9200,0.0224503
RE-4/3/14,A,9200,0.106378
RE-4/3/14,B,9200,0.0644392
RE-4/3/14,C,9200,0.0404645
RE-4/2/15,A,9200,0.0265261
RE-4/2/15,B,9200,0.0313677
RE-4/2/15,C,9200,0.01982
RE-4/2/16,A,9200,0.0260729
RE-4/2/16,B,9200,0.108706
RE-4/2/16,C,9200,0.0297947
RE-4/2/17,A,9200,1.20275
RE-4/2/17,B,9200,0.0567705
RE-4/2/17,C,9200,0.0542814
RE-4/3/15,A,9200,0.0174088
RE-4/3/15,B,9200,0.0405768
RE-4/3/15,C,9200,0.0231482
RE-4/3/16,A,9200,0.0561904
RE-4/3/16,B,9200,0.0474459
RE-4/3/16,C,9200,0.0537951
RE-4/3/17,A,9200,0.0256768
RE-4/3/17,B,9200,0.0401758
RE-4/3/17,C,9200,0.0575674
RE-4/2/18,A,9200,0.0278453
RE-4/2/18,B,9200,0.0196505
RE-4/2/18,C,9200,1.45618
RE-4/2/19,A,9200,0.0337159
RE-4/2/19,B,9200,0.0684694
RE-4/2/19,C,9200,0.0322595
RE-4/2/20,A,9200,0.0975768
RE-4/2/20,B,9200,0.0602293
RE-4/2/20,C,9200,0.0406964
RE-4/3/18,A,9200,0.0295036
RE-4/3/18,B,9200,0.0192898
RE-4/3/18,C,9200,0.016484
RE-4/3/19,A,9200,0.0393841
RE-4/3/19,B,9200,0.173751
RE-4/3/19,C,9200,0.0680328
RE-4/3/20,A,9200,0.0553423
RE-4/3/20,B,9200,0.0425803
RE-4/3/20,C,9200,0.0335657
RE-4/2/21,A,9200,0.256529
RE-4/2/21,B,9200,0.0426987
RE-4/2/21,C,9200,0.0523252
RE-4/2/22,A,9200,0.174842
RE-4/2/22,B,9200,0.0135804
RE-4/2/22,C,9200,0.00725981
RE-4/2/23,A,9200,0.0368365
RE-4/2/23,B,9200,0.0327023
RE-4/2/23,C,9200,0.034846
RE-4/3/21,A,9200,0.0345147
RE-4/3/21,B,9200,0.0747972
RE-4/3/21,C,9200,0.575266
RE-4/3/22,A,9200,0.0274328
RE-4/3/22,B,9200,0.0289263
RE-4/3/22,C,9200,0.0299893
RE-4/3/23,A,9200,0.218104
RE-4/3/23,B,9200,0.0680215
RE-4/3/23,C,9200,0.0293451
RE-4/2/24,A,9200,0.0416715
RE-4/2/24,B,9200,0.0421068
RE-4/2/24,C,9200,0.0279458
RE-4/2/25,A,9200,0.0562842
RE-4/2/25,B,9200,0.0387921
RE-4/2/25,C,9200,0.0425497
RE-4/2/26,A,9200,0.0458295
RE-4/2/26,B,9200,0.0458044
RE-4/2/26,C,9200,0.0464666
RE-4/3/24,A,9200,0.0520434
RE-4/3/24,B,9200,0.123392
RE-4/3/24,C,9200,0.0344488
RE-4/3/25,A,9200,0.0198242
RE-4/3/25,B,9200,0.0669697
RE-4/3/25,C,9200,0.0514856
RE-4/3/26,A,9200,12.9308
RE-4/3/26,B,9200,0.0485302
RE-4/3/26,C,9200,0.0561892
RE-3/2/9,A,9200,0.038534
RE-3/2/9,B,9200,0.0509907
RE-3/2/9,C,9200,0.0436296
RE-3/2/10,A,9200,0.0892757
RE-3/2/10,B,9200,0.10069
RE-3/2/10,C,9200,0.0413951
RE-3/2/11,A,9200,0.0438378
RE-3/2/11,B,9200,0.0616503
RE-3/2/11,C,9200,0.0647799
RE-3/3/9,A,9200,0.0383712
RE-3/3/9,B,9200,0.0530651
RE-3/3/9,C,9200,0.0274623
RE-3/3/10,A,9200,0.0379189
RE-3/3/10,B,9200,0.0576595
RE-3/3/10,C,9200,0.0450295
RE-3/3/11,A,9200,0.0490189
RE-3/3/11,B,9200,0.0575215
RE-3/3/11,C,9200,0.0380919
RE-3/2/12,A,9200,0.0399631
RE-3/2/12,B,9200,0.0745279
RE-3/2/12,C,9200,0.0407943
RE-3/2/13,A,9200,0.0499029
RE-3/2/13,B,9200,0.0998684
RE-3/2/13,C,9200,0.0503971
RE-3/2/14,A,9200,0.056186
RE-3/2/14,B,9200,0.0402848
RE-3/2/14,C,9200,0.197665
RE-3/3/12,A,9200,0.0393938
RE-3/3/12,B,9200,0.0536841
RE-3/3/12,C,9200,0.0377827
RE-3/3/13,A,9200,0.0328823
RE-3/3/13,B,9200,0.0591024
RE-3/3/13,C,9200,0.0514694
RE-3/3/14,A,9200,0.032713
RE-3/3/14,B,9200,0.0623834
RE-3/3/14,C,9200,0.0447293
RE-3/2/15,A,9200,0.0468116
RE-3/2/15,B,9200,0.042405
RE-3/2/15,C,9200,0.0301389
RE-3/2/16,A,9200,0.0356307
RE-3/2/16,B,9200,0.0648104
RE-3/2/16,C,9200,0.0852236
RE-3/2/17,A,9200,0.0150377
RE-3/2/17,B,9200,0.0363003
RE-3/2/17,C,9200,0.0217783
RE-3/3/15,A,9200,0.078706
RE-3/3/15,B,9200,0.133038
RE-3/3/15,C,9200,0.0845689
RE-3/3/16,A,9200,0.0456129
RE-3/3/16,B,9200,0.0743203
RE-3/3/16,C,9200,0.0736761
RE-3/3/17,A,9200,0.0629775
RE-3/3/17,B,9200,0.0570661
RE-3/3/17,C,9200,0.0483585
RE-3/2/18,A,9200,0.0368685
RE-3/2/18,B,9200,0.0348454
RE-3/2/18,C,9200,0.0280032
RE-3/2/19,A,9200,0.0446295
RE-3/2/19,B,9200,0.0417089
RE-3/2/19,C,9200,0.0690655
RE-3/2/20,A,9200,0.0611628
RE-3/2/20,B,9200,0.081382
RE-3/2/20,C,9200,0.086304
RE-3/3/18,A,9200,0.0360186
RE-3/3/18,B,9200,0.0528037
RE-3/3/18,C,9200,0.0318256
RE-3/3/19,A,9200,0.0702614
RE-3/3/19,B,9200,0.0566072
RE-3/3/19,C,9200,0.056614
RE-3/3/20,A,9200,0.0350399
RE-3/3/20,B,9200,0.0475478
RE-3/3/20,C,9200,0.0293454
RE-3/2/21,A,9200,0.0566673
RE-3/2/21,B,9200,0.060699
RE-3/2/21,C,9200,0.0593421
RE-3/2/22,A,9200,0.0254637
RE-3/2/22,B,9200,0.0586808
RE-3/2/22,C,9200,0.0488879
RE-3/2/23,A,9200,0.0328931
RE-3/2/23,B,9200,0.0600854
RE-3/2/23,C,9200,0.042255
RE-3/3/21,A,9200,0.0404828
RE-3/3/21,B,9200,0.053864
RE-3/3/21,C,9200,0.0269476
RE-3/3/23,A,9200,0.0239133
RE-3/3/23,B,9200,0.0278478
RE-3/3/23,C,9200,0.0296312
RE-3/2/24,A,9200,0.0231298
RE-3/2/24,B,9200,0.0306497
RE-3/2/24,C,9200,0.0249704
RE-3/2/25,A,9200,0.0286453
RE-3/2/25,B,9200,0.0287714
RE-3/2/25,C,9200,0.0264771
RE-3/2/26,A,9200,0.0309347
RE-3/2/26,B,9200,0.0458327
RE-3/2/26,C,9200,0.0509338
RE-3/3/24,A,9200,0.0269769
RE-3/3/24,B,9200,0.0371469
RE-3/3/24,C,9200,0.0332336
RE-3/3/25,A,9200,0.0322194
RE-3/3/25,B,9200,0.0323463
RE-3/3/25,C,9200,0.027384
RE-3/3/26,A,9200,0.0756507
RE-3/3/26,B,9200,0.106296
RE-3/3/26,C,9200,0.0680316
RE-3/3/28,A,9200,0.029482
RE-3/3/28,B,9200,0.024054
RE-3/3/28,C,9200,0.0293701
RE-4/2/33,A,9200,0.0316154
RE-4/2/33,B,9200,0.0228805
RE-4/2/33,C,9200,0.0178556
RE-4/2/34,A,9200,0.0505038
RE-4/2/34,B,9200,0.04906
RE-4/2/34,C,9200,0.0396383
RE-4/2/35,A,9200,0.257823
RE-4/2/35,B,9200,0.103434
RE-4/2/35,C,9200,0.151649
RE-4/3/33,A,9200,0.0250179
RE-4/3/33,B,9200,0.0287766
RE-4/3/33,C,9200,0.0363434
RE-4/3/34,A,9200,0.021781
RE-4/3/34,B,9200,0.0375257
RE-4/3/34,C,9200,0.0473365
RE-4/3/35,A,9200,0.049862
RE-4/3/35,B,9200,0.161447
RE-4/3/35,C,9200,3.31071
RE-4/2/36,A,9200,0.113665
RE-4/2/36,B,9200,0.619516
RE-4/2/36,C,9200,0.300009
RE-4/2/1,A,9200,0.0512121
RE-4/2/1,B,9200,0.0443535
RE-4/2/1,C,9200,0.0294725
RE-4/2/2,A,9200,0.0467082
RE-4/2/2,B,9200,0.0697888
RE-4/2/2,C,9200,0.053034
RE-4/3/36,A,9200,0.0642735
RE-4/3/36,B,9200,0.114643
RE-4/3/36,C,9200,0.219216
RE-4/3/1,A,9200,0.0320491
RE-4/3/1,B,9200,0.0401495
RE-4/3/1,C,9200,0.0487436
RE-4/3/2,A,9200,0.380022
RE-4/3/2,B,9200,0.0410175
RE-4/3/2,C,9200,0.0425636
RE-4/2/3,A,9200,0.0882087
RE-4/2/3,B,9200,0.0607396
RE-4/2/3,C,9200,0.0359655
RE-4/2/4,A,9200,0.0975494
RE-4/2/4,B,9200,0.137522
RE-4/2/4,C,9200,0.420607
RE-4/2/5,A,9200,0.0242927
RE-4/2/5,B,9200,0.0343282
RE-4/2/5,C,9200,0.0300743
RE-4/3/3,A,9200,0.0214294
RE-4/3/3,B,9200,0.0549924
RE-4/3/3,C,9200,0.0967957
RE-4/3/4,A,9200,0.0348657
RE-4/3/4,B,9200,0.0285562
RE-4/3/4,C,9200,0.0478844
RE-4/3/5,A,9200,0.0134222
RE-4/3/5,B,9200,0.0261907
RE-4/3/5,C,9200,0.0211398
RE-4/2/6,A,9200,0.034092
RE-4/2/6,B,9200,0.0536056
RE-4/2/6,C,9200,0.0221705
RE-4/2/7,A,9200,0.0818802
RE-4/2/7,B,9200,0.0355079
RE-4/2/7,C,9200,24.5199
RE-4/2/8,A,9200,0.348981
RE-4/2/8,B,9200,0.22557
RE-4/2/8,C,9200,0.154963
RE-4/3/6,A,9200,0.0263551
RE-4/3/6,B,9200,0.0300948
RE-4/3/6,C,9200,0.0281949
RE-4/3/7,A,9200,0.0391151
RE-4/3/7,B,9200,0.0630163
RE-4/3/7,C,9200,0.0593843
RE-4/3/8,A,9200,0.340545
RE-4/3/8,B,9200,0.363515
RE-4/3/8,C,9200,0.385404
RE-4/2/27,A,9200,0.0301189
RE-4/2/27,B,9200,2.25408
RE-4/2/27,C,9200,0.0183724
RE-4/2/28,A,9200,0.0704103
RE-4/2/28,B,9200,0.0345786
RE-4/2/28,C,9200,0.0502595
RE-4/2/29,A,9200,0.0301815
RE-4/2/29,B,9200,0.0418698
RE-4/2/29,C,9200,0.0283097
RE-4/3/27,A,9200,0.0279158
RE-4/3/27,B,9200,0.0683034
RE-4/3/27,C,9200,0.0551828
RE-4/3/28,A,9200,0.0226844
RE-4/3/28,B,9200,0.0503401
RE-4/3/28,C,9200,0.0399709
RE-4/3/29,A,9200,0.0204698
RE-4/3/29,B,9200,0.247175
RE-4/3/29,C,9200,0.042828
RE-4/2/30,A,9200,0.0468699
RE-4/2/30,B,9200,0.0556758
RE-4/2/30,C,9200,0.22023
RE-4/2/31,A,9200,0.0429672
RE-4/2/31,B,9200,0.0249635
RE-4/2/31,C,9200,0.0196501
RE-4/2/32,A,9200,0.0738289
RE-4/2/32,B,9200,0.0664923
RE-4/2/32,C,9200,0.0385056
RE-4/3/30,A,9200,2.68333
RE-4/3/30,B,9200,0.0211784
RE-4/3/30,C,9200,0.020279
RE-4/3/31,A,9200,0.0370059
RE-4/3/31,B,9200,0.0529192
RE-4/3/31,C,9200,0.0410976
RE-4/3/32,A,9200,0.024579
RE-4/3/32,B,9200,0.0383828
RE-4/3/32,C,9200,0.0373662
RE-3/2/33,A,9200,0.0384371
RE-3/2/33,B,9200,0.103734
RE-3/2/33,C,9200,0.0657979
RE-3/2/34,A,9200,0.0227753
RE-3/2/34,B,9200,0.039125
RE-3/2/34,C,9200,0.0303583
RE-3/2/35,A,9200,0
RE-3/2/35,B,9200,0
RE-3/2/35,C,9200,0
RE-3/3/33,A,9200,0.0287266
RE-3/3/33,B,9200,0.0570292
RE-3/3/33,C,9200,0.0313115
RE-3/3/34,A,9200,0.0558613
RE-3/3/34,B,9200,0.0449868
RE-3/3/34,C,9200,0.0313714
RE-3/3/35,A,9200,0
RE-3/3/35,B,9200,0
RE-3/3/35,C,9200,0
RE-3/2/36,A,9200,0.114206
RE-3/2/36,B,9200,0.110428
RE-3/2/36,C,9200,0.118119
RE-3/2/1,A,9200,0.0450592
RE-3/2/1,B,9200,0.0904196
RE-3/2/1,C,9200,0.0457306
RE-3/2/2,A,9200,0.0322176
RE-3/2/2,B,9200,0.0337784
RE-3/2/2,C,9200,0.0339182
RE-3/3/36,A,9200,0.0276024
RE-3/3/36,B,9200,0.0442496
RE-3/3/36,C,9200,0.0258283
RE-3/3/1,A,9200,0.0255367
RE-3/3/1,B,9200,0.0231245
RE-3/3/1,C,9200,0.0427084
RE-3/3/2,A,9200,0.0283563
RE-3/3/2,B,9200,0.0373949
RE-3/3/2,C,9200,0.0269416
RE-3/2/3,A,9200,0.0444037
RE-3/2/3,B,9200,0.0514841
RE-3/2/3,C,9200,0.0452727
RE-3/2/4,A,9200,0.0312283
RE-3/2/4,B,9200,0.0395511
RE-3/2/4,C,9200,0.0191995
RE-3/2/5,A,9200,0.0378541
RE-3/2/5,B,9200,0.0422693
RE-3/2/5,C,9200,0.0488417
RE-3/3/3,A,9200,0.0444883
RE-3/3/3,B,9200,0.0491207
RE-3/3/3,C,9200,0.0344023
RE-3/3/4,A,9200,0.0345245
RE-3/3/4,B,9200,0.0488172
RE-3/3/4,C,9200,0.0382877
RE-3/3/5,A,9200,0.0601846
RE-3/3/5,B,9200,0.0381081
RE-3/3/5,C,9200,0.0550833
RE-3/2/6,A,9200,0.0462237
RE-3/2/6,B,9200,0.0481255
RE-3/2/6,C,9200,0.0452729
RE-3/2/7,A,9200,0.0566181
RE-3/2/7,B,9200,0.0687195
RE-3/2/7,C,9200,0.0679211
RE-3/2/8,A,9200,0.35824
RE-3/2/8,B,9200,0.0754179
RE-3/2/8,C,9200,0.0505255
RE-3/3/6,A,9200,0.062381
RE-3/3/6,B,9200,0.0589623
RE-3/3/6,C,9200,0.0581814
RE-3/3/7,A,9200,0.0286867
RE-3/3/7,B,9200,0.0547162
RE-3/3/7,C,9200,0.0367818
RE-3/3/8,A,9200,0.0430576
RE-3/3/8,B,9200,0.0676003
RE-3/3/8,C,9200,0.0454933
RE-3/2/27,A,9200,0.0588208
RE-3/2/27,B,9200,0.0557313
RE-3/2/27,C,9200,0.0369299
RE-3/2/28,A,9200,0.0247316
RE-3/2/28,B,9200,0.0279157
RE-3/2/28,C,9200,0.0252294
RE-3/2/29,A,9200,0.040908
RE-3/2/29,B,9200,0.0503773
RE-3/2/29,C,9200,0.0403604
RE-3/3/27,A,9200,0.0304204
RE-3/3/27,B,9200,0.0714906
RE-3/3/27,C,9200,0.066447
RE-3/3/29,A,9200,0.0284137
RE-3/3/29,B,9200,0.057792
RE-3/3/29,C,9200,0.0513915
RE-3/2/30,A,9200,0.025035
RE-3/2/30,B,9200,0.0347998
RE-3/2/30,C,9200,0.102125
RE-3/2/31,A,9200,0.0233862
RE-3/2/31,B,9200,0.045446
RE-3/2/31,C,9200,0.0338132
RE-3/2/32,A,9200,0.0168822
RE-3/2/32,B,9200,0.0227965
RE-3/2/32,C,9200,0.0174076
RE-3/3/30,A,9200,0.0364643
RE-3/3/30,B,9200,0.0570248
RE-3/3/30,C,9200,0.0310906
RE-3/3/31,A,9200,0.0777316
RE-3/3/31,B,9200,0.102153
RE-3/3/31,C,9200,0.159812
RE-3/3/32,A,9200,0.0350774
RE-3/3/32,B,9200,0.0386216
RE-3/3/32,C,9200,0.0279512
RE+1/3/25,A,9200,3.86819e-05
RE+1/3/25,B,9200,3.22308e-06
RE+1/3/25,C,9200,3.86427e-05
RE+1/2/9,A,9200,0.0348072
RE+1/2/9,B,9200,0.0467586
RE+1/2/9,C,9200,0.0250851
RE+1/2/10,A,9200,0.722505
RE+1/2/10,B,9200,0.425183
RE+1/2/10,C,9200,0.124786
RE+1/2/11,A,9200,0.253374
RE+1/2/11,B,9200,0.534875
RE+1/2/11,C,9200,0.128671
RE+1/3/9,A,9200,0.140897
RE+1/3/9,B,9200,0.0881357
RE+1/3/9,C,9200,0.0883825
RE+1/3/10,A,9200,0.0287959
RE+1/3/10,B,9200,0.0340276
RE+1/3/10,C,9200,0.0217898
RE+1/3/11,A,9200,0.123946
RE+1/3/11,B,9200,0.0888811
RE+1/3/11,C,9200,0.0413036
RE+2/2/11,A,9200,0.176633
RE+2/2/11,B,9200,0.108647
RE+2/2/11,C,9200,0.798847
RE+2/2/12,A,9200,0.0835289
RE+2/2/12,B,9200,0.0550445
RE+2/2/12,C,9200,0.0443878
RE+2/2/13,A,9200,0.072569
RE+2/2/13,B,9200,0.0763069
RE+2/2/13,C,9200,0.142474
RE+2/3/11,A,9200,0.0371861
RE+2/3/11,B,9200,0.0685285
RE+2/3/11,C,9200,0.0870074
RE+2/3/12,A,9200,0.0679972
RE+2/3/12,B,9200,0.0431233
RE+2/3/12,C,9200,0.0613347
RE+2/3/13,A,9200,0.375474
RE+2/3/13,B,9200,0.0833126
RE+2/3/13,C,9200,0.0665104
RE+1/2/12,A,9200,0.170265
RE+1/2/12,B,9200,0.198913
RE+1/2/12,C,9200,0.239858
RE+1/2/13,A,9200,0.0547685
RE+1/2/13,B,9200,0.0774422
RE+1/2/13,C,9200,0.0471406
RE+1/2/14,A,9200,0.221328
RE+1/2/14,B,9200,0.400614
RE+1/2/14,C,9200,0.311188
RE+1/3/12,A,9200,0.0494244
RE+1/3/12,B,9200,0.0710785
RE+1/3/12,C,9200,0.0497282
RE+1/3/13,A,9200,0.165343
RE+1/3/13,B,9200,0.140984
RE+1/3/13,C,9200,0.101882
RE+1/3/14,A,9200,0.0482173
RE+1/3/14,B,9200,0.0484795
RE+1/3/14,C,9200,0.0307862
RE+2/2/14,A,9200,0.0778303
RE+2/2/14,B,9200,0.153788
RE+2/2/14,C,9200,0.134746
RE+2/2/15,A,9200,0.0576609
RE+2/2/15,B,9200,0.0574765
RE+2/2/15,C,9200,0.0729502
RE+2/2/16,A,9200,0.075292
RE+2/2/16,B,9200,0.0826631
RE+2/2/16,C,9200,0.116208
RE+2/3/14,A,9200,1.17814
RE+2/3/14,B,9200,0.18791
RE+2/3/14,C,9200,0.0645509
RE+2/3/15,A,9200,0.0895499
RE+2/3/15,B,9200,0.0642432
RE+2/3/15,C,9200,0.077575
RE+2/3/16,A,9200,0.146294
RE+2/3/16,B,9200,0.0592288
RE+2/3/16,C,9200,0.0696195
RE+1/2/15,A,9200,0.14744
RE+1/2/15,B,9200,0.255283
RE+1/2/15,C,9200,0.210871
RE+1/2/16,A,9200,0.583111
RE+1/2/16,B,9200,0.667161
RE+1/2/16,C,9200,0.308436
RE+1/2/17,A,9200,0.484987
RE+1/2/17,B,9200,0.417962
RE+1/2/17,C,9200,0.383504
RE+1/3/15,A,9200,0.0864833
RE+1/3/15,B,9200,0.0957597
RE+1/3/15,C,9200,0.0654605
RE+1/3/16,A,9200,0.0696741
RE+1/3/16,B,9200,0.0676814
RE+1/3/16,C,9200,0.0512643
RE+1/3/17,A,9200,0.121402
RE+1/3/17,B,9200,0.133385
RE+1/3/17,C,9200,0.0754534
RE+2/2/17,A,9200,0.098503
RE+2/2/17,B,9200,0.191771
RE+2/2/17,C,9200,0.0758114
RE+2/2/18,A,9200,0.0828447
RE+2/2/18,B,9200,0.101532
RE+2/2/18,C,9200,0.0850946
RE+2/2/19,A,9200,0.0812602
RE+2/2/19,B,9200,0.0757779
RE+2/2/19,C,9200,0.0806659
RE+2/3/17,A,9200,0.934457
RE+2/3/17,B,9200,0.244636
RE+2/3/17,C,9200,0.533729
RE+2/3/18,A,9200,0.130108
RE+2/3/18,B,9200,0.116664
RE+2/3/18,C,9200,0.07637
RE+2/3/19,A,9200,0.0622532
RE+2/3/19,B,9200,0.0884716
RE+2/3/19,C,9200,0.0778193
RE+1/2/18,A,9200,0.127018
RE+1/2/18,B,9200,0.0429188
RE+1/2/18,C,9200,0.033144
RE+1/2/19,A,9200,0.103177
RE+1/2/19,B,9200,0.198083
RE+1/2/19,C,9200,0.103252
RE+1/2/20,A,9200,0.0598874
RE+1/2/20,B,9200,0.0965139
RE+1/2/20,C,9200,0.0392229
RE+1/3/18,A,9200,0.209784
RE+1/3/18,B,9200,0.0823578
RE+1/3/18,C,9200,0.0644521
RE+1/3/19,A,9200,0.114984
RE+1/3/19,B,9200,0.102918
RE+1/3/19,C,9200,0.0743373
RE+1/3/20,A,9200,0.20504
RE+1/3/20,B,9200,0.157302
RE+1/3/20,C,9200,0.0980893
RE+2/2/20,A,9200,0.0655144
RE+2/2/20,B,9200,0.108021
RE+2/2/20,C,9200,0.0999935
RE+2/2/21,A,9200,0.0574956
RE+2/2/21,B,9200,0.0708264
RE+2/2/21,C,9200,0.072353
RE+2/2/22,A,9200,0.0627848
RE+2/2/22,B,9200,0.0886975
RE+2/2/22,C,9200,0.129014
RE+2/3/20,A,9200,0.134636
RE+2/3/20,B,9200,0.157956
RE+2/3/20,C,9200,0.113058
RE+2/3/21,A,9200,0.952
RE+2/3/21,B,9200,0.578727
RE+2/3/21,C,9200,0.0945085
RE+2/3/22,A,9200,0.110555
RE+2/3/22,B,9200,0.0303756
RE+2/3/22,C,9200,0.0503201
RE+1/2/21,A,9200,0.168331
RE+1/2/21,B,9200,0.211733
RE+1/2/21,C,9200,0.169625
RE+1/2/22,A,9200,0.241488
RE+1/2/22,B,9200,0.402521
RE+1/2/22,C,9200,0.108243
RE+1/2/23,A,9200,0.491442
RE+1/2/23,B,9200,0.458445
RE+1/2/23,C,9200,0.295483
RE+1/3/21,A,9200,0.339216
RE+1/3/21,B,9200,0.230201
RE+1/3/21,C,9200,0.070558
RE+1/3/22,A,9200,0.0270362
RE+1/3/22,B,9200,0.0312364
RE+1/3/22,C,9200,0.0174243
RE+1/3/23,A,9200,0.112691
RE+1/3/23,B,9200,0.0956218
RE+1/3/23,C,9200,0.0777749
RE+2/2/23,A,9200,0.0221468
RE+2/2/23,B,9200,0.0226796
RE+2/2/23,C,9200,0.0165384
RE+2/2/24,A,9200,0.0839819
RE+2/2/24,B,9200,0.118123
RE+2/2/24,C,9200,0.0969003
RE+2/2/25,A,9200,0.0688222
RE+2/2/25,B,9200,0.078383
RE+2/2/25,C,9200,0.0812483
RE+2/3/23,A,9200,0.045349
RE+2/3/23,B,9200,0.053643
RE+2/3/23,C,9200,0.173074
RE+2/3/24,A,9200,0.566951
RE+2/3/24,B,9200,0.0535056
RE+2/3/24,C,9200,0.130385
RE+2/3/25,A,9200,0.255321
RE+2/3/25,B,9200,0.0492295
RE+2/3/25,C,9200,0.0405339
RE+1/2/24,A,9200,0.0377876
RE+1/2/24,B,9200,0.0414075
RE+1/2/24,C,9200,0.0326094
RE+1/2/25,A,9200,0.257516
RE+1/2/25,B,9200,0.397186
RE+1/2/25,C,9200,0.275937
RE+1/2/26,A,9200,0.0269582
RE+1/2/26,B,9200,0.0318774
RE+1/2/26,C,9200,0.0420174
RE+1/3/24,A,9200,0.148008
RE+1/3/24,B,9200,0.0547144
RE+1/3/24,C,9200,0.0422955
RE+1/3/26,A,9200,0.237459
RE+1/3/26,B,9200,0.107759
RE+1/3/26,C,9200,0.16662
RE+2/2/26,A,9200,0.260767
RE+2/2/26,B,9200,0.120712
RE+2/2/26,C,9200,0.134124
RE+2/2/27,A,9200,0.0334478
RE+2/2/27,B,9200,0.0234385
RE+2/2/27,C,9200,0.0180962
RE+2/2/28,A,9200,0.188117
RE+2/2/28,B,9200,0.0770342
RE+2/2/28,C,9200,0.0628893
RE+2/3/26,A,9200,0.212296
RE+2/3/26,B,9200,0.34899
RE+2/3/26,C,9200,0.100745
RE+2/3/27,A,9200,0.599944
RE+2/3/27,B,9200,0.642285
RE+2/3/27,C,9200,0.0470692
RE+2/3/28,A,9200,0.130175
RE+2/3/28,B,9200,0.129722
RE+2/3/28,C,9200,0.0543446
RE+1/2/33,A,9200,0.0311376
RE+1/2/33,B,9200,0.0989988
RE+1/2/33,C,9200,0.0373976
RE+1/2/36,A,9200,0.129818
RE+1/2/36,B,9200,0.149496
RE+1/2/36,C,9200,0.0681785
RE+1/2/1,A,9200,0.0671235
RE+1/2/1,B,9200,0.0472111
RE+1/2/1,C,9200,0.244636
RE+1/2/2,A,9200,0.0383856
RE+1/2/2,B,9200,0.109089
RE+1/2/2,C,9200,0.0684975
RE+1/3/36,A,9200,0.11917
RE+1/3/36,B,9200,0.112333
RE+1/3/36,C,9200,0.0542754
RE+1/3/1,A,9200,0.284804
RE+1/3/1,B,9200,0.101279
RE+1/3/1,C,9200,0.084163
RE+1/3/2,A,9200,0.145408
RE+1/3/2,B,9200,0.0913835
RE+1/3/2,C,9200,0.093701
RE+2/2/2,A,9200,0.0613971
RE+2/2/2,B,9200,0.0962306
RE+2/2/2,C,9200,0.109933
RE+2/2/3,A,9200,0.070835
RE+2/2/3,B,9200,0.320436
RE+2/2/3,C,9200,5.23943
RE+2/2/4,A,9200,0.0851481
RE+2/2/4,B,9200,0.0747293
RE+2/2/4,C,9200,0.132721
RE+2/3/2,A,9200,0.0751193
RE+2/3/2,B,9200,0.0497042
RE+2/3/2,C,9200,0.069785
RE+2/3/3,A,9200,0.0972093
RE+2/3/3,B,9200,0.0678293
RE+2/3/3,C,9200,0.0681117
RE+2/3/4,A,9200,0.0517037
RE+2/3/4,B,9200,0.0461515
RE+2/3/4,C,9200,0.0595402
RE+1/2/3,A,9200,0.0557109
RE+1/2/3,B,9200,0.101208
RE+1/2/3,C,9200,0.052974
RE+1/2/4,A,9200,0.439399
RE+1/2/4,B,9200,0.576507
RE+1/2/4,C,9200,0.178591
RE+1/2/5,A,9200,0.134615
RE+1/2/5,B,9200,0.0966726
RE+1/2/5,C,9200,0.0458942
RE+1/3/3,A,9200,0.083219
RE+1/3/3,B,9200,0.0651157
RE+1/3/3,C,9200,0.0580056
RE+1/3/4,A,9200,0.122469
RE+1/3/4,B,9200,0.0733916
RE+1/3/4,C,9200,0.0574123
RE+1/3/5,A,9200,0.321022
RE+1/3/5,B,9200,0.179755
RE+1/3/5,C,9200,0.103453
RE+2/2/5,A,9200,0.10879
RE+2/2/5,B,9200,0.0735046
RE+2/2/5,C,9200,0.0827502
RE+2/2/6,A,9200,0.0832763
RE+2/2/6,B,9200,0.131489
RE+2/2/6,C,9200,0.0986002
RE+2/2/7,A,9200,0.109507
RE+2/2/7,B,9200,0.110886
RE+2/2/7,C,9200,0.075353
RE+2/3/5,A,9200,0.450081
RE+2/3/5,B,9200,0.164592
RE+2/3/5,C,9200,0.0841741
RE+2/3/6,A,9200,0.0753406
RE+2/3/6,B,9200,0.0429493
RE+2/3/6,C,9200,0.0460081
RE+2/3/7,A,9200,0.0833505
RE+2/3/7,B,9200,0.0807657
RE+2/3/7,C,9200,0.090515
RE+1/1/3,E,9200,0
RE+1/1/3,F,9200,0
RE+1/1/3,A,9200,0.0156891
RE+1/1/3,B,9200,0.0527754
RE+1/1/3,C,9200,0.0253127
RE+1/1/3,D,9200,0.251872
RE+1/1/4,E,9200,0
RE+1/1/4,F,9200,0
RE+1/1/4,A,9200,0.0328757
RE+1/1/4,B,9200,0.0156187
RE+1/1/4,C,9200,0.0343334
RE+1/1/4,D,9200,0.0140976
RE+1/2/6,A,9200,0.259391
RE+1/2/6,B,9200,0.367694
RE+1/2/6,C,9200,0.298266
RE+1/2/7,A,9200,0.114815
RE+1/2/7,B,9200,0.230792
RE+1/2/7,C,9200,0.0252226
RE+1/2/8,A,9200,0.0384789
RE+1/2/8,B,9200,0.0256729
RE+1/2/8,C,9200,0.0395897
RE+1/3/6,A,9200,0.0999573
RE+1/3/6,B,9200,0.0750632
RE+1/3/6,C,9200,0.0572454
RE+1/3/7,A,9200,0.177195
RE+1/3/7,B,9200,0.116556
RE+1/3/7,C,9200,0.0924774
RE+1/3/8,A,9200,0.192324
RE+1/3/8,B,9200,0.134447
RE+1/3/8,C,9200,0.0796598
RE+1/1/1,E,9200,0
RE+1/1/1,F,9200,0
RE+1/1/1,A,9200,0.0293615
RE+1/1/1,B,9200,0.0106989
RE+1/1/1,C,9200,0.0133645
RE+1/1/1,D,9200,0.00530723
RE+1/1/2,E,9200,0
RE+1/1/2,F,9200,0
RE+1/1/2,A,9200,0.0654527
RE+1/1/2,B,9200,0.0117678
RE+1/1/2,C,9200,0.0248754
RE+1/1/2,D,9200,0.0074071
RE+2/2/8,A,9200,0.101132
RE+2/2/8,B,9200,0.0875413
RE+2/2/8,C,9200,0.0917036
RE+2/2/9,A,9200,0.0999436
RE+2/2/9,B,9200,0.165626
RE+2/2/9,C,9200,0.164646
RE+2/2/10,A,9200,0.100074
RE+2/2/10,B,9200,0.107365
RE+2/2/10,C,9200,0.108569
RE+2/3/8,A,9200,0.15265
RE+2/3/8,B,9200,0.144039
RE+2/3/8,C,9200,0.126043
RE+2/3/9,A,9200,0.0622018
RE+2/3/9,B,9200,0.117744
RE+2/3/9,C,9200,0.181023
RE+2/3/10,A,9200,0.149668
RE+2/3/10,B,9200,0.103314
RE+2/3/10,C,9200,0.101702
RE+1/2/27,A,9200,0.307644
RE+1/2/27,B,9200,0.547454
RE+1/2/27,C,9200,0.706478
RE+1/2/28,A,9200,0.120892
RE+1/2/28,B,9200,0.14023
RE+1/2/28,C,9200,0.058166
RE+1/2/29,A,9200,0.173991
RE+1/2/29,B,9200,0
RE+1/2/29,C,9200,0.151343
RE+1/3/27,A,9200,0.116706
RE+1/3/27,B,9200,0.0719527
RE+1/3/27,C,9200,0.0945038
RE+1/3/28,A,9200,0.0784594
RE+1/3/28,B,9200,0.0586134
RE+1/3/28,C,9200,0.02882
RE+1/3/29,A,9200,0.105292
RE+1/3/29,B,9200,0.0530164
RE+1/3/29,C,9200,0.047792
RE+2/2/29,A,9200,0.0850101
RE+2/2/29,B,9200,0.0732711
RE+2/2/29,C,9200,0.0821626
RE+2/2/30,A,9200,0.0917522
RE+2/2/30,B,9200,0.0540425
RE+2/2/30,C,9200,0.0825514
RE+2/2/31,A,9200,0.0552402
RE+2/2/31,B,9200,0.066046
RE+2/2/31,C,9200,0.122626
RE+2/3/29,A,9200,0.332822
RE+2/3/29,B,9200,0.400656
RE+2/3/29,C,9200,0.105975
RE+2/3/30,A,9200,0.992398
RE+2/3/30,B,9200,0.257885
RE+2/3/30,C,9200,0.0666473
RE+2/3/31,A,9200,0.182576
RE+2/3/31,B,9200,0.0487294
RE+2/3/31,C,9200,0.0408987
RE+1/2/30,A,9200,0.0324192
RE+1/2/30,B,9200,0.03294
RE+1/2/30,C,9200,0.015
RE+1/2/31,A,9200,0.187531
RE+1/2/31,B,9200,0.223119
RE+1/2/31,C,9200,0.112783
RE+1/2/32,A,9200,0.0141207
RE+1/2/32,B,9200,0.015652
RE+1/2/32,C,9200,0.0222177
RE+1/3/30,A,9200,0.0190152
RE+1/3/30,B,9200,0.0303348
RE+1/3/30,C,9200,0.0184409
RE+1/3/31,A,9200,0.0461772
RE+1/3/31,B,9200,0.0707991
RE+1/3/31,C,9200,0.666893
RE+1/3/32,A,9200,0.340727
RE+1/3/32,B,9200,0.186881
RE+1/3/32,C,9200,0.0854044
RE+2/2/32,A,9200,0.0966479
RE+2/2/32,B,9200,0.102169
RE+2/2/32,C,9200,0.229372
RE+2/2/33,A,9200,0.108047
RE+2/2/33,B,9200,0.0640624
RE+2/2/33,C,9200,0.101536
RE+2/2/34,A,9200,0.0809776
RE+2/2/34,B,9200,0.108909
RE+2/2/34,C,9200,0.0713655
RE+2/3/32,A,9200,0.281762
RE+2/3/32,B,9200,0.117405
RE+2/3/32,C,9200,0.33519
RE+2/3/33,A,9200,0.0531782
RE+2/3/33,B,9200,0.0596266
RE+2/3/33,C,9200,0.182523
RE+2/3/34,A,9200,0.0724096
RE+2/3/34,B,9200,0.0553629
RE+2/3/34,C,9200,0.0580142
RE+1/2/34,A,9200,0.278585
RE+1/2/34,B,9200,0.536009
RE+1/2/34,C,9200,0.190659
RE+1/2/35,A,9200,0
RE+1/2/35,B,9200,0.00175088
RE+1/2/35,C,9200,0
RE+1/3/33,A,9200,0.270262
RE+1/3/33,B,9200,0.0767845
RE+1/3/33,C,9200,0.0235512
RE+1/3/34,A,9200,0.0738857
RE+1/3/34,B,9200,0.0751217
RE+1/3/34,C,9200,0.0526555
RE+1/3/35,A,9200,0.065003
RE+1/3/35,B,9200,0.0475014
RE+1/3/35,C,9200,0.0543772
RE+2/2/35,A,9200,0.103197
RE+2/2/35,B,9200,0.110863
RE+2/2/35,C,9200,0.142832
RE+2/2/36,A,9200,0.0236621
RE+2/2/36,B,9200,0.0199851
RE+2/2/36,C,9200,0.0127658
RE+2/2/1,A,9200,0.101485
RE+2/2/1,B,9200,0.0868786
RE+2/2/1,C,9200,0.0469827
RE+2/3/35,A,9200,0.10615
RE+2/3/35,B,9200,0.0631653
RE+2/3/35,C,9200,0.0436993
RE+2/3/36,A,9200,0.079463
RE+2/3/36,B,9200,0.089054
RE+2/3/36,C,9200,0.0810418
RE+2/3/1,A,9200,0.0561915
RE+2/3/1,B,9200,0.0373655
RE+2/3/1,C,9200,0.0409112
RE+3/3/22,A,9200,0.20503
RE+3/3/22,B,9200,0.17836
RE+3/3/22,C,9200,0.114958
RE+4/2/9,A,9200,0.0696177
RE+4/2/9,B,9200,0.0364557
RE+4/2/9,C,9200,0.0204574
RE+4/2/10,A,9200,0.142919
RE+4/2/10,B,9200,0.164859
RE+4/2/10,C,9200,0.0308556
RE+4/2/11,A,9200,0.046159
RE+4/2/11,B,9200,0.0786152
RE+4/2/11,C,9200,0.0436967
RE+4/3/9,A,9200,0.0349391
RE+4/3/9,B,9200,0.101541
RE+4/3/9,C,9200,0.0269991
RE+4/3/10,A,9200,0.0265021
RE+4/3/10,B,9200,0.0446672
RE+4/3/10,C,9200,0.0970087
RE+4/3/11,A,9200,0.28798
RE+4/3/11,B,9200,0.446122
RE+4/3/11,C,9200,0.808885
RE+4/2/12,A,9200,0.0234758
RE+4/2/12,B,9200,0.0243323
RE+4/2/12,C,9200,0.0257819
RE+4/2/13,A,9200,0.0741011
RE+4/2/13,B,9200,0.0928259
RE+4/2/13,C,9200,0.0619373
RE+4/2/14,A,9200,0.0779278
RE+4/2/14,B,9200,0.740228
RE+4/2/14,C,9200,0.0339474
RE+4/3/12,A,9200,0.0358723
RE+4/3/12,B,9200,0.0306863
RE+4/3/12,C,9200,0.0281497
RE+4/3/13,A,9200,0.0268206
RE+4/3/13,B,9200,0.0292873
RE+4/3/13,C,9200,0.238585
RE+4/3/14,A,9200,0.0169323
RE+4/3/14,B,9200,0.0159614
RE+4/3/14,C,9200,0.0170918
RE+4/2/15,A,9200,0.408468
RE+4/2/15,B,9200,0.0777844
RE+4/2/15,C,9200,0.0577492
RE+4/2/16,A,9200,0.0483291
RE+4/2/16,B,9200,0.0292129
RE+4/2/16,C,9200,0.0264401
RE+4/2/17,A,9200,0.275623
RE+4/2/17,B,9200,1.81538
RE+4/2/17,C,9200,2.18327
RE+4/3/15,A,9200,0.0394436
RE+4/3/15,B,9200,0.0158186
RE+4/3/15,C,9200,0.03084
RE+4/3/16,A,9200,0.027377
RE+4/3/16,B,9200,0.0246733
RE+4/3/16,C,9200,0.0408538
RE+4/3/17,A,9200,0.046667
RE+4/3/17,B,9200,0.0319996
RE+4/3/17,C,9200,0.0578386
RE+4/2/18,A,9200,0.0424821
RE+4/2/18,B,9200,0.02363
RE+4/2/18,C,9200,0.0192402
RE+4/2/19,A,9200,0.105898
RE+4/2/19,B,9200,0.0535073
RE+4/2/19,C,9200,0.0351533
RE+4/2/20,A,9200,0.033037
RE+4/2/20,B,9200,0.0643489
RE+4/2/20,C,9200,0.0360035
RE+4/3/18,A,9200,0.0220379
RE+4/3/18,B,9200,0.0236251
RE+4/3/18,C,9200,0.0218848
RE+4/3/19,A,9200,0.0105606
RE+4/3/19,B,9200,0.0202522
RE+4/3/19,C,9200,0.0306305
RE+4/3/20,A,9200,0.0399786
RE+4/3/20,B,9200,0.0140497
RE+4/3/20,C,9200,0.0292643
RE+4/2/21,A,9200,0.0339891
RE+4/2/21,B,9200,0.149638
RE+4/2/21,C,9200,0.095514
RE+4/2/22,A,9200,0.0576654
RE+4/2/22,B,9200,0.063231
RE+4/2/22,C,9200,0.024556
RE+4/2/23,A,9200,0.0314257
RE+4/2/23,B,9200,0.0613572
RE+4/2/23,C,9200,0.243983
RE+4/3/21,A,9200,0.0291488
RE+4/3/21,B,9200,0.059822
RE+4/3/21,C,9200,0.0250838
RE+4/3/22,A,9200,0.798865
RE+4/3/22,B,9200,0.0640827
RE+4/3/22,C,9200,0.0492194
RE+4/3/23,A,9200,2.29317
RE+4/3/23,B,9200,0.0176261
RE+4/3/23,C,9200,0.0266809
RE+4/2/24,A,9200,0.760891
RE+4/2/24,B,9200,0.285284
RE+4/2/24,C,9200,1.18267
RE+4/2/25,A,9200,0.0704192
RE+4/2/25,B,9200,0.31152
RE+4/2/25,C,9200,0.12842
RE+4/2/26,A,9200,0.0436036
RE+4/2/26,B,9200,0.114015
RE+4/2/26,C,9200,0.0826968
RE+4/3/24,A,9200,0.353863
RE+4/3/24,B,9200,0.0223365
RE+4/3/24,C,9200,0.0223068
RE+4/3/25,A,9200,0.0223063
RE+4/3/25,B,9200,0.0159102
RE+4/3/25,C,9200,0.0243536
RE+4/3/26,A,9200,0.0405489
RE+4/3/26,B,9200,0.0560165
RE+4/3/26,C,9200,0.0723538
RE+3/2/9,A,9200,0.0932348
RE+3/2/9,B,9200,0.116245
RE+3/2/9,C,9200,0.107511
RE+3/2/10,A,9200,0.24132
RE+3/2/10,B,9200,0.256433
RE+3/2/10,C,9200,0.126636
RE+3/2/11,A,9200,0.100819
RE+3/2/11,B,9200,0.160578
RE+3/2/11,C,9200,0.131226
RE+3/3/9,A,9200,0.150174
RE+3/3/9,B,9200,0.177592
RE+3/3/9,C,9200,0.154252
RE+3/3/10,A,9200,0.151901
RE+3/3/10,B,9200,0.132745
RE+3/3/10,C,9200,0.102923
RE+3/3/11,A,9200,0.171323
RE+3/3/11,B,9200,0.317204
RE+3/3/11,C,9200,0.239763
RE+3/2/12,A,9200,0.0791841
RE+3/2/12,B,9200,0.0682513
RE+3/2/12,C,9200,0.0916408
RE+3/2/13,A,9200,0.0708144
RE+3/2/13,B,9200,0.107879
RE+3/2/13,C,9200,0.0751517
RE+3/2/14,A,9200,0.0722195
RE+3/2/14,B,9200,0.0991586
RE+3/2/14,C,9200,0.0610871
RE+3/3/12,A,9200,0.257256
RE+3/3/12,B,9200,0.122125
RE+3/3/12,C,9200,0.124041
RE+3/3/13,A,9200,0.201753
RE+3/3/13,B,9200,0.123626
RE+3/3/13,C,9200,0.129142
RE+3/3/14,A,9200,0.0801163
RE+3/3/14,B,9200,0.131604
RE+3/3/14,C,9200,0.109438
RE+3/2/15,A,9200,0.078527
RE+3/2/15,B,9200,0.0968685
RE+3/2/15,C,9200,0.0873084
RE+3/2/16,A,9200,0.0714939
RE+3/2/16,B,9200,0.0959164
RE+3/2/16,C,9200,0.0866709
RE+3/2/17,A,9200,0.0756367
RE+3/2/17,B,9200,0.119793
RE+3/2/17,C,9200,0.0880831
RE+3/3/15,A,9200,0.0816997
RE+3/3/15,B,9200,0.187815
RE+3/3/15,C,9200,0.110689
RE+3/3/16,A,9200,0.199224
RE+3/3/16,B,9200,0.092188
RE+3/3/16,C,9200,0.0983058
RE+3/3/17,A,9200,0.221618
RE+3/3/17,B,9200,0.14408
RE+3/3/17,C,9200,0.127652
RE+3/2/18,A,9200,0.0698916
RE+3/2/18,B,9200,0.0555859
RE+3/2/18,C,9200,0.0759197
RE+3/2/19,A,9200,0.117749
RE+3/2/19,B,9200,0.0935891
RE+3/2/19,C,9200,0.0872615
RE+3/2/20,A,9200,0.880418
RE+3/2/20,B,9200,0.124843
RE+3/2/20,C,9200,0.0803576
RE+3/3/18,A,9200,0.0546215
RE+3/3/18,B,9200,0.0398892
RE+3/3/18,C,9200,0.0450453
RE+3/3/19,A,9200,0.0652716
RE+3/3/19,B,9200,0.0744797
RE+3/3/19,C,9200,0.386811
RE+3/3/20,A,9200,0.100848
RE+3/3/20,B,9200,0.102829
RE+3/3/20,C,9200,0.0795124
RE+3/2/21,A,9200,0.0961154
RE+3/2/21,B,9200,0.112462
RE+3/2/21,C,9200,0.137558
RE+3/2/22,A,9200,0.0759
RE+3/2/22,B,9200,0.104396
RE+3/2/22,C,9200,0.0968935
RE+3/2/23,A,9200,0.105654
RE+3/2/23,B,9200,0.148859
RE+3/2/23,C,9200,0.095763
RE+3/3/21,A,9200,0.137553
RE+3/3/21,B,9200,0.114073
RE+3/3/21,C,9200,0.116985
RE+3/3/23,A,9200,0.117746
RE+3/3/23,B,9200,0.138384
RE+3/3/23,C,9200,0.118631
RE+3/2/24,A,9200,0.0875199
RE+3/2/24,B,9200,0.14689
RE+3/2/24,C,9200,0.108452
RE+3/2/25,A,9200,0.110411
RE+3/2/25,B,9200,0.201846
RE+3/2/25,C,9200,0.107684
RE+3/2/26,A,9200,0.231244
RE+3/2/26,B,9200,0.22715
RE+3/2/26,C,9200,0.115187
RE+3/3/24,A,9200,0.0377117
RE+3/3/24,B,9200,0.0461479
RE+3/3/24,C,9200,0.0969442
RE+3/3/25,A,9200,0.109927
RE+3/3/25,B,9200,0.107583
RE+3/3/25,C,9200,0.154464
RE+3/3/26,A,9200,0.159054
RE+3/3/26,B,9200,0.190359
RE+3/3/26,C,9200,0.158206
RE+3/3/28,A,9200,0.109006
RE+3/3/28,B,9200,0.136943
RE+3/3/28,C,9200,0.0919555
RE+4/2/33,A,9200,0.0241194
RE+4/2/33,B,9200,0.0331833
RE+4/2/33,C,9200,0.0237089
RE+4/2/34,A,9200,0.175779
RE+4/2/34,B,9200,0.117315
RE+4/2/34,C,9200,0.0478114
RE+4/2/35,A,9200,0.037753
RE+4/2/35,B,9200,0.0356007
RE+4/2/35,C,9200,0.0550825
RE+4/3/33,A,9200,0.101194
RE+4/3/33,B,9200,0.0531339
RE+4/3/33,C,9200,0.80071
RE+4/3/34,A,9200,0.0323811
RE+4/3/34,B,9200,0.0328872
RE+4/3/34,C,9200,0.05027
RE+4/3/35,A,9200,0.016457
RE+4/3/35,B,9200,0.484607
RE+4/3/35,C,9200,0.0133932
RE+4/2/36,A,9200,0.0401328
RE+4/2/36,B,9200,0.0348942
RE+4/2/36,C,9200,0.038544
RE+4/2/1,A,9200,0.0376032
RE+4/2/1,B,9200,0.0403572
RE+4/2/1,C,9200,0.0768699
RE+4/2/2,A,9200,0.0299222
RE+4/2/2,B,9200,0.0378513
RE+4/2/2,C,9200,0.0281412
RE+4/3/36,A,9200,0.0252576
RE+4/3/36,B,9200,0.0216528
RE+4/3/36,C,9200,0.0210309
RE+4/3/1,A,9200,0.0152638
RE+4/3/1,B,9200,0.0181614
RE+4/3/1,C,9200,0.1541
RE+4/3/2,A,9200,0.248832
RE+4/3/2,B,9200,0.0185724
RE+4/3/2,C,9200,0.0183699
RE+4/2/3,A,9200,0.151411
RE+4/2/3,B,9200,0.0358061
RE+4/2/3,C,9200,0.0378425
RE+4/2/4,A,9200,0.0319244
RE+4/2/4,B,9200,0.0265221
RE+4/2/4,C,9200,0.0189967
RE+4/2/5,A,9200,0.903451
RE+4/2/5,B,9200,0.208598
RE+4/2/5,C,9200,0.112796
RE+4/3/3,A,9200,0.0508043
RE+4/3/3,B,9200,0.0302609
RE+4/3/3,C,9200,0.026127
RE+4/3/4,A,9200,0.0359112
RE+4/3/4,B,9200,0.0213337
RE+4/3/4,C,9200,0.0209341
RE+4/3/5,A,9200,0.054308
RE+4/3/5,B,9200,0.0262824
RE+4/3/5,C,9200,0.0304667
RE+4/2/6,A,9200,0.0331792
RE+4/2/6,B,9200,0.034907
RE+4/2/6,C,9200,0.0205972
RE+4/2/7,A,9200,0.0590138
RE+4/2/7,B,9200,0.0688288
RE+4/2/7,C,9200,0.0275411
RE+4/2/8,A,9200,8.26593
RE+4/2/8,B,9200,0.0661244
RE+4/2/8,C,9200,0.0740321
RE+4/3/6,A,9200,0.0211495
RE+4/3/6,B,9200,0.0246858
RE+4/3/6,C,9200,0.0236085
RE+4/3/7,A,9200,0.0782365
RE+4/3/7,B,9200,0.0484355
RE+4/3/7,C,9200,0.0268194
RE+4/3/8,A,9200,0.0257417
RE+4/3/8,B,9200,0.0234894
RE+4/3/8,C,9200,0.0181462
RE+4/2/27,A,9200,0.0311988
RE+4/2/27,B,9200,0.0961411
RE+4/2/27,C,9200,0.748692
RE+4/2/28,A,9200,0.0326555
RE+4/2/28,B,9200,0.0355799
RE+4/2/28,C,9200,0.0526124
RE+4/2/29,A,9200,0.175422
RE+4/2/29,B,9200,0.0352984
RE+4/2/29,C,9200,0.0298832
RE+4/3/27,A,9200,0.0236438
RE+4/3/27,B,9200,0.0258627
RE+4/3/27,C,9200,0.033569
RE+4/3/28,A,9200,0.1009
RE+4/3/28,B,9200,0.0268177
RE+4/3/28,C,9200,0.027524
RE+4/3/29,A,9200,0.0264478
RE+4/3/29,B,9200,0.0379907
RE+4/3/29,C,9200,0.0351848
RE+4/2/30,A,9200,0.010668
RE+4/2/30,B,9200,0.0102696
RE+4/2/30,C,9200,0.0116001
RE+4/2/31,A,9200,0.027179
RE+4/2/31,B,9200,0.0363017
RE+4/2/31,C,9200,0.0312121
RE+4/2/32,A,9200,0.0304129
RE+4/2/32,B,9200,0.0457976
RE+4/2/32,C,9200,0.0531689
RE+4/3/30,A,9200,0.0192485
RE+4/3/30,B,9200,0.0168109
RE+4/3/30,C,9200,0.0163828
RE+4/3/31,A,9200,0.0155692
RE+4/3/31,B,9200,0.0140053
RE+4/3/31,C,9200,0.0256852
RE+4/3/32,A,9200,0.0235256
RE+4/3/32,B,9200,0.0224738
RE+4/3/32,C,9200,0.0217116
RE+3/2/3,A,9200,0.297749
RE+3/2/3,B,9200,0.515802
RE+3/2/3,C,9200,1.15008
RE+3/2/4,A,9200,0.0337424
RE+3/2/4,B,9200,0.0490796
RE+3/2/4,C,9200,0.0401011
RE+3/2/5,A,9200,0.057372
RE+3/2/5,B,9200,0.106299
RE+3/2/5,C,9200,0.0844068
RE+3/3/3,A,9200,0.102051
RE+3/3/3,B,9200,0.0772359
RE+3/3/3,C,9200,0.0583735
RE+3/3/4,A,9200,0.112093
RE+3/3/4,B,9200,0.121957
RE+3/3/4,C,9200,0.101394
RE+3/3/5,A,9200,0.197199
RE+3/3/5,B,9200,0.112708
RE+3/3/5,C,9200,0.113116
RE+3/2/6,A,9200,0.169792
RE+3/2/6,B,9200,0.0752877
RE+3/2/6,C,9200,0.0760738
RE+3/2/7,A,9200,0.0654555
RE+3/2/7,B,9200,0.0760494
RE+3/2/7,C,9200,0.0994905
RE+3/2/8,A,9200,0.23963
RE+3/2/8,B,9200,0.109211
RE+3/2/8,C,9200,0.0718556
RE+3/3/6,A,9200,0.0671094
RE+3/3/6,B,9200,0.043172
RE+3/3/6,C,9200,0.0622199
RE+3/3/7,A,9200,0.197592
RE+3/3/7,B,9200,0.165693
RE+3/3/7,C,9200,0.17991
RE+3/3/8,A,9200,0.120351
RE+3/3/8,B,9200,0.139899
RE+3/3/8,C,9200,0.11719
RE+3/2/33,A,9200,0.19225
RE+3/2/33,B,9200,0.23352
RE+3/2/33,C,9200,0.127944
RE+3/2/34,A,9200,0.0735712
RE+3/2/34,B,9200,0.116992
RE+3/2/34,C,9200,0.131465
RE+3/2/35,A,9200,0.0841606
RE+3/2/35,B,9200,0.191259
RE+3/2/35,C,9200,0.107606
RE+3/3/33,A,9200,0.419244
RE+3/3/33,B,9200,0.216833
RE+3/3/33,C,9200,0.221235
RE+3/3/34,A,9200,0.0643475
RE+3/3/34,B,9200,0.0781326
RE+3/3/34,C,9200,0.110002
RE+3/3/35,A,9200,0.135011
RE+3/3/35,B,9200,0.147064
RE+3/3/35,C,9200,0.129795
RE+3/2/36,A,9200,0.0652202
RE+3/2/36,B,9200,0.106902
RE+3/2/36,C,9200,0.0752625
RE+3/2/1,A,9200,0.0952424
RE+3/2/1,B,9200,0.16196
RE+3/2/1,C,9200,0.151685
RE+3/2/2,A,9200,0.0806102
RE+3/2/2,B,9200,0.118848
RE+3/2/2,C,9200,0.118511
RE+3/3/36,A,9200,0.0689614
RE+3/3/36,B,9200,0.0436708
RE+3/3/36,C,9200,0.0604975
RE+3/3/1,A,9200,0.196367
RE+3/3/1,B,9200,0.132198
RE+3/3/1,C,9200,0.122315
RE+3/3/2,A,9200,0.0853228
RE+3/3/2,B,9200,0.121056
RE+3/3/2,C,9200,0.144156
RE+3/2/27,A,9200,0.0671224
RE+3/2/27,B,9200,0.10015
RE+3/2/27,C,9200,0.0785974
RE+3/2/28,A,9200,0.0898279
RE+3/2/28,B,9200,0.234072
RE+3/2/28,C,9200,0.112764
RE+3/2/29,A,9200,0.0769632
RE+3/2/29,B,9200,0.129491
RE+3/2/29,C,9200,0.103199
RE+3/3/27,A,9200,0.0940209
RE+3/3/27,B,9200,0.105647
RE+3/3/27,C,9200,0.143318
RE+3/3/29,A,9200,0.115263
RE+3/3/29,B,9200,0.139658
RE+3/3/29,C,9200,0.124046
RE+3/2/30,A,9200,0.0880792
RE+3/2/30,B,9200,0.094764
RE+3/2/30,C,9200,0.0860553
RE+3/2/31,A,9200,0.534255
RE+3/2/31,B,9200,0.820287
RE+3/2/31,C,9200,1.08499
RE+3/2/32,A,9200,0.151068
RE+3/2/32,B,9200,0.207695
RE+3/2/32,C,9200,0.231248
RE+3/3/30,A,9200,0.166107
RE+3/3/30,B,9200,0.140723
RE+3/3/30,C,9200,0.0863922
RE+3/3/31,A,9200,0.106202
RE+3/3/31,B,9200,0.0866931
RE+3/3/31,C,9200,0.0695258
RE+3/3/32,A,9200,0.384644
RE+3/3/32,B,9200,0.26061
RE+3/3/32,C,9200,0.429977
