W+1/RB2out/8,Backward,9100,0.121773
W+1/RB4/4--,Forward,9100,0.00948994
W+1/RB4/4-,Forward,9100,0.0320149
W+1/RB4/4+,Forward,9100,0.0430247
W+1/RB4/4++,Forward,9100,0.000345268
W+1/RB3/4-,Forward,9100,0.017786
W+1/RB3/4+,Forward,9100,0.0253682
W+1/RB4/4--,Backward,9100,0.00931697
W+1/RB4/4-,Backward,9100,0.0358466
W+1/RB4/4+,Backward,9100,0.0741193
W+1/RB4/4++,Backward,9100,0.000197055
W+1/RB3/4-,Backward,9100,0.0331414
W+1/RB3/4+,Backward,9100,0.0216393
W+1/RB2in/4,Forward,9100,0.0828498
W+1/RB2in/4,Central,9100,0.0503388
W+1/RB2in/4,Backward,9100,0.510447
W+1/RB2out/4,Forward,9100,0.0277463
W+1/RB1out/4,Forward,9100,0.0559043
W+1/RB1in/4,Forward,9100,0.0411972
W+1/RB2out/4,Backward,9100,0.0262852
W+1/RB1out/4,Backward,9100,0.0184451
W+1/RB1in/4,Backward,9100,0.0486672
W+1/RB4/5-,Forward,9100,0.05431
W+1/RB4/5+,Forward,9100,0.103191
W+1/RB3/5-,Forward,9100,0.0428504
W+1/RB3/5+,Forward,9100,0.0136187
W+1/RB4/5-,Backward,9100,0.106545
W+1/RB4/5+,Backward,9100,0.100323
W+1/RB3/5-,Backward,9100,0.0457532
W+1/RB3/5+,Backward,9100,0.0109087
W+1/RB2in/5,Forward,9100,0.331934
W+1/RB2in/5,Central,9100,0.096115
W+1/RB2in/5,Backward,9100,0.0537027
W+1/RB2out/5,Forward,9100,0.0225227
W+1/RB1out/5,Forward,9100,0.213048
W+1/RB1in/5,Forward,9100,0.0413942
W+1/RB2out/5,Backward,9100,0.0233879
W+1/RB1out/5,Backward,9100,0.0899858
W+1/RB1in/5,Backward,9100,0.0148933
W+1/RB4/6-,Forward,9100,0.0617217
W+1/RB4/6+,Forward,9100,0.0552979
W+1/RB3/6-,Forward,9100,0.266715
W+1/RB3/6+,Forward,9100,0.0663401
W+1/RB4/6-,Backward,9100,0.039215
W+1/RB4/6+,Backward,9100,0.0772603
W+1/RB3/6-,Backward,9100,0.195521
W+1/RB3/6+,Backward,9100,0.0413241
W+1/RB2in/6,Forward,9100,0.221893
W+1/RB2in/6,Central,9100,0.180713
W+1/RB2in/6,Backward,9100,0.13505
W+1/RB2out/6,Forward,9100,0.887837
W+1/RB1out/6,Forward,9100,0.0471983
W+1/RB1in/6,Forward,9100,0.694127
W+1/RB2out/6,Backward,9100,0.747022
W+1/RB1out/6,Backward,9100,0.0416444
W+1/RB1in/6,Backward,9100,0.0272742
W+1/RB4/7-,Forward,9100,0.0452012
W+1/RB4/7+,Forward,9100,0.156547
W+1/RB3/7-,Forward,9100,3.18674
W+1/RB3/7+,Forward,9100,0.0424335
W+1/RB4/7-,Backward,9100,0.0577551
W+1/RB4/7+,Backward,9100,0.100507
W+1/RB3/7-,Backward,9100,5.49994
W+1/RB3/7+,Backward,9100,0.0446651
W+1/RB2in/7,Forward,9100,0.130989
W+1/RB2in/7,Central,9100,0.060156
W+1/RB2in/7,Backward,9100,0.025091
W+1/RB2out/7,Forward,9100,0.0357353
W+1/RB1out/7,Forward,9100,0.0138314
W+1/RB1in/7,Forward,9100,0.101225
W+1/RB2out/7,Backward,9100,0.0139299
W+1/RB1out/7,Backward,9100,0.0168297
W+1/RB1in/7,Backward,9100,0.054656
W+1/RB4/8-,Forward,9100,0.0975349
W+1/RB4/8+,Forward,9100,0.062822
W+1/RB3/8-,Forward,9100,0.0477133
W+1/RB3/8+,Forward,9100,0.169195
W+1/RB4/8-,Backward,9100,0.18694
W+1/RB4/8+,Backward,9100,0.0552115
W+1/RB3/8-,Backward,9100,0.0474451
W+1/RB3/8+,Backward,9100,0.24453
W+1/RB2in/8,Forward,9100,0.124823
W+1/RB2in/8,Central,9100,0.111291
W+1/RB2in/8,Backward,9100,0.0665144
W+1/RB2out/8,Forward,9100,0.103299
W+1/RB1out/8,Forward,9100,0.0779667
W+1/RB1in/8,Forward,9100,0.127006
W+1/RB1out/8,Backward,9100,0.157452
W+1/RB1in/8,Backward,9100,2.11792
W+1/RB4/9,Forward,9100,0.102657
W+1/RB3/9-,Forward,9100,0.0337516
W+1/RB3/9+,Forward,9100,0.0708885
W+1/RB4/9,Backward,9100,0.120379
W+1/RB3/9-,Backward,9100,0.0442896
W+1/RB3/9+,Backward,9100,0.0343623
W+1/RB2in/9,Forward,9100,0.132773
W+1/RB2in/9,Central,9100,0.148234
W+1/RB2in/9,Backward,9100,0.116514
W+1/RB2out/9,Forward,9100,0.122727
W+1/RB1out/9,Forward,9100,0.045655
W+1/RB1in/9,Forward,9100,0.112998
W+1/RB2out/9,Backward,9100,0.0967494
W+1/RB1out/9,Backward,9100,0.0391203
W+1/RB1in/9,Backward,9100,0.0653195
W+1/RB2out/11,Backward,9100,0.0775998
W+1/RB4/1-,Forward,9100,0.0400731
W+1/RB4/1+,Forward,9100,0.209709
W+1/RB3/1-,Forward,9100,0.054387
W+1/RB3/1+,Forward,9100,0.42891
W+1/RB4/1-,Backward,9100,0.0720225
W+1/RB4/1+,Backward,9100,0.261802
W+1/RB3/1-,Backward,9100,0.10426
W+1/RB3/1+,Backward,9100,0.0900167
W+1/RB2in/1,Forward,9100,0.151053
W+1/RB2in/1,Central,9100,0.34271
W+1/RB2in/1,Backward,9100,0.0168279
W+1/RB2out/1,Forward,9100,0.0502831
W+1/RB1out/1,Forward,9100,0.0115538
W+1/RB1in/1,Forward,9100,0.00348664
W+1/RB2out/1,Backward,9100,0.0450956
W+1/RB1out/1,Backward,9100,0.0201657
W+1/RB1in/1,Backward,9100,0.00340281
W+1/RB4/2-,Forward,9100,0.0178529
W+1/RB4/2+,Forward,9100,0.0417081
W+1/RB3/2-,Forward,9100,0.154423
W+1/RB3/2+,Forward,9100,0.154082
W+1/RB4/2-,Backward,9100,0.0326768
W+1/RB4/2+,Backward,9100,0.0569807
W+1/RB3/2-,Backward,9100,0.138268
W+1/RB3/2+,Backward,9100,0.346808
W+1/RB2in/2,Forward,9100,0.109155
W+1/RB2in/2,Central,9100,0.0964618
W+1/RB2in/2,Backward,9100,0.0526424
W+1/RB2out/2,Forward,9100,0.157448
W+1/RB1out/2,Forward,9100,0.122028
W+1/RB1in/2,Forward,9100,0.159897
W+1/RB2out/2,Backward,9100,0.181988
W+1/RB1out/2,Backward,9100,0.0338908
W+1/RB1in/2,Backward,9100,0.121351
W+1/RB4/3-,Forward,9100,0.0283189
W+1/RB4/3+,Forward,9100,0.117457
W+1/RB3/3-,Forward,9100,0.063459
W+1/RB3/3+,Forward,9100,0.0434773
W+1/RB4/3-,Backward,9100,0.0292954
W+1/RB4/3+,Backward,9100,0.0981173
W+1/RB3/3-,Backward,9100,0.0315535
W+1/RB3/3+,Backward,9100,0.035089
W+1/RB2in/3,Forward,9100,0.216326
W+1/RB2in/3,Central,9100,0.13757
W+1/RB2in/3,Backward,9100,0.0957405
W+1/RB2out/3,Forward,9100,0.168997
W+1/RB1out/3,Forward,9100,0.125803
W+1/RB1in/3,Forward,9100,0.101094
W+1/RB2out/3,Backward,9100,0.1066
W+1/RB1out/3,Backward,9100,0.12811
W+1/RB1in/3,Backward,9100,0.0312452
W+1/RB4/10-,Forward,9100,0.105583
W+1/RB4/10+,Forward,9100,0.0181918
W+1/RB3/10-,Forward,9100,0.119754
W+1/RB3/10+,Forward,9100,0.0342177
W+1/RB4/10-,Backward,9100,0.0762678
W+1/RB4/10+,Backward,9100,0.0154503
W+1/RB3/10-,Backward,9100,0.0983774
W+1/RB3/10+,Backward,9100,0.0369679
W+1/RB2in/10,Forward,9100,0.0836235
W+1/RB2in/10,Central,9100,0.154039
W+1/RB2in/10,Backward,9100,0.0518277
W+1/RB2out/10,Forward,9100,0.103526
W+1/RB1out/10,Forward,9100,0.0521168
W+1/RB1in/10,Forward,9100,0.0152734
W+1/RB2out/10,Backward,9100,0.178465
W+1/RB1out/10,Backward,9100,0.0264271
W+1/RB1in/10,Backward,9100,0.023566
W+1/RB4/11,Forward,9100,0.0415668
W+1/RB3/11-,Forward,9100,0.100375
W+1/RB3/11+,Forward,9100,0.0525551
W+1/RB4/11,Backward,9100,0.0288386
W+1/RB3/11-,Backward,9100,0.0606277
W+1/RB3/11+,Backward,9100,0.0437221
W+1/RB2in/11,Forward,9100,0.0841957
W+1/RB2in/11,Central,9100,0.0684858
W+1/RB2in/11,Backward,9100,0.0471399
W+1/RB2out/11,Forward,9100,0.169858
W+1/RB1out/11,Forward,9100,0.0415099
W+1/RB1in/11,Forward,9100,0.0458714
W+1/RB1out/11,Backward,9100,0.0661094
W+1/RB1in/11,Backward,9100,0.0218602
W+1/RB4/12-,Forward,9100,0.0238664
W+1/RB4/12+,Forward,9100,0.107614
W+1/RB3/12-,Forward,9100,0.116171
W+1/RB3/12+,Forward,9100,0.0669533
W+1/RB4/12-,Backward,9100,0.0644557
W+1/RB4/12+,Backward,9100,0.0436062
W+1/RB3/12-,Backward,9100,0.096251
W+1/RB3/12+,Backward,9100,0.0371341
W+1/RB2in/12,Forward,9100,0.145118
W+1/RB2in/12,Central,9100,0.198515
W+1/RB2in/12,Backward,9100,0.135585
W+1/RB2out/12,Forward,9100,0.164084
W+1/RB1out/12,Forward,9100,0.20189
W+1/RB1in/12,Forward,9100,0.0796028
W+1/RB2out/12,Backward,9100,0.116464
W+1/RB1out/12,Backward,9100,0.0588367
W+1/RB1in/12,Backward,9100,0.0799068
W+2/RB2in/8,Backward,9100,0.109188
W+2/RB4/4--,Forward,9100,0.114691
W+2/RB4/4-,Forward,9100,0.056008
W+2/RB4/4+,Forward,9100,0.0551547
W+2/RB4/4++,Forward,9100,0.106288
W+2/RB3/4-,Forward,9100,0.15425
W+2/RB3/4+,Forward,9100,0.108929
W+2/RB4/4--,Backward,9100,0.110599
W+2/RB4/4-,Backward,9100,0.11641
W+2/RB4/4+,Backward,9100,0.0322447
W+2/RB4/4++,Backward,9100,0.0647065
W+2/RB3/4-,Backward,9100,0.0609033
W+2/RB3/4+,Backward,9100,0.0988518
W+2/RB2out/4,Forward,9100,0.04722
W+2/RB2out/4,Central,9100,0.0779655
W+2/RB2out/4,Backward,9100,0.023882
W+2/RB2in/4,Forward,9100,0.0731298
W+2/RB1out/4,Forward,9100,0.537596
W+2/RB1in/4,Forward,9100,0.0670481
W+2/RB2in/4,Backward,9100,0.124154
W+2/RB1out/4,Backward,9100,0.0882644
W+2/RB1in/4,Backward,9100,0.0922782
W+2/RB4/5-,Forward,9100,0.0524564
W+2/RB4/5+,Forward,9100,0.0875996
W+2/RB3/5-,Forward,9100,0.142777
W+2/RB3/5+,Forward,9100,0.0992967
W+2/RB4/5-,Backward,9100,0.0531774
W+2/RB4/5+,Backward,9100,0.0591057
W+2/RB3/5-,Backward,9100,0.104754
W+2/RB3/5+,Backward,9100,0.121177
W+2/RB2out/5,Forward,9100,0.0656006
W+2/RB2out/5,Central,9100,0.0594499
W+2/RB2out/5,Backward,9100,0.0309297
W+2/RB2in/5,Forward,9100,0.141891
W+2/RB1out/5,Forward,9100,0.132573
W+2/RB1in/5,Forward,9100,0.202465
W+2/RB2in/5,Backward,9100,0.0364537
W+2/RB1out/5,Backward,9100,0.104562
W+2/RB1in/5,Backward,9100,0.0628418
W+2/RB4/6-,Forward,9100,0.12021
W+2/RB4/6+,Forward,9100,0.03966
W+2/RB3/6-,Forward,9100,0.0899671
W+2/RB3/6+,Forward,9100,0.0974732
W+2/RB4/6-,Backward,9100,0.0579489
W+2/RB4/6+,Backward,9100,0.0806649
W+2/RB3/6-,Backward,9100,0.11339
W+2/RB3/6+,Backward,9100,0.133709
W+2/RB2out/6,Forward,9100,0.04494
W+2/RB2out/6,Central,9100,0.0509239
W+2/RB2out/6,Backward,9100,0.0395446
W+2/RB2in/6,Forward,9100,0.0268804
W+2/RB1out/6,Forward,9100,0.0690173
W+2/RB1in/6,Forward,9100,0.127887
W+2/RB2in/6,Backward,9100,0.0250242
W+2/RB1out/6,Backward,9100,0.0489841
W+2/RB1in/6,Backward,9100,0.07292
W+2/RB4/7-,Forward,9100,0.083766
W+2/RB4/7+,Forward,9100,0.148884
W+2/RB3/7-,Forward,9100,0.0702583
W+2/RB3/7+,Forward,9100,0.0229643
W+2/RB4/7-,Backward,9100,0.121004
W+2/RB4/7+,Backward,9100,0.140547
W+2/RB3/7-,Backward,9100,0.131026
W+2/RB3/7+,Backward,9100,0.0214361
W+2/RB2out/7,Forward,9100,0.0230084
W+2/RB2out/7,Central,9100,0.0845353
W+2/RB2out/7,Backward,9100,0.0186342
W+2/RB2in/7,Forward,9100,0.0178444
W+2/RB1out/7,Forward,9100,0.12285
W+2/RB1in/7,Forward,9100,0.192442
W+2/RB2in/7,Backward,9100,0.0196036
W+2/RB1out/7,Backward,9100,0.155804
W+2/RB1in/7,Backward,9100,0.166257
W+2/RB4/8-,Forward,9100,0.0853301
W+2/RB4/8+,Forward,9100,0.0104692
W+2/RB3/8-,Forward,9100,0.131212
W+2/RB3/8+,Forward,9100,0.113352
W+2/RB4/8-,Backward,9100,0.103864
W+2/RB4/8+,Backward,9100,0.00403879
W+2/RB3/8-,Backward,9100,0.128187
W+2/RB3/8+,Backward,9100,0.133695
W+2/RB2out/8,Forward,9100,0.0698047
W+2/RB2out/8,Central,9100,0.196428
W+2/RB2out/8,Backward,9100,0
W+2/RB2in/8,Forward,9100,0.700314
W+2/RB1out/8,Forward,9100,0.231044
W+2/RB1in/8,Forward,9100,0.0729134
W+2/RB1out/8,Backward,9100,0.380253
W+2/RB1in/8,Backward,9100,0.0634972
W+2/RB4/9,Forward,9100,0.055737
W+2/RB3/9-,Forward,9100,0.20628
W+2/RB3/9+,Forward,9100,0.11327
W+2/RB4/9,Backward,9100,0.0818657
W+2/RB3/9-,Backward,9100,0.127686
W+2/RB3/9+,Backward,9100,0.202315
W+2/RB2out/9,Forward,9100,0.169146
W+2/RB2out/9,Central,9100,0.221354
W+2/RB2out/9,Backward,9100,0.109613
W+2/RB2in/9,Forward,9100,0.365336
W+2/RB1out/9,Forward,9100,0.0535398
W+2/RB1in/9,Forward,9100,0.902594
W+2/RB2in/9,Backward,9100,0.3329
W+2/RB1out/9,Backward,9100,0.0451056
W+2/RB1in/9,Backward,9100,0.036211
W+2/RB2in/11,Backward,9100,1.04048
W+2/RB4/1-,Forward,9100,0.158355
W+2/RB4/1+,Forward,9100,0.226736
W+2/RB3/1-,Forward,9100,0.169326
W+2/RB3/1+,Forward,9100,0.147625
W+2/RB4/1-,Backward,9100,0.133573
W+2/RB4/1+,Backward,9100,0.219512
W+2/RB3/1-,Backward,9100,0.0837738
W+2/RB3/1+,Backward,9100,1.48276
W+2/RB2out/1,Forward,9100,0.11908
W+2/RB2out/1,Central,9100,0.212137
W+2/RB2out/1,Backward,9100,0.0397523
W+2/RB2in/1,Forward,9100,0.353537
W+2/RB1out/1,Forward,9100,0.0123076
W+2/RB1in/1,Forward,9100,0.0168732
W+2/RB2in/1,Backward,9100,0.0140411
W+2/RB1out/1,Backward,9100,0.0194255
W+2/RB1in/1,Backward,9100,0.0107692
W+2/RB4/2-,Forward,9100,1.00869
W+2/RB4/2+,Forward,9100,1.22532
W+2/RB3/2-,Forward,9100,0.1595
W+2/RB3/2+,Forward,9100,0.0947559
W+2/RB4/2-,Backward,9100,0.255405
W+2/RB4/2+,Backward,9100,0.0379827
W+2/RB3/2-,Backward,9100,0.140468
W+2/RB3/2+,Backward,9100,0.0829056
W+2/RB2out/2,Forward,9100,0.0291196
W+2/RB2out/2,Central,9100,0.0698479
W+2/RB2out/2,Backward,9100,0.0372112
W+2/RB2in/2,Forward,9100,0.0888917
W+2/RB1out/2,Forward,9100,0.136756
W+2/RB1in/2,Forward,9100,0.0932582
W+2/RB2in/2,Backward,9100,0.0275444
W+2/RB1out/2,Backward,9100,0.0994757
W+2/RB1in/2,Backward,9100,0.0848316
W+2/RB4/3-,Forward,9100,0.0145814
W+2/RB4/3+,Forward,9100,0.106909
W+2/RB3/3-,Forward,9100,0.0740684
W+2/RB3/3+,Forward,9100,0.00597042
W+2/RB4/3-,Backward,9100,0.00842525
W+2/RB4/3+,Backward,9100,0.0915339
W+2/RB3/3-,Backward,9100,0.0572918
W+2/RB3/3+,Backward,9100,0.00366
W+2/RB2out/3,Forward,9100,0.0800602
W+2/RB2out/3,Central,9100,0.092067
W+2/RB2out/3,Backward,9100,30.4067
W+2/RB2in/3,Forward,9100,0.0331359
W+2/RB1out/3,Forward,9100,0.10244
W+2/RB1in/3,Forward,9100,0.182098
W+2/RB2in/3,Backward,9100,0.0160564
W+2/RB1out/3,Backward,9100,0.0222697
W+2/RB1in/3,Backward,9100,0.116208
W+2/RB4/10-,Forward,9100,0.0354946
W+2/RB4/10+,Forward,9100,0.0775677
W+2/RB3/10-,Forward,9100,0.0990564
W+2/RB3/10+,Forward,9100,0.163347
W+2/RB4/10-,Backward,9100,0.0312308
W+2/RB4/10+,Backward,9100,0.0432456
W+2/RB3/10-,Backward,9100,0.0672083
W+2/RB3/10+,Backward,9100,0.43455
W+2/RB2out/10,Forward,9100,0.0803436
W+2/RB2out/10,Central,9100,0.0725432
W+2/RB2out/10,Backward,9100,0.0794006
W+2/RB2in/10,Forward,9100,0.181392
W+2/RB1out/10,Forward,9100,0.0241368
W+2/RB1in/10,Forward,9100,0.111912
W+2/RB2in/10,Backward,9100,0.0992099
W+2/RB1out/10,Backward,9100,0.0793972
W+2/RB1in/10,Backward,9100,0.0440763
W+2/RB4/11,Forward,9100,0.824278
W+2/RB3/11-,Forward,9100,28.3313
W+2/RB3/11+,Forward,9100,1.55265
W+2/RB4/11,Backward,9100,0.0118751
W+2/RB3/11-,Backward,9100,0.0335219
W+2/RB3/11+,Backward,9100,0.067469
W+2/RB2out/11,Forward,9100,0.980804
W+2/RB2out/11,Central,9100,0.0267385
W+2/RB2out/11,Backward,9100,0.0280558
W+2/RB2in/11,Forward,9100,0.0292329
W+2/RB1out/11,Forward,9100,0.2729
W+2/RB1in/11,Forward,9100,0.134851
W+2/RB1out/11,Backward,9100,0.213514
W+2/RB1in/11,Backward,9100,0.597586
W+2/RB4/12-,Forward,9100,3.90614
W+2/RB4/12+,Forward,9100,26.0744
W+2/RB3/12-,Forward,9100,13.9933
W+2/RB3/12+,Forward,9100,0.423442
W+2/RB4/12-,Backward,9100,0.0624971
W+2/RB4/12+,Backward,9100,0.256995
W+2/RB3/12-,Backward,9100,0.000353822
W+2/RB3/12+,Backward,9100,0.0514818
W+2/RB2out/12,Forward,9100,0.449165
W+2/RB2out/12,Central,9100,0.178248
W+2/RB2out/12,Backward,9100,0.0845435
W+2/RB2in/12,Forward,9100,7.70695
W+2/RB1out/12,Forward,9100,0.160912
W+2/RB1in/12,Forward,9100,0.137274
W+2/RB2in/12,Backward,9100,0.0867226
W+2/RB1out/12,Backward,9100,0.0884596
W+2/RB1in/12,Backward,9100,0.164753
W-1/RB2out/8,Backward,9100,0.0889915
W-1/RB4/4++,Forward,9100,0.0559762
W-1/RB4/4+,Forward,9100,0.0388108
W-1/RB4/4-,Forward,9100,0.0582681
W-1/RB4/4--,Forward,9100,0.0483046
W-1/RB3/4+,Forward,9100,0.0772129
W-1/RB3/4-,Forward,9100,0.243541
W-1/RB4/4++,Backward,9100,0.0626182
W-1/RB4/4+,Backward,9100,0.287941
W-1/RB4/4-,Backward,9100,0.0389591
W-1/RB4/4--,Backward,9100,0.0386365
W-1/RB3/4+,Backward,9100,0.233623
W-1/RB3/4-,Backward,9100,0.100969
W-1/RB2in/4,Forward,9100,0.478863
W-1/RB2in/4,Central,9100,1.76339
W-1/RB2in/4,Backward,9100,1.71697
W-1/RB2out/4,Forward,9100,0.194586
W-1/RB1out/4,Forward,9100,0.00491772
W-1/RB1in/4,Forward,9100,0.0522971
W-1/RB2out/4,Backward,9100,0.273209
W-1/RB1out/4,Backward,9100,1.25686e-05
W-1/RB1in/4,Backward,9100,0.0342217
W-1/RB4/5+,Forward,9100,0.0495869
W-1/RB4/5-,Forward,9100,0.0558179
W-1/RB3/5+,Forward,9100,0.0547569
W-1/RB3/5-,Forward,9100,0.0269258
W-1/RB4/5+,Backward,9100,0.0993568
W-1/RB4/5-,Backward,9100,0.0609622
W-1/RB3/5+,Backward,9100,0.0477093
W-1/RB3/5-,Backward,9100,0.02129
W-1/RB2in/5,Forward,9100,0.0170913
W-1/RB2in/5,Central,9100,0.0119205
W-1/RB2in/5,Backward,9100,0.0111483
W-1/RB2out/5,Forward,9100,0.0547181
W-1/RB1out/5,Forward,9100,0.0389608
W-1/RB1in/5,Forward,9100,0.064046
W-1/RB2out/5,Backward,9100,0.0300942
W-1/RB1out/5,Backward,9100,0.0310759
W-1/RB1in/5,Backward,9100,0.0353414
W-1/RB4/6+,Forward,9100,0.0356856
W-1/RB4/6-,Forward,9100,6.61929
W-1/RB3/6+,Forward,9100,0.0599733
W-1/RB3/6-,Forward,9100,0.0277221
W-1/RB4/6+,Backward,9100,0.0326614
W-1/RB4/6-,Backward,9100,3.01054
W-1/RB3/6+,Backward,9100,0.0445048
W-1/RB3/6-,Backward,9100,0.0159686
W-1/RB2in/6,Forward,9100,0.0286105
W-1/RB2in/6,Central,9100,0.0334098
W-1/RB2in/6,Backward,9100,0.0231803
W-1/RB2out/6,Forward,9100,0.0383105
W-1/RB1out/6,Forward,9100,0.049851
W-1/RB1in/6,Forward,9100,0.0181215
W-1/RB2out/6,Backward,9100,0.032546
W-1/RB1out/6,Backward,9100,0.0269348
W-1/RB1in/6,Backward,9100,0.0296156
W-1/RB4/7+,Forward,9100,0.0149198
W-1/RB4/7-,Forward,9100,0.0234885
W-1/RB3/7+,Forward,9100,0.0168168
W-1/RB3/7-,Forward,9100,0.0390283
W-1/RB4/7+,Backward,9100,0.0192879
W-1/RB4/7-,Backward,9100,0.0146807
W-1/RB3/7+,Backward,9100,0.0339731
W-1/RB3/7-,Backward,9100,0.0643052
W-1/RB2in/7,Forward,9100,0.0611994
W-1/RB2in/7,Central,9100,0.116566
W-1/RB2in/7,Backward,9100,0.0624455
W-1/RB2out/7,Forward,9100,0.773228
W-1/RB1out/7,Forward,9100,0.0138775
W-1/RB1in/7,Forward,9100,0.015322
W-1/RB2out/7,Backward,9100,0.0144723
W-1/RB1out/7,Backward,9100,0.0132569
W-1/RB1in/7,Backward,9100,0.00706022
W-1/RB4/8+,Forward,9100,0.000149641
W-1/RB4/8-,Forward,9100,0.178142
W-1/RB3/8+,Forward,9100,0.150223
W-1/RB3/8-,Forward,9100,0.129853
W-1/RB4/8+,Backward,9100,4.86412e-05
W-1/RB4/8-,Backward,9100,0.208899
W-1/RB3/8+,Backward,9100,0.0762693
W-1/RB3/8-,Backward,9100,0.120928
W-1/RB2in/8,Forward,9100,0.0736122
W-1/RB2in/8,Central,9100,0.0720994
W-1/RB2in/8,Backward,9100,0.0523808
W-1/RB2out/8,Forward,9100,0.150844
W-1/RB1out/8,Forward,9100,0.145899
W-1/RB1in/8,Forward,9100,0.0981367
W-1/RB1out/8,Backward,9100,0.0368756
W-1/RB1in/8,Backward,9100,0.0649702
W-1/RB4/9,Forward,9100,0.0789322
W-1/RB3/9+,Forward,9100,0.118797
W-1/RB3/9-,Forward,9100,0.0060627
W-1/RB4/9,Backward,9100,0.105706
W-1/RB3/9+,Backward,9100,0.148788
W-1/RB3/9-,Backward,9100,0.0068736
W-1/RB2in/9,Forward,9100,0.0601493
W-1/RB2in/9,Central,9100,0.0467223
W-1/RB2in/9,Backward,9100,0.0741229
W-1/RB2out/9,Forward,9100,0.0293605
W-1/RB1out/9,Forward,9100,0.0362326
W-1/RB1in/9,Forward,9100,0.137719
W-1/RB2out/9,Backward,9100,0.0333763
W-1/RB1out/9,Backward,9100,0.0361122
W-1/RB1in/9,Backward,9100,0.0200063
W-1/RB2out/11,Backward,9100,0.0480489
W-1/RB4/1+,Forward,9100,0.074318
W-1/RB4/1-,Forward,9100,0.0787272
W-1/RB3/1+,Forward,9100,0.0644382
W-1/RB3/1-,Forward,9100,0.198715
W-1/RB4/1+,Backward,9100,0.0693704
W-1/RB4/1-,Backward,9100,0.0232928
W-1/RB3/1+,Backward,9100,0.0595533
W-1/RB3/1-,Backward,9100,0.0887568
W-1/RB2in/1,Forward,9100,0.0365899
W-1/RB2in/1,Central,9100,0.0365508
W-1/RB2in/1,Backward,9100,0.0160604
W-1/RB2out/1,Forward,9100,0.0294185
W-1/RB1out/1,Forward,9100,0.0283076
W-1/RB1in/1,Forward,9100,0.027534
W-1/RB2out/1,Backward,9100,0.0215588
W-1/RB1out/1,Backward,9100,0.00764871
W-1/RB1in/1,Backward,9100,0.0112897
W-1/RB4/2+,Forward,9100,0.0876866
W-1/RB4/2-,Forward,9100,0.0340427
W-1/RB3/2+,Forward,9100,0.040991
W-1/RB3/2-,Forward,9100,0.119293
W-1/RB4/2+,Backward,9100,0.0655402
W-1/RB4/2-,Backward,9100,0.0272291
W-1/RB3/2+,Backward,9100,0.0278037
W-1/RB3/2-,Backward,9100,0.140375
W-1/RB2in/2,Forward,9100,0.0531566
W-1/RB2in/2,Central,9100,0.0797951
W-1/RB2in/2,Backward,9100,0.0482281
W-1/RB2out/2,Forward,9100,0.0491279
W-1/RB1out/2,Forward,9100,0.451994
W-1/RB1in/2,Forward,9100,0.209334
W-1/RB2out/2,Backward,9100,0.0200142
W-1/RB1out/2,Backward,9100,0.503964
W-1/RB1in/2,Backward,9100,0.112558
W-1/RB4/3+,Forward,9100,0.0447894
W-1/RB4/3-,Forward,9100,0.0394192
W-1/RB3/3+,Forward,9100,0.030548
W-1/RB3/3-,Forward,9100,0.0301196
W-1/RB4/3+,Backward,9100,0.0553106
W-1/RB4/3-,Backward,9100,0.0465743
W-1/RB3/3+,Backward,9100,0.0222657
W-1/RB3/3-,Backward,9100,0.0225055
W-1/RB2in/3,Forward,9100,0.0527695
W-1/RB2in/3,Central,9100,0.0451864
W-1/RB2in/3,Backward,9100,0.0296846
W-1/RB2out/3,Forward,9100,0.0255227
W-1/RB1out/3,Forward,9100,0.0664309
W-1/RB1in/3,Forward,9100,0.0229402
W-1/RB2out/3,Backward,9100,0.0227401
W-1/RB1out/3,Backward,9100,0.0248645
W-1/RB1in/3,Backward,9100,0.0307817
W-1/RB4/10+,Forward,9100,0.0877317
W-1/RB4/10-,Forward,9100,0.0475592
W-1/RB3/10+,Forward,9100,0.152005
W-1/RB3/10-,Forward,9100,0.0422092
W-1/RB4/10+,Backward,9100,0.0473256
W-1/RB4/10-,Backward,9100,0.0509007
W-1/RB3/10+,Backward,9100,0.206277
W-1/RB3/10-,Backward,9100,0.0318861
W-1/RB2in/10,Forward,9100,0.0253241
W-1/RB2in/10,Central,9100,0.0232673
W-1/RB2in/10,Backward,9100,0.0214923
W-1/RB2out/10,Forward,9100,0.0351293
W-1/RB1out/10,Forward,9100,0.0932993
W-1/RB1in/10,Forward,9100,0.0339565
W-1/RB2out/10,Backward,9100,0.0264812
W-1/RB1out/10,Backward,9100,0.127214
W-1/RB1in/10,Backward,9100,0.0213516
W-1/RB4/11,Forward,9100,0.0314215
W-1/RB3/11+,Forward,9100,0.0821254
W-1/RB3/11-,Forward,9100,0.0376971
W-1/RB4/11,Backward,9100,0.0279701
W-1/RB3/11+,Backward,9100,0.0005503
W-1/RB3/11-,Backward,9100,0.0270917
W-1/RB2in/11,Forward,9100,0.0319751
W-1/RB2in/11,Central,9100,0.0860439
W-1/RB2in/11,Backward,9100,0.0281529
W-1/RB2out/11,Forward,9100,0.0531905
W-1/RB1out/11,Forward,9100,0.171476
W-1/RB1in/11,Forward,9100,0.0393831
W-1/RB1out/11,Backward,9100,0.621017
W-1/RB1in/11,Backward,9100,0.0666703
W-1/RB4/12+,Forward,9100,0.902984
W-1/RB4/12-,Forward,9100,0.156965
W-1/RB3/12+,Forward,9100,0.0306757
W-1/RB3/12-,Forward,9100,0.0483823
W-1/RB4/12+,Backward,9100,0.65563
W-1/RB4/12-,Backward,9100,0.111918
W-1/RB3/12+,Backward,9100,0.0322557
W-1/RB3/12-,Backward,9100,0.0424438
W-1/RB2in/12,Forward,9100,0.0610411
W-1/RB2in/12,Central,9100,0.0912537
W-1/RB2in/12,Backward,9100,0.0874909
W-1/RB2out/12,Forward,9100,0.0854321
W-1/RB1out/12,Forward,9100,0.0147183
W-1/RB1in/12,Forward,9100,0.0525548
W-1/RB2out/12,Backward,9100,0.0978996
W-1/RB1out/12,Backward,9100,0.0219457
W-1/RB1in/12,Backward,9100,0.0275826
W-2/RB2in/8,Backward,9100,0.144446
W-2/RB4/4++,Forward,9100,0.016038
W-2/RB4/4+,Forward,9100,0.0386275
W-2/RB4/4-,Forward,9100,0.032409
W-2/RB4/4--,Forward,9100,0.117365
W-2/RB3/4+,Forward,9100,0.0142496
W-2/RB3/4-,Forward,9100,0.0329553
W-2/RB4/4++,Backward,9100,0.0158442
W-2/RB4/4+,Backward,9100,0.0396911
W-2/RB4/4-,Backward,9100,0.0432773
W-2/RB4/4--,Backward,9100,0.0822898
W-2/RB3/4+,Backward,9100,0.0168927
W-2/RB3/4-,Backward,9100,0.0413833
W-2/RB2out/4,Forward,9100,0.062396
W-2/RB2out/4,Central,9100,0.0579738
W-2/RB2out/4,Backward,9100,0.0536989
W-2/RB2in/4,Forward,9100,0.101156
W-2/RB1out/4,Forward,9100,0.0518422
W-2/RB1in/4,Forward,9100,0.0336953
W-2/RB2in/4,Backward,9100,0.14097
W-2/RB1out/4,Backward,9100,0.752526
W-2/RB1in/4,Backward,9100,0.0260923
W-2/RB4/5+,Forward,9100,0.023056
W-2/RB4/5-,Forward,9100,0.0209679
W-2/RB3/5+,Forward,9100,0.0376047
W-2/RB3/5-,Forward,9100,0.0303881
W-2/RB4/5+,Backward,9100,0.00341956
W-2/RB4/5-,Backward,9100,0.024269
W-2/RB3/5+,Backward,9100,0.0342782
W-2/RB3/5-,Backward,9100,0.0169367
W-2/RB2out/5,Forward,9100,0.066887
W-2/RB2out/5,Central,9100,0.0501608
W-2/RB2out/5,Backward,9100,0.0473341
W-2/RB2in/5,Forward,9100,0.0524704
W-2/RB1out/5,Forward,9100,0.025624
W-2/RB1in/5,Forward,9100,0.0442786
W-2/RB2in/5,Backward,9100,0.00165899
W-2/RB1out/5,Backward,9100,0.0157338
W-2/RB1in/5,Backward,9100,0.0232352
W-2/RB4/6+,Forward,9100,0.231078
W-2/RB4/6-,Forward,9100,0.0571004
W-2/RB3/6+,Forward,9100,0.0292536
W-2/RB3/6-,Forward,9100,0.0345515
W-2/RB4/6+,Backward,9100,0.225793
W-2/RB4/6-,Backward,9100,0.0149452
W-2/RB3/6+,Backward,9100,0.0161923
W-2/RB3/6-,Backward,9100,0.0330808
W-2/RB2out/6,Forward,9100,0.050637
W-2/RB2out/6,Central,9100,0.0520728
W-2/RB2out/6,Backward,9100,0.0357848
W-2/RB2in/6,Forward,9100,0.0874998
W-2/RB1out/6,Forward,9100,0.166106
W-2/RB1in/6,Forward,9100,0.0230413
W-2/RB2in/6,Backward,9100,0.0985724
W-2/RB1out/6,Backward,9100,0.0215593
W-2/RB1in/6,Backward,9100,0.0224886
W-2/RB4/7+,Forward,9100,0.0390556
W-2/RB4/7-,Forward,9100,0.030661
W-2/RB3/7+,Forward,9100,0.0952614
W-2/RB3/7-,Forward,9100,0.0425137
W-2/RB4/7+,Backward,9100,0.0248364
W-2/RB4/7-,Backward,9100,0.0130317
W-2/RB3/7+,Backward,9100,0.10689
W-2/RB3/7-,Backward,9100,0.0349047
W-2/RB2out/7,Forward,9100,0.0275115
W-2/RB2out/7,Central,9100,0.0342425
W-2/RB2out/7,Backward,9100,0.0240074
W-2/RB2in/7,Forward,9100,0.328934
W-2/RB1out/7,Forward,9100,0.0177099
W-2/RB1in/7,Forward,9100,0.0543541
W-2/RB2in/7,Backward,9100,0.0974917
W-2/RB1out/7,Backward,9100,0.00771608
W-2/RB1in/7,Backward,9100,0.0827952
W-2/RB4/8+,Forward,9100,0.0284488
W-2/RB4/8-,Forward,9100,0.0448363
W-2/RB3/8+,Forward,9100,0.0358875
W-2/RB3/8-,Forward,9100,0.0683172
W-2/RB4/8+,Backward,9100,0.0815574
W-2/RB4/8-,Backward,9100,0.0606158
W-2/RB3/8+,Backward,9100,0.116415
W-2/RB3/8-,Backward,9100,0.0370558
W-2/RB2out/8,Forward,9100,0.0761069
W-2/RB2out/8,Central,9100,0.163052
W-2/RB2out/8,Backward,9100,0.0583095
W-2/RB2in/8,Forward,9100,0.0998247
W-2/RB1out/8,Forward,9100,0.432159
W-2/RB1in/8,Forward,9100,0.0198108
W-2/RB1out/8,Backward,9100,0.0845569
W-2/RB1in/8,Backward,9100,0.00864995
W-2/RB4/9,Forward,9100,0.0726813
W-2/RB3/9+,Forward,9100,0.0528586
W-2/RB3/9-,Forward,9100,0.0723725
W-2/RB4/9,Backward,9100,0.0580205
W-2/RB3/9+,Backward,9100,0.0344479
W-2/RB3/9-,Backward,9100,0.0371117
W-2/RB2out/9,Forward,9100,0.0445655
W-2/RB2out/9,Central,9100,0.0269306
W-2/RB2out/9,Backward,9100,0.0302093
W-2/RB2in/9,Forward,9100,0.173278
W-2/RB1out/9,Forward,9100,0.0770961
W-2/RB1in/9,Forward,9100,0.0134582
W-2/RB2in/9,Backward,9100,0.0770411
W-2/RB1out/9,Backward,9100,0.0286939
W-2/RB1in/9,Backward,9100,2.95611
W-2/RB2in/11,Backward,9100,0.0838787
W-2/RB4/1+,Forward,9100,0.0274572
W-2/RB4/1-,Forward,9100,0.0265935
W-2/RB3/1+,Forward,9100,0.0436313
W-2/RB3/1-,Forward,9100,0.037064
W-2/RB4/1+,Backward,9100,0.0266994
W-2/RB4/1-,Backward,9100,0.0439713
W-2/RB3/1+,Backward,9100,0.0699142
W-2/RB3/1-,Backward,9100,0.0476672
W-2/RB2out/1,Forward,9100,0.0460633
W-2/RB2out/1,Central,9100,0.12445
W-2/RB2out/1,Backward,9100,0.0348986
W-2/RB2in/1,Forward,9100,0.0729364
W-2/RB1out/1,Forward,9100,0.0257965
W-2/RB1in/1,Forward,9100,0.0134258
W-2/RB2in/1,Backward,9100,0.0512137
W-2/RB1out/1,Backward,9100,0.0113796
W-2/RB1in/1,Backward,9100,0.0146817
W-2/RB4/2+,Forward,9100,0.248926
W-2/RB4/2-,Forward,9100,0.205903
W-2/RB3/2+,Forward,9100,0.0319398
W-2/RB3/2-,Forward,9100,0.0829796
W-2/RB4/2+,Backward,9100,0.127158
W-2/RB4/2-,Backward,9100,0.141384
W-2/RB3/2+,Backward,9100,0.0402591
W-2/RB3/2-,Backward,9100,0.0255748
W-2/RB2out/2,Forward,9100,0.0510854
W-2/RB2out/2,Central,9100,0.0457389
W-2/RB2out/2,Backward,9100,0.0481893
W-2/RB2in/2,Forward,9100,0.0110047
W-2/RB1out/2,Forward,9100,0.0763848
W-2/RB1in/2,Forward,9100,0.0301094
W-2/RB2in/2,Backward,9100,0.0168212
W-2/RB1out/2,Backward,9100,0.0362621
W-2/RB1in/2,Backward,9100,0.0126372
W-2/RB4/3+,Forward,9100,0.0813816
W-2/RB4/3-,Forward,9100,0.434462
W-2/RB3/3+,Forward,9100,0.0646775
W-2/RB3/3-,Forward,9100,0.0484215
W-2/RB4/3+,Backward,9100,0.0772558
W-2/RB4/3-,Backward,9100,1.11411
W-2/RB3/3+,Backward,9100,0.0267149
W-2/RB3/3-,Backward,9100,0.036711
W-2/RB2out/3,Forward,9100,0.0509838
W-2/RB2out/3,Central,9100,0.0855896
W-2/RB2out/3,Backward,9100,0.0626364
W-2/RB2in/3,Forward,9100,0.17972
W-2/RB1out/3,Forward,9100,0.0428845
W-2/RB1in/3,Forward,9100,0.106972
W-2/RB2in/3,Backward,9100,0.115866
W-2/RB1out/3,Backward,9100,0.0342044
W-2/RB1in/3,Backward,9100,0.0859851
W-2/RB4/10+,Forward,9100,0.0320017
W-2/RB4/10-,Forward,9100,0.0450692
W-2/RB3/10+,Forward,9100,0.0177151
W-2/RB3/10-,Forward,9100,0.0972378
W-2/RB4/10+,Backward,9100,0.0165605
W-2/RB4/10-,Backward,9100,0.0684691
W-2/RB3/10+,Backward,9100,0.020325
W-2/RB3/10-,Backward,9100,0.077084
W-2/RB2out/10,Forward,9100,0.131805
W-2/RB2out/10,Central,9100,0.119113
W-2/RB2out/10,Backward,9100,0.0816376
W-2/RB2in/10,Forward,9100,0.0335373
W-2/RB1out/10,Forward,9100,0.09271
W-2/RB1in/10,Forward,9100,0.0243888
W-2/RB2in/10,Backward,9100,0.0309765
W-2/RB1out/10,Backward,9100,0.0563176
W-2/RB1in/10,Backward,9100,0.024999
W-2/RB4/11,Forward,9100,0.029603
W-2/RB3/11+,Forward,9100,0.151199
W-2/RB3/11-,Forward,9100,0.0374103
W-2/RB4/11,Backward,9100,0.00892826
W-2/RB3/11+,Backward,9100,0.0932902
W-2/RB3/11-,Backward,9100,0.0477309
W-2/RB2out/11,Forward,9100,0.0396536
W-2/RB2out/11,Central,9100,0.102606
W-2/RB2out/11,Backward,9100,0.071816
W-2/RB2in/11,Forward,9100,0.0906072
W-2/RB1out/11,Forward,9100,0.0752585
W-2/RB1in/11,Forward,9100,0.0888549
W-2/RB1out/11,Backward,9100,0.052882
W-2/RB1in/11,Backward,9100,0.0520106
W-2/RB4/12+,Forward,9100,0.0695788
W-2/RB4/12-,Forward,9100,0.0405768
W-2/RB3/12+,Forward,9100,0.031008
W-2/RB3/12-,Forward,9100,0.0466754
W-2/RB4/12+,Backward,9100,0.0928502
W-2/RB4/12-,Backward,9100,0.0223656
W-2/RB3/12+,Backward,9100,0.0400523
W-2/RB3/12-,Backward,9100,0.0584145
W-2/RB2out/12,Forward,9100,0.0468694
W-2/RB2out/12,Central,9100,0.0578602
W-2/RB2out/12,Backward,9100,0.0822876
W-2/RB2in/12,Forward,9100,0.276439
W-2/RB1out/12,Forward,9100,0
W-2/RB1in/12,Forward,9100,0.204634
W-2/RB2in/12,Backward,9100,0.310278
W-2/RB1out/12,Backward,9100,0
W-2/RB1in/12,Backward,9100,0.233929
W0/RB2out/8,Backward,9100,0.192997
W0/RB4/4+,Forward,9100,0.0529383
W0/RB4/4++,Forward,9100,0.0384863
W0/RB4/4--,Forward,9100,0.106594
W0/RB4/4-,Forward,9100,0.0506868
W0/RB3/4+,Forward,9100,0.0990983
W0/RB3/4-,Forward,9100,0.230117
W0/RB4/4+,Backward,9100,0.0380863
W0/RB4/4++,Backward,9100,0.0700676
W0/RB4/4--,Backward,9100,0.071824
W0/RB4/4-,Backward,9100,0.0373024
W0/RB3/4+,Backward,9100,0.120857
W0/RB3/4-,Backward,9100,0.0714853
W0/RB2in/4,Forward,9100,0.103174
W0/RB2in/4,Central,9100,0.175111
W0/RB2in/4,Backward,9100,0.264304
W0/RB2out/4,Forward,9100,0.0440387
W0/RB1out/4,Forward,9100,0.0441911
W0/RB1in/4,Forward,9100,0.0410875
W0/RB2out/4,Backward,9100,0.0198912
W0/RB1out/4,Backward,9100,0.0473294
W0/RB1in/4,Backward,9100,0.0376604
W0/RB4/5+,Forward,9100,0.0746548
W0/RB4/5-,Forward,9100,0.0482808
W0/RB3/5+,Forward,9100,0.0505192
W0/RB3/5-,Forward,9100,0.022064
W0/RB4/5+,Backward,9100,0.0737814
W0/RB4/5-,Backward,9100,0.0537851
W0/RB3/5+,Backward,9100,0.0301905
W0/RB3/5-,Backward,9100,0.0204772
W0/RB2in/5,Forward,9100,7.1054
W0/RB2in/5,Central,9100,0.08555
W0/RB2in/5,Backward,9100,0.0636758
W0/RB2out/5,Forward,9100,0.05206
W0/RB1out/5,Forward,9100,0.316908
W0/RB1in/5,Forward,9100,0.983864
W0/RB2out/5,Backward,9100,0.0517819
W0/RB1out/5,Backward,9100,1.20249
W0/RB1in/5,Backward,9100,0.229561
W0/RB4/6-,Forward,9100,0.0294928
W0/RB4/6+,Forward,9100,0.0387222
W0/RB3/6-,Forward,9100,0.0294386
W0/RB3/6+,Forward,9100,0.0283203
W0/RB4/6-,Backward,9100,0.026347
W0/RB4/6+,Backward,9100,0.0379561
W0/RB3/6-,Backward,9100,0.0317159
W0/RB3/6+,Backward,9100,0.0260162
W0/RB2in/6,Forward,9100,0.0457548
W0/RB2in/6,Central,9100,0.0977254
W0/RB2in/6,Backward,9100,0.0745051
W0/RB2out/6,Forward,9100,0.201211
W0/RB1out/6,Forward,9100,0.103589
W0/RB1in/6,Forward,9100,0.0261014
W0/RB2out/6,Backward,9100,0.212371
W0/RB1out/6,Backward,9100,0.0210359
W0/RB1in/6,Backward,9100,0.0200004
W0/RB4/7-,Forward,9100,0.0047902
W0/RB4/7+,Forward,9100,0.0167972
W0/RB3/7-,Forward,9100,0.0809547
W0/RB3/7+,Forward,9100,0.105315
W0/RB4/7-,Backward,9100,0.00553541
W0/RB4/7+,Backward,9100,0.0150802
W0/RB3/7-,Backward,9100,0.0199321
W0/RB3/7+,Backward,9100,0.0444032
W0/RB2in/7,Forward,9100,0.282096
W0/RB2in/7,Central,9100,0.0546135
W0/RB2in/7,Backward,9100,0.0595517
W0/RB2out/7,Forward,9100,0.0706614
W0/RB1out/7,Forward,9100,0.013337
W0/RB1in/7,Forward,9100,0.00814425
W0/RB2out/7,Backward,9100,0.0266871
W0/RB1out/7,Backward,9100,0.00838855
W0/RB1in/7,Backward,9100,0.00654598
W0/RB4/8+,Forward,9100,0.0362236
W0/RB4/8-,Forward,9100,0.0509257
W0/RB3/8+,Forward,9100,0.018637
W0/RB3/8-,Forward,9100,1.03084
W0/RB4/8+,Backward,9100,0.0228512
W0/RB4/8-,Backward,9100,0.0475438
W0/RB3/8+,Backward,9100,0.0442776
W0/RB3/8-,Backward,9100,1.54372
W0/RB2in/8,Forward,9100,0.112497
W0/RB2in/8,Central,9100,0.106709
W0/RB2in/8,Backward,9100,0.0644099
W0/RB2out/8,Forward,9100,1.18629
W0/RB1out/8,Forward,9100,0.0282547
W0/RB1in/8,Forward,9100,0.027223
W0/RB1out/8,Backward,9100,0.0143183
W0/RB1in/8,Backward,9100,0.0263902
W0/RB4/9,Forward,9100,1.77639
W0/RB3/9+,Forward,9100,0.0453807
W0/RB3/9-,Forward,9100,0.0515586
W0/RB4/9,Backward,9100,1.87422
W0/RB3/9+,Backward,9100,0.0319154
W0/RB3/9-,Backward,9100,0.0618859
W0/RB2in/9,Forward,9100,0.124352
W0/RB2in/9,Central,9100,0.0333862
W0/RB2in/9,Backward,9100,0.0304849
W0/RB2out/9,Forward,9100,0.069725
W0/RB1out/9,Forward,9100,0.0240891
W0/RB1in/9,Forward,9100,0.0892444
W0/RB2out/9,Backward,9100,0.117548
W0/RB1out/9,Backward,9100,0.0234691
W0/RB1in/9,Backward,9100,0.0891494
W0/RB2out/11,Backward,9100,0.100808
W0/RB4/1+,Forward,9100,0.0228079
W0/RB4/1-,Forward,9100,0.0155824
W0/RB3/1+,Forward,9100,0.236103
W0/RB3/1-,Forward,9100,0.063489
W0/RB4/1+,Backward,9100,0.029855
W0/RB4/1-,Backward,9100,0.0137114
W0/RB3/1+,Backward,9100,0.0927671
W0/RB3/1-,Backward,9100,0.0239757
W0/RB2in/1,Forward,9100,0.0641018
W0/RB2in/1,Central,9100,0.0230888
W0/RB2in/1,Backward,9100,0.0155265
W0/RB2out/1,Forward,9100,0.0255745
W0/RB1out/1,Forward,9100,0.0387282
W0/RB1in/1,Forward,9100,0.00685503
W0/RB2out/1,Backward,9100,0.00630646
W0/RB1out/1,Backward,9100,0.0116085
W0/RB1in/1,Backward,9100,0.00382558
W0/RB4/2-,Forward,9100,0.104332
W0/RB4/2+,Forward,9100,0.0661484
W0/RB3/2-,Forward,9100,0.221011
W0/RB3/2+,Forward,9100,0.0554185
W0/RB4/2-,Backward,9100,0.0648958
W0/RB4/2+,Backward,9100,0.0524587
W0/RB3/2-,Backward,9100,0.0613548
W0/RB3/2+,Backward,9100,0.0428507
W0/RB2in/2,Forward,9100,0.0561475
W0/RB2in/2,Central,9100,0.160064
W0/RB2in/2,Backward,9100,0.0463624
W0/RB2out/2,Forward,9100,0.0495416
W0/RB1out/2,Forward,9100,0.0735951
W0/RB1in/2,Forward,9100,0.0738997
W0/RB2out/2,Backward,9100,0.0357761
W0/RB1out/2,Backward,9100,0.0468698
W0/RB1in/2,Backward,9100,0.202881
W0/RB4/3-,Forward,9100,0.0600993
W0/RB4/3+,Forward,9100,0.0513938
W0/RB3/3-,Forward,9100,0.0633833
W0/RB3/3+,Forward,9100,0.476826
W0/RB4/3-,Backward,9100,0.0387387
W0/RB4/3+,Backward,9100,0.0559733
W0/RB3/3-,Backward,9100,0.0464944
W0/RB3/3+,Backward,9100,0.053606
W0/RB2in/3,Forward,9100,0.107418
W0/RB2in/3,Central,9100,0.0530781
W0/RB2in/3,Backward,9100,0.0513621
W0/RB2out/3,Forward,9100,0.0134618
W0/RB1out/3,Forward,9100,0.0415401
W0/RB1in/3,Forward,9100,0.0244111
W0/RB2out/3,Backward,9100,0.139388
W0/RB1out/3,Backward,9100,0.0277841
W0/RB1in/3,Backward,9100,0.0325581
W0/RB4/10-,Forward,9100,0.0226397
W0/RB4/10+,Forward,9100,0.0152109
W0/RB3/10-,Forward,9100,0.126222
W0/RB3/10+,Forward,9100,0.068225
W0/RB4/10-,Backward,9100,0.0199892
W0/RB4/10+,Backward,9100,0.0165476
W0/RB3/10-,Backward,9100,0.0342425
W0/RB3/10+,Backward,9100,0.0341441
W0/RB2in/10,Forward,9100,0.0833657
W0/RB2in/10,Central,9100,0.093344
W0/RB2in/10,Backward,9100,0.0569458
W0/RB2out/10,Forward,9100,0.0602792
W0/RB1out/10,Forward,9100,0.0385391
W0/RB1in/10,Forward,9100,0.0493475
W0/RB2out/10,Backward,9100,0.0301115
W0/RB1out/10,Backward,9100,0.0299569
W0/RB1in/10,Backward,9100,0.0234152
W0/RB4/11,Forward,9100,0.0837019
W0/RB3/11-,Forward,9100,0.0272906
W0/RB3/11+,Forward,9100,0.0354214
W0/RB4/11,Backward,9100,0.0420855
W0/RB3/11-,Backward,9100,0.0239658
W0/RB3/11+,Backward,9100,0.0326471
W0/RB2in/11,Forward,9100,0.207765
W0/RB2in/11,Central,9100,0.0705035
W0/RB2in/11,Backward,9100,0.0299529
W0/RB2out/11,Forward,9100,0.114573
W0/RB1out/11,Forward,9100,0.0782862
W0/RB1in/11,Forward,9100,0.128494
W0/RB1out/11,Backward,9100,0.0455816
W0/RB1in/11,Backward,9100,0.0919558
W0/RB4/12+,Forward,9100,0.0362475
W0/RB4/12-,Forward,9100,0.0883247
W0/RB3/12+,Forward,9100,0.0971997
W0/RB3/12-,Forward,9100,0.0370167
W0/RB4/12+,Backward,9100,0.0433849
W0/RB4/12-,Backward,9100,0.10017
W0/RB3/12+,Backward,9100,0.101328
W0/RB3/12-,Backward,9100,0.0449955
W0/RB2in/12,Forward,9100,0.0436046
W0/RB2in/12,Central,9100,0.095384
W0/RB2in/12,Backward,9100,0.046016
W0/RB2out/12,Forward,9100,0.156093
W0/RB1out/12,Forward,9100,0.0689966
W0/RB1in/12,Forward,9100,0.0673169
W0/RB2out/12,Backward,9100,0.136882
W0/RB1out/12,Backward,9100,0.0451841
W0/RB1in/12,Backward,9100,0.0293501
RE-1/3/25,A,9100,0.038487
RE-1/3/25,B,9100,0.036814
RE-1/3/25,C,9100,0.0189995
RE-1/2/9,A,9100,0.0399532
RE-1/2/9,B,9100,0.0370838
RE-1/2/9,C,9100,0.0257623
RE-1/2/10,A,9100,0.0321572
RE-1/2/10,B,9100,0.0468309
RE-1/2/10,C,9100,0.0220732
RE-1/2/11,A,9100,0.0435992
RE-1/2/11,B,9100,0.0490149
RE-1/2/11,C,9100,0.0269362
RE-1/3/9,A,9100,0.0316924
RE-1/3/9,B,9100,0.0378618
RE-1/3/9,C,9100,0.0265149
RE-1/3/10,A,9100,0
RE-1/3/10,B,9100,0.027938
RE-1/3/10,C,9100,0.0414601
RE-1/3/11,A,9100,0.0383363
RE-1/3/11,B,9100,0.0517912
RE-1/3/11,C,9100,0.0882106
RE-2/2/11,A,9100,0.0581634
RE-2/2/11,B,9100,0.0841059
RE-2/2/11,C,9100,0.0647216
RE-2/2/12,A,9100,0.105323
RE-2/2/12,B,9100,0.135334
RE-2/2/12,C,9100,0.0768679
RE-2/2/13,A,9100,0.06232
RE-2/2/13,B,9100,0.898761
RE-2/2/13,C,9100,0.0698925
RE-2/3/11,A,9100,0.0671562
RE-2/3/11,B,9100,0.0669227
RE-2/3/11,C,9100,0.0481879
RE-2/3/12,A,9100,0.0576789
RE-2/3/12,B,9100,0.0988683
RE-2/3/12,C,9100,0.0895409
RE-2/3/13,A,9100,0.074007
RE-2/3/13,B,9100,0.0676247
RE-2/3/13,C,9100,0.0568597
RE-1/2/12,A,9100,0.0438001
RE-1/2/12,B,9100,0.028778
RE-1/2/12,C,9100,0.0305229
RE-1/2/13,A,9100,0.0355498
RE-1/2/13,B,9100,0.0306078
RE-1/2/13,C,9100,0.0271857
RE-1/2/14,A,9100,0.0439308
RE-1/2/14,B,9100,0.0716573
RE-1/2/14,C,9100,0.0398586
RE-1/3/12,A,9100,0.0330711
RE-1/3/12,B,9100,0.0276331
RE-1/3/12,C,9100,0.0110837
RE-1/3/13,A,9100,0.0287999
RE-1/3/13,B,9100,0.0625368
RE-1/3/13,C,9100,0.058494
RE-1/3/14,A,9100,0.0460273
RE-1/3/14,B,9100,0.035108
RE-1/3/14,C,9100,0.0259437
RE-2/2/14,A,9100,0.0542202
RE-2/2/14,B,9100,0.0844004
RE-2/2/14,C,9100,0.0476603
RE-2/2/15,A,9100,0.0904638
RE-2/2/15,B,9100,0.0973399
RE-2/2/15,C,9100,0.0785447
RE-2/2/16,A,9100,0.0826212
RE-2/2/16,B,9100,0.101367
RE-2/2/16,C,9100,0.10704
RE-2/3/14,A,9100,0.0471492
RE-2/3/14,B,9100,0.0540378
RE-2/3/14,C,9100,0.0325036
RE-2/3/15,A,9100,0.0525602
RE-2/3/15,B,9100,0.0585378
RE-2/3/15,C,9100,0.0538909
RE-2/3/16,A,9100,0.046831
RE-2/3/16,B,9100,0.0497719
RE-2/3/16,C,9100,0.06213
RE-1/2/15,A,9100,0.122875
RE-1/2/15,B,9100,0.121039
RE-1/2/15,C,9100,0.108235
RE-1/2/16,A,9100,0.0463946
RE-1/2/16,B,9100,0.0632089
RE-1/2/16,C,9100,0.0481416
RE-1/2/17,A,9100,0.0374378
RE-1/2/17,B,9100,0.0354575
RE-1/2/17,C,9100,0.0157428
RE-1/3/15,A,9100,0.028035
RE-1/3/15,B,9100,0.0211987
RE-1/3/15,C,9100,0.0169579
RE-1/3/16,A,9100,0.024955
RE-1/3/16,B,9100,0.0244654
RE-1/3/16,C,9100,0.0131182
RE-1/3/17,A,9100,0.0190113
RE-1/3/17,B,9100,0.013027
RE-1/3/17,C,9100,0.0117622
RE-2/2/17,A,9100,0.0562469
RE-2/2/17,B,9100,0.0817682
RE-2/2/17,C,9100,0.0431424
RE-2/2/18,A,9100,0.0708436
RE-2/2/18,B,9100,0.085743
RE-2/2/18,C,9100,0.0575518
RE-2/2/19,A,9100,0.108934
RE-2/2/19,B,9100,0.117815
RE-2/2/19,C,9100,0.0812481
RE-2/3/17,A,9100,0.0860946
RE-2/3/17,B,9100,0.0847599
RE-2/3/17,C,9100,0.107699
RE-2/3/18,A,9100,0.051642
RE-2/3/18,B,9100,0.078112
RE-2/3/18,C,9100,0.0618174
RE-2/3/19,A,9100,0.0606565
RE-2/3/19,B,9100,0.0816856
RE-2/3/19,C,9100,0.078792
RE-1/2/18,A,9100,0.0197545
RE-1/2/18,B,9100,0.0368598
RE-1/2/18,C,9100,0.0164342
RE-1/2/19,A,9100,0.103444
RE-1/2/19,B,9100,0.059927
RE-1/2/19,C,9100,0.0442585
RE-1/2/20,A,9100,0.210575
RE-1/2/20,B,9100,0.066925
RE-1/2/20,C,9100,0.125558
RE-1/3/18,A,9100,0.0254262
RE-1/3/18,B,9100,0.0333048
RE-1/3/18,C,9100,0.019687
RE-1/3/19,A,9100,0.362875
RE-1/3/19,B,9100,0.0951221
RE-1/3/19,C,9100,0.104123
RE-1/3/20,A,9100,0.0283198
RE-1/3/20,B,9100,0.020841
RE-1/3/20,C,9100,0.0159031
RE-2/2/20,A,9100,0.0431152
RE-2/2/20,B,9100,0.0548149
RE-2/2/20,C,9100,0.0475242
RE-2/2/21,A,9100,0.211758
RE-2/2/21,B,9100,0.104275
RE-2/2/21,C,9100,0.0648862
RE-2/2/22,A,9100,0.116838
RE-2/2/22,B,9100,0.127839
RE-2/2/22,C,9100,0.105292
RE-2/3/20,A,9100,0.083461
RE-2/3/20,B,9100,0.0937189
RE-2/3/20,C,9100,0.0689474
RE-2/3/21,A,9100,0.0555056
RE-2/3/21,B,9100,0.064914
RE-2/3/21,C,9100,0.059721
RE-2/3/22,A,9100,0.0845069
RE-2/3/22,B,9100,0.101489
RE-2/3/22,C,9100,0.10283
RE-1/2/21,A,9100,0.04464
RE-1/2/21,B,9100,0.0356096
RE-1/2/21,C,9100,0.0326549
RE-1/2/22,A,9100,0.0237065
RE-1/2/22,B,9100,0.0314567
RE-1/2/22,C,9100,0.0263198
RE-1/2/23,A,9100,0.0213832
RE-1/2/23,B,9100,0.0319135
RE-1/2/23,C,9100,0.0224577
RE-1/3/21,A,9100,0.0195146
RE-1/3/21,B,9100,0.0167528
RE-1/3/21,C,9100,0.0161637
RE-1/3/22,A,9100,0.0349082
RE-1/3/22,B,9100,0.033679
RE-1/3/22,C,9100,0.0271571
RE-1/3/23,A,9100,0.0446083
RE-1/3/23,B,9100,0.0200478
RE-1/3/23,C,9100,0.00789965
RE-2/2/23,A,9100,0.0791219
RE-2/2/23,B,9100,0.0688389
RE-2/2/23,C,9100,0.0799633
RE-2/2/24,A,9100,0.0622313
RE-2/2/24,B,9100,0.110207
RE-2/2/24,C,9100,0.0980949
RE-2/2/25,A,9100,0.10853
RE-2/2/25,B,9100,0.0972654
RE-2/2/25,C,9100,0.0694954
RE-2/3/23,A,9100,0.104603
RE-2/3/23,B,9100,0.12227
RE-2/3/23,C,9100,0.0744363
RE-2/3/24,A,9100,0.0780478
RE-2/3/24,B,9100,0.117852
RE-2/3/24,C,9100,0.100654
RE-2/3/25,A,9100,0.0812846
RE-2/3/25,B,9100,0.0692712
RE-2/3/25,C,9100,0.0429637
RE-1/2/24,A,9100,0.0283635
RE-1/2/24,B,9100,0.0360475
RE-1/2/24,C,9100,0.029204
RE-1/2/25,A,9100,0.0360126
RE-1/2/25,B,9100,0.04379
RE-1/2/25,C,9100,0.0193242
RE-1/2/26,A,9100,0.0359815
RE-1/2/26,B,9100,0.0434466
RE-1/2/26,C,9100,0.0264577
RE-1/3/24,A,9100,0.0826686
RE-1/3/24,B,9100,0.0592117
RE-1/3/24,C,9100,0.0115788
RE-1/3/26,A,9100,0.0425847
RE-1/3/26,B,9100,0.0330838
RE-1/3/26,C,9100,0.0241818
RE-2/2/26,A,9100,0.0966359
RE-2/2/26,B,9100,0.0922911
RE-2/2/26,C,9100,0.0670587
RE-2/2/27,A,9100,0.244514
RE-2/2/27,B,9100,0.912674
RE-2/2/27,C,9100,0.373279
RE-2/2/28,A,9100,0.17445
RE-2/2/28,B,9100,0.138979
RE-2/2/28,C,9100,0.175683
RE-2/3/26,A,9100,0.0805817
RE-2/3/26,B,9100,0.0807344
RE-2/3/26,C,9100,0.109862
RE-2/3/27,A,9100,0.0847751
RE-2/3/27,B,9100,0.0819888
RE-2/3/27,C,9100,0.33558
RE-2/3/28,A,9100,0.0711698
RE-2/3/28,B,9100,0.0819521
RE-2/3/28,C,9100,0.0644453
RE-1/3/34,A,9100,0.0418963
RE-1/3/34,B,9100,0.0512359
RE-1/3/34,C,9100,0.0284729
RE-1/2/36,A,9100,0.0395088
RE-1/2/36,B,9100,0.0335655
RE-1/2/36,C,9100,0.0212519
RE-1/2/1,A,9100,0.0601567
RE-1/2/1,B,9100,0.0479457
RE-1/2/1,C,9100,0.0388076
RE-1/2/2,A,9100,0.039351
RE-1/2/2,B,9100,0.0266226
RE-1/2/2,C,9100,0.0409048
RE-1/3/36,A,9100,0.0658024
RE-1/3/36,B,9100,0.060569
RE-1/3/36,C,9100,0.0436601
RE-1/3/1,A,9100,0.0272192
RE-1/3/1,B,9100,0.0373578
RE-1/3/1,C,9100,0.0260939
RE-1/3/2,A,9100,0.0189325
RE-1/3/2,B,9100,0.0144831
RE-1/3/2,C,9100,0.0108902
RE-2/2/2,A,9100,0.0646793
RE-2/2/2,B,9100,0.0969937
RE-2/2/2,C,9100,0.0617308
RE-2/2/3,A,9100,0.0757461
RE-2/2/3,B,9100,0.0967559
RE-2/2/3,C,9100,0.138939
RE-2/2/4,A,9100,0.051008
RE-2/2/4,B,9100,0.0968428
RE-2/2/4,C,9100,0.0964214
RE-2/3/2,A,9100,0.065225
RE-2/3/2,B,9100,0.0731714
RE-2/3/2,C,9100,0.0753424
RE-2/3/3,A,9100,0.12838
RE-2/3/3,B,9100,0.11733
RE-2/3/3,C,9100,0.140519
RE-2/3/4,A,9100,0.104219
RE-2/3/4,B,9100,0.120215
RE-2/3/4,C,9100,0.0994345
RE-1/2/3,A,9100,0.033032
RE-1/2/3,B,9100,0.0508713
RE-1/2/3,C,9100,0.0417066
RE-1/2/4,A,9100,0.0299024
RE-1/2/4,B,9100,0.0300417
RE-1/2/4,C,9100,0.0286993
RE-1/2/5,A,9100,0.281516
RE-1/2/5,B,9100,0.0612716
RE-1/2/5,C,9100,0.0980418
RE-1/3/3,A,9100,0.0472147
RE-1/3/3,B,9100,0.0480231
RE-1/3/3,C,9100,0.0305831
RE-1/3/4,A,9100,0.144657
RE-1/3/4,B,9100,0.0710828
RE-1/3/4,C,9100,0.0587938
RE-1/3/5,A,9100,0.0168003
RE-1/3/5,B,9100,0.0170472
RE-1/3/5,C,9100,0.0171477
RE-2/2/5,A,9100,0.0418498
RE-2/2/5,B,9100,0.0623944
RE-2/2/5,C,9100,0.0753963
RE-2/2/6,A,9100,0.0992111
RE-2/2/6,B,9100,0.0749442
RE-2/2/6,C,9100,0.136789
RE-2/2/7,A,9100,0.119535
RE-2/2/7,B,9100,0.115451
RE-2/2/7,C,9100,0.0523461
RE-2/3/5,A,9100,0.111136
RE-2/3/5,B,9100,0.0615721
RE-2/3/5,C,9100,0.0643605
RE-2/3/6,A,9100,0.063407
RE-2/3/6,B,9100,0.103513
RE-2/3/6,C,9100,0.0790066
RE-2/3/7,A,9100,0.830574
RE-2/3/7,B,9100,0.0870843
RE-2/3/7,C,9100,0.0773971
RE-1/2/6,A,9100,0.0774476
RE-1/2/6,B,9100,0.103828
RE-1/2/6,C,9100,0.0366607
RE-1/2/7,A,9100,0.0507887
RE-1/2/7,B,9100,0.0551438
RE-1/2/7,C,9100,0.0339881
RE-1/2/8,A,9100,0.0985075
RE-1/2/8,B,9100,0.12713
RE-1/2/8,C,9100,0.101951
RE-1/3/6,A,9100,0.0372476
RE-1/3/6,B,9100,0.0324276
RE-1/3/6,C,9100,0.0158167
RE-1/3/7,A,9100,0.0675526
RE-1/3/7,B,9100,0.091927
RE-1/3/7,C,9100,0.0768704
RE-1/3/8,A,9100,0.0295511
RE-1/3/8,B,9100,0.0148199
RE-1/3/8,C,9100,0.0105212
RE-2/2/8,A,9100,0.0726232
RE-2/2/8,B,9100,0.0970835
RE-2/2/8,C,9100,0.0367596
RE-2/2/9,A,9100,0.0608367
RE-2/2/9,B,9100,0.0679685
RE-2/2/9,C,9100,0.0779459
RE-2/2/10,A,9100,0.0838508
RE-2/2/10,B,9100,0.0942699
RE-2/2/10,C,9100,0.13257
RE-2/3/8,A,9100,0.0589114
RE-2/3/8,B,9100,0.0763028
RE-2/3/8,C,9100,0.0835541
RE-2/3/9,A,9100,0.0685762
RE-2/3/9,B,9100,0.0850166
RE-2/3/9,C,9100,0.0749749
RE-2/3/10,A,9100,0.0981095
RE-2/3/10,B,9100,0.117756
RE-2/3/10,C,9100,0.0895853
RE-1/2/27,A,9100,0.0290091
RE-1/2/27,B,9100,0.0467451
RE-1/2/27,C,9100,0.0728562
RE-1/2/28,A,9100,0.0201382
RE-1/2/28,B,9100,0.0170913
RE-1/2/28,C,9100,0.0140656
RE-1/2/29,A,9100,0.0227582
RE-1/2/29,B,9100,0.0181682
RE-1/2/29,C,9100,0.0156229
RE-1/3/27,A,9100,0.0776956
RE-1/3/27,B,9100,0.0931387
RE-1/3/27,C,9100,0.0486702
RE-1/3/28,A,9100,0.0621375
RE-1/3/28,B,9100,0.0345016
RE-1/3/28,C,9100,0.0143976
RE-1/3/29,A,9100,0.129875
RE-1/3/29,B,9100,0.0627922
RE-1/3/29,C,9100,0.0726245
RE-2/2/29,A,9100,0.0483222
RE-2/2/29,B,9100,0.0611174
RE-2/2/29,C,9100,0.0555366
RE-2/2/30,A,9100,0.0951902
RE-2/2/30,B,9100,0.0985953
RE-2/2/30,C,9100,0.0641903
RE-2/2/31,A,9100,0.0705088
RE-2/2/31,B,9100,0.0618336
RE-2/2/31,C,9100,0.056164
RE-2/3/29,A,9100,0.0772606
RE-2/3/29,B,9100,0.109311
RE-2/3/29,C,9100,0.0942716
RE-2/3/30,A,9100,0.0592588
RE-2/3/30,B,9100,0.0829704
RE-2/3/30,C,9100,0.0947202
RE-2/3/31,A,9100,0.0651394
RE-2/3/31,B,9100,0.0975747
RE-2/3/31,C,9100,0.0891452
RE-1/2/30,A,9100,0.03208
RE-1/2/30,B,9100,0.13356
RE-1/2/30,C,9100,0.0502305
RE-1/2/31,A,9100,0.00764623
RE-1/2/31,B,9100,0.0119458
RE-1/2/31,C,9100,0.00485138
RE-1/2/32,A,9100,0.0501199
RE-1/2/32,B,9100,0.0957168
RE-1/2/32,C,9100,0.0227429
RE-1/3/30,A,9100,0.052295
RE-1/3/30,B,9100,0.0365162
RE-1/3/30,C,9100,0.0677916
RE-1/3/31,A,9100,0.0864174
RE-1/3/31,B,9100,0.0997261
RE-1/3/31,C,9100,0.0681273
RE-1/3/32,A,9100,15.6876
RE-1/3/32,B,9100,0.0206967
RE-1/3/32,C,9100,0.0294904
RE-2/2/32,A,9100,0.046101
RE-2/2/32,B,9100,0.0609785
RE-2/2/32,C,9100,0.0494703
RE-2/2/33,A,9100,0.0748245
RE-2/2/33,B,9100,0.0907107
RE-2/2/33,C,9100,0.107247
RE-2/2/34,A,9100,0.0717562
RE-2/2/34,B,9100,0.120145
RE-2/2/34,C,9100,0.0975583
RE-2/3/32,A,9100,0.0659949
RE-2/3/32,B,9100,0.0607555
RE-2/3/32,C,9100,0.0607296
RE-2/3/33,A,9100,0.0861011
RE-2/3/33,B,9100,0.139772
RE-2/3/33,C,9100,0.094712
RE-2/3/34,A,9100,0.0782221
RE-2/3/34,B,9100,0.0709783
RE-2/3/34,C,9100,0.0785723
RE-1/2/33,A,9100,0.0292497
RE-1/2/33,B,9100,0.0460628
RE-1/2/33,C,9100,0.034006
RE-1/2/34,A,9100,0.0252285
RE-1/2/34,B,9100,0.0445424
RE-1/2/34,C,9100,0.0246691
RE-1/2/35,A,9100,0.025056
RE-1/2/35,B,9100,0.0304312
RE-1/2/35,C,9100,0.0470632
RE-1/3/33,A,9100,0.0411799
RE-1/3/33,B,9100,0.0530021
RE-1/3/33,C,9100,0.0343712
RE-1/3/35,A,9100,0.0161202
RE-1/3/35,B,9100,0.0208803
RE-1/3/35,C,9100,0.0262099
RE-2/2/35,A,9100,0.0673099
RE-2/2/35,B,9100,0.0798795
RE-2/2/35,C,9100,0.0455455
RE-2/2/36,A,9100,0.100292
RE-2/2/36,B,9100,0.121293
RE-2/2/36,C,9100,0.0729996
RE-2/2/1,A,9100,0.0840921
RE-2/2/1,B,9100,0.0913432
RE-2/2/1,C,9100,0.0939106
RE-2/3/35,A,9100,0.0714439
RE-2/3/35,B,9100,0.0934661
RE-2/3/35,C,9100,0.0686514
RE-2/3/36,A,9100,0.0624653
RE-2/3/36,B,9100,0.0630319
RE-2/3/36,C,9100,0.0781959
RE-2/3/1,A,9100,0.0738344
RE-2/3/1,B,9100,0.0761886
RE-2/3/1,C,9100,0.0782651
RE-3/3/22,A,9100,0.0201872
RE-3/3/22,B,9100,0.0183393
RE-3/3/22,C,9100,0.0113192
RE-4/2/9,A,9100,0.044918
RE-4/2/9,B,9100,0.0278727
RE-4/2/9,C,9100,0.0181233
RE-4/2/10,A,9100,0.0223452
RE-4/2/10,B,9100,0.0286561
RE-4/2/10,C,9100,0.02304
RE-4/2/11,A,9100,0.0385523
RE-4/2/11,B,9100,0.053566
RE-4/2/11,C,9100,0.025568
RE-4/3/9,A,9100,0.0247414
RE-4/3/9,B,9100,0.037253
RE-4/3/9,C,9100,0.0379821
RE-4/3/10,A,9100,0.0298983
RE-4/3/10,B,9100,0.0239911
RE-4/3/10,C,9100,0.0232395
RE-4/3/11,A,9100,0.0266305
RE-4/3/11,B,9100,0.196051
RE-4/3/11,C,9100,0.015248
RE-4/2/12,A,9100,0.0235589
RE-4/2/12,B,9100,0.0245715
RE-4/2/12,C,9100,0.0115721
RE-4/2/13,A,9100,0.0482688
RE-4/2/13,B,9100,0.0333194
RE-4/2/13,C,9100,0.0366856
RE-4/2/14,A,9100,0.0219437
RE-4/2/14,B,9100,0.0228586
RE-4/2/14,C,9100,0.0219798
RE-4/3/12,A,9100,0.0215996
RE-4/3/12,B,9100,0.0329329
RE-4/3/12,C,9100,0.0177509
RE-4/3/13,A,9100,0.0390792
RE-4/3/13,B,9100,0.0204676
RE-4/3/13,C,9100,0.0265521
RE-4/3/14,A,9100,0.0448309
RE-4/3/14,B,9100,0.051843
RE-4/3/14,C,9100,0.0302896
RE-4/2/15,A,9100,0.0207954
RE-4/2/15,B,9100,0.0243366
RE-4/2/15,C,9100,0.0151877
RE-4/2/16,A,9100,0.0207469
RE-4/2/16,B,9100,0.0265693
RE-4/2/16,C,9100,0.0222833
RE-4/2/17,A,9100,0.0379992
RE-4/2/17,B,9100,0.055729
RE-4/2/17,C,9100,0.0452239
RE-4/3/15,A,9100,0.0132379
RE-4/3/15,B,9100,0.0332545
RE-4/3/15,C,9100,0.0179051
RE-4/3/16,A,9100,0.0504163
RE-4/3/16,B,9100,0.0341083
RE-4/3/16,C,9100,0.0466491
RE-4/3/17,A,9100,0.0180997
RE-4/3/17,B,9100,0.0308708
RE-4/3/17,C,9100,0.0492814
RE-4/2/18,A,9100,0.826169
RE-4/2/18,B,9100,0.0145872
RE-4/2/18,C,9100,0.0365453
RE-4/2/19,A,9100,0.0271732
RE-4/2/19,B,9100,0.049926
RE-4/2/19,C,9100,0.0253725
RE-4/2/20,A,9100,0.0486731
RE-4/2/20,B,9100,0.045605
RE-4/2/20,C,9100,0.108075
RE-4/3/18,A,9100,0.0231942
RE-4/3/18,B,9100,0.0139345
RE-4/3/18,C,9100,0.0127385
RE-4/3/19,A,9100,0.0309713
RE-4/3/19,B,9100,0.0818136
RE-4/3/19,C,9100,0.0551347
RE-4/3/20,A,9100,0.0455539
RE-4/3/20,B,9100,0.0338214
RE-4/3/20,C,9100,0.0260393
RE-4/2/21,A,9100,0.0474024
RE-4/2/21,B,9100,0.0326924
RE-4/2/21,C,9100,0.0410396
RE-4/2/22,A,9100,0.0128311
RE-4/2/22,B,9100,0.00916479
RE-4/2/22,C,9100,0.0053875
RE-4/2/23,A,9100,0.0312722
RE-4/2/23,B,9100,0.0248792
RE-4/2/23,C,9100,0.0289723
RE-4/3/21,A,9100,0.0289096
RE-4/3/21,B,9100,0.0603983
RE-4/3/21,C,9100,0.477709
RE-4/3/22,A,9100,0.0213267
RE-4/3/22,B,9100,0.0213689
RE-4/3/22,C,9100,0.0213701
RE-4/3/23,A,9100,0.0655141
RE-4/3/23,B,9100,0.182176
RE-4/3/23,C,9100,0.0232952
RE-4/2/24,A,9100,0.030083
RE-4/2/24,B,9100,0.0314349
RE-4/2/24,C,9100,0.0217651
RE-4/2/25,A,9100,0.0412693
RE-4/2/25,B,9100,0.0286976
RE-4/2/25,C,9100,0.0304126
RE-4/2/26,A,9100,0.0362111
RE-4/2/26,B,9100,0.83287
RE-4/2/26,C,9100,0.0369295
RE-4/3/24,A,9100,0.0211026
RE-4/3/24,B,9100,0.103487
RE-4/3/24,C,9100,0.0255669
RE-4/3/25,A,9100,0.0146497
RE-4/3/25,B,9100,0.0507289
RE-4/3/25,C,9100,0.0406477
RE-4/3/26,A,9100,0.0231803
RE-4/3/26,B,9100,0.0393588
RE-4/3/26,C,9100,0.0442321
RE-3/2/9,A,9100,0.0326053
RE-3/2/9,B,9100,0.0437694
RE-3/2/9,C,9100,0.0372836
RE-3/2/10,A,9100,0.0774777
RE-3/2/10,B,9100,0.0794051
RE-3/2/10,C,9100,0.0356322
RE-3/2/11,A,9100,0.0376379
RE-3/2/11,B,9100,0.052233
RE-3/2/11,C,9100,0.0562004
RE-3/3/9,A,9100,0.0307759
RE-3/3/9,B,9100,0.0424654
RE-3/3/9,C,9100,0.019326
RE-3/3/10,A,9100,0.0297735
RE-3/3/10,B,9100,0.0467618
RE-3/3/10,C,9100,0.0362905
RE-3/3/11,A,9100,0.0368652
RE-3/3/11,B,9100,0.0461609
RE-3/3/11,C,9100,0.0303525
RE-3/2/12,A,9100,0.0323209
RE-3/2/12,B,9100,0.062853
RE-3/2/12,C,9100,0.0333706
RE-3/2/13,A,9100,0.0428879
RE-3/2/13,B,9100,0.0487975
RE-3/2/13,C,9100,0.0407087
RE-3/2/14,A,9100,0.0491203
RE-3/2/14,B,9100,0.0337655
RE-3/2/14,C,9100,0.182225
RE-3/3/12,A,9100,0.0322124
RE-3/3/12,B,9100,0.0438292
RE-3/3/12,C,9100,0.0308391
RE-3/3/13,A,9100,0.0277096
RE-3/3/13,B,9100,0.0461952
RE-3/3/13,C,9100,0.0424984
RE-3/3/14,A,9100,0.0264086
RE-3/3/14,B,9100,0.047977
RE-3/3/14,C,9100,0.0363296
RE-3/2/15,A,9100,0.0385232
RE-3/2/15,B,9100,0.0355653
RE-3/2/15,C,9100,0.0238477
RE-3/2/16,A,9100,0.0315072
RE-3/2/16,B,9100,0.0577928
RE-3/2/16,C,9100,0.0753263
RE-3/2/17,A,9100,0.0130466
RE-3/2/17,B,9100,0.0309628
RE-3/2/17,C,9100,0.0175854
RE-3/3/15,A,9100,0.0647169
RE-3/3/15,B,9100,0.112877
RE-3/3/15,C,9100,0.0683093
RE-3/3/16,A,9100,0.0377666
RE-3/3/16,B,9100,0.0612169
RE-3/3/16,C,9100,0.0592671
RE-3/3/17,A,9100,0.0510021
RE-3/3/17,B,9100,0.0444263
RE-3/3/17,C,9100,0.0407177
RE-3/2/18,A,9100,0.0312706
RE-3/2/18,B,9100,0.0303037
RE-3/2/18,C,9100,0.0244331
RE-3/2/19,A,9100,0.0368937
RE-3/2/19,B,9100,0.0351782
RE-3/2/19,C,9100,0.0458565
RE-3/2/20,A,9100,0.0502601
RE-3/2/20,B,9100,0.0641188
RE-3/2/20,C,9100,0.0652065
RE-3/3/18,A,9100,0.0292103
RE-3/3/18,B,9100,0.043344
RE-3/3/18,C,9100,0.0258793
RE-3/3/19,A,9100,0.0589452
RE-3/3/19,B,9100,0.0452009
RE-3/3/19,C,9100,0.0441178
RE-3/3/20,A,9100,0.0304329
RE-3/3/20,B,9100,0.0395794
RE-3/3/20,C,9100,0.0227954
RE-3/2/21,A,9100,0.0475684
RE-3/2/21,B,9100,0.0479942
RE-3/2/21,C,9100,0.0496531
RE-3/2/22,A,9100,0.0212519
RE-3/2/22,B,9100,0.0500071
RE-3/2/22,C,9100,0.0415845
RE-3/2/23,A,9100,0.0279852
RE-3/2/23,B,9100,0.0498667
RE-3/2/23,C,9100,0.0354773
RE-3/3/21,A,9100,0.0330943
RE-3/3/21,B,9100,0.0428632
RE-3/3/21,C,9100,0.0216486
RE-3/3/23,A,9100,0.0187476
RE-3/3/23,B,9100,0.0219275
RE-3/3/23,C,9100,0.0243051
RE-3/2/24,A,9100,0.0193389
RE-3/2/24,B,9100,0.0244756
RE-3/2/24,C,9100,0.0202531
RE-3/2/25,A,9100,0.0244889
RE-3/2/25,B,9100,0.0227973
RE-3/2/25,C,9100,0.0211362
RE-3/2/26,A,9100,0.0257864
RE-3/2/26,B,9100,0.0378992
RE-3/2/26,C,9100,0.0434253
RE-3/3/24,A,9100,0.0219419
RE-3/3/24,B,9100,0.0298674
RE-3/3/24,C,9100,0.0267511
RE-3/3/25,A,9100,0.0248014
RE-3/3/25,B,9100,0.025502
RE-3/3/25,C,9100,0.0225795
RE-3/3/26,A,9100,0.0612767
RE-3/3/26,B,9100,0.088722
RE-3/3/26,C,9100,0.0519682
RE-3/3/28,A,9100,0.0238845
RE-3/3/28,B,9100,0.0185875
RE-3/3/28,C,9100,0.0199854
RE-4/2/33,A,9100,0.0243487
RE-4/2/33,B,9100,0.0173389
RE-4/2/33,C,9100,0.0135709
RE-4/2/34,A,9100,0.0410938
RE-4/2/34,B,9100,0.0377765
RE-4/2/34,C,9100,0.0326325
RE-4/2/35,A,9100,0.201703
RE-4/2/35,B,9100,0.0566328
RE-4/2/35,C,9100,0.115575
RE-4/3/33,A,9100,0.0211672
RE-4/3/33,B,9100,0.0225784
RE-4/3/33,C,9100,0.0283323
RE-4/3/34,A,9100,0.0173086
RE-4/3/34,B,9100,0.0290622
RE-4/3/34,C,9100,0.0306877
RE-4/3/35,A,9100,0.0325821
RE-4/3/35,B,9100,0.133478
RE-4/3/35,C,9100,2.69058
RE-4/2/36,A,9100,0.124991
RE-4/2/36,B,9100,0.536726
RE-4/2/36,C,9100,0.155437
RE-4/2/1,A,9100,0.0416312
RE-4/2/1,B,9100,0.0344084
RE-4/2/1,C,9100,0.0222111
RE-4/2/2,A,9100,0.0362888
RE-4/2/2,B,9100,0.0560161
RE-4/2/2,C,9100,0.0445197
RE-4/3/36,A,9100,0.0412346
RE-4/3/36,B,9100,0.0626817
RE-4/3/36,C,9100,0.158698
RE-4/3/1,A,9100,0.0213793
RE-4/3/1,B,9100,0.0309003
RE-4/3/1,C,9100,0.0368419
RE-4/3/2,A,9100,0.329862
RE-4/3/2,B,9100,0.025318
RE-4/3/2,C,9100,0.029761
RE-4/2/3,A,9100,0.0483283
RE-4/2/3,B,9100,0.0369386
RE-4/2/3,C,9100,0.0366119
RE-4/2/4,A,9100,0.0823537
RE-4/2/4,B,9100,0.101444
RE-4/2/4,C,9100,0.497296
RE-4/2/5,A,9100,0.0189697
RE-4/2/5,B,9100,0.0267457
RE-4/2/5,C,9100,0.0237116
RE-4/3/3,A,9100,0.0168822
RE-4/3/3,B,9100,0.0439335
RE-4/3/3,C,9100,0.0776516
RE-4/3/4,A,9100,0.0292655
RE-4/3/4,B,9100,0.0221159
RE-4/3/4,C,9100,0.0409079
RE-4/3/5,A,9100,0.0100768
RE-4/3/5,B,9100,0.0203644
RE-4/3/5,C,9100,0.0168686
RE-4/2/6,A,9100,0.0276913
RE-4/2/6,B,9100,0.0634631
RE-4/2/6,C,9100,0.0169333
RE-4/2/7,A,9100,0.0657121
RE-4/2/7,B,9100,0.0276542
RE-4/2/7,C,9100,0.0202391
RE-4/2/8,A,9100,0.289995
RE-4/2/8,B,9100,0.175701
RE-4/2/8,C,9100,0.132313
RE-4/3/6,A,9100,0.021421
RE-4/3/6,B,9100,0.023104
RE-4/3/6,C,9100,0.022282
RE-4/3/7,A,9100,0.0317591
RE-4/3/7,B,9100,0.0510579
RE-4/3/7,C,9100,0.0485319
RE-4/3/8,A,9100,0.253181
RE-4/3/8,B,9100,0.38957
RE-4/3/8,C,9100,0.313743
RE-4/2/27,A,9100,0.0217961
RE-4/2/27,B,9100,0.390837
RE-4/2/27,C,9100,0.0132581
RE-4/2/28,A,9100,0.0598566
RE-4/2/28,B,9100,0.0269002
RE-4/2/28,C,9100,0.0414501
RE-4/2/29,A,9100,0.0244226
RE-4/2/29,B,9100,0.0320477
RE-4/2/29,C,9100,0.0230611
RE-4/3/27,A,9100,0.021822
RE-4/3/27,B,9100,0.0569069
RE-4/3/27,C,9100,0.0439002
RE-4/3/28,A,9100,0.0169657
RE-4/3/28,B,9100,0.0380114
RE-4/3/28,C,9100,0.0318596
RE-4/3/29,A,9100,0.0197175
RE-4/3/29,B,9100,0.390642
RE-4/3/29,C,9100,0.0370803
RE-4/2/30,A,9100,0.0409742
RE-4/2/30,B,9100,0.0455702
RE-4/2/30,C,9100,0.034075
RE-4/2/31,A,9100,0.0327444
RE-4/2/31,B,9100,0.017995
RE-4/2/31,C,9100,0.015461
RE-4/2/32,A,9100,0.0999044
RE-4/2/32,B,9100,0.0501842
RE-4/2/32,C,9100,0.0337116
RE-4/3/30,A,9100,3.21242
RE-4/3/30,B,9100,0.0161017
RE-4/3/30,C,9100,0.0158064
RE-4/3/31,A,9100,0.153346
RE-4/3/31,B,9100,0.0424479
RE-4/3/31,C,9100,0.0342871
RE-4/3/32,A,9100,0.0170869
RE-4/3/32,B,9100,0.0300977
RE-4/3/32,C,9100,0.0290705
RE-3/2/33,A,9100,0.0321421
RE-3/2/33,B,9100,0.0907344
RE-3/2/33,C,9100,0.0549025
RE-3/2/34,A,9100,0.0191011
RE-3/2/34,B,9100,0.0327725
RE-3/2/34,C,9100,0.0252027
RE-3/2/35,A,9100,0
RE-3/2/35,B,9100,0
RE-3/2/35,C,9100,0
RE-3/3/33,A,9100,0.0241143
RE-3/3/33,B,9100,0.0464708
RE-3/3/33,C,9100,0.0249842
RE-3/3/34,A,9100,0.0469686
RE-3/3/34,B,9100,0.0365029
RE-3/3/34,C,9100,0.0241095
RE-3/3/35,A,9100,0
RE-3/3/35,B,9100,0
RE-3/3/35,C,9100,0
RE-3/2/36,A,9100,0.0695833
RE-3/2/36,B,9100,0.0790552
RE-3/2/36,C,9100,0.102096
RE-3/2/1,A,9100,0.0381325
RE-3/2/1,B,9100,0.0970701
RE-3/2/1,C,9100,0.0392392
RE-3/2/2,A,9100,0.0279402
RE-3/2/2,B,9100,0.0273795
RE-3/2/2,C,9100,0.0267774
RE-3/3/36,A,9100,0.0230595
RE-3/3/36,B,9100,0.0365103
RE-3/3/36,C,9100,0.0201082
RE-3/3/1,A,9100,0.0200934
RE-3/3/1,B,9100,0.0187372
RE-3/3/1,C,9100,0.0371889
RE-3/3/2,A,9100,0.0234484
RE-3/3/2,B,9100,0.0308463
RE-3/3/2,C,9100,0.0213853
RE-3/2/3,A,9100,0.0380281
RE-3/2/3,B,9100,0.0432357
RE-3/2/3,C,9100,0.0387232
RE-3/2/4,A,9100,0.0253226
RE-3/2/4,B,9100,0.0321103
RE-3/2/4,C,9100,0.0158295
RE-3/2/5,A,9100,0.0318541
RE-3/2/5,B,9100,0.0351544
RE-3/2/5,C,9100,0.040851
RE-3/3/3,A,9100,0.0341986
RE-3/3/3,B,9100,0.0402229
RE-3/3/3,C,9100,0.0291739
RE-3/3/4,A,9100,0.0266262
RE-3/3/4,B,9100,0.0397899
RE-3/3/4,C,9100,0.0348967
RE-3/3/5,A,9100,0.0285296
RE-3/3/5,B,9100,0.0300061
RE-3/3/5,C,9100,0.0460765
RE-3/2/6,A,9100,0.0397
RE-3/2/6,B,9100,0.0402319
RE-3/2/6,C,9100,0.0391444
RE-3/2/7,A,9100,0.04789
RE-3/2/7,B,9100,0.053587
RE-3/2/7,C,9100,0.0567348
RE-3/2/8,A,9100,0.170362
RE-3/2/8,B,9100,0.0676884
RE-3/2/8,C,9100,0.0428439
RE-3/3/6,A,9100,0.0401196
RE-3/3/6,B,9100,0.0463847
RE-3/3/6,C,9100,0.0472785
RE-3/3/7,A,9100,0.0230934
RE-3/3/7,B,9100,0.0436258
RE-3/3/7,C,9100,0.0293964
RE-3/3/8,A,9100,0.0356689
RE-3/3/8,B,9100,0.0548393
RE-3/3/8,C,9100,0.0366686
RE-3/2/27,A,9100,0.0499241
RE-3/2/27,B,9100,0.0479072
RE-3/2/27,C,9100,0.0303667
RE-3/2/28,A,9100,0.021849
RE-3/2/28,B,9100,0.0225473
RE-3/2/28,C,9100,0.0200061
RE-3/2/29,A,9100,0.0348409
RE-3/2/29,B,9100,0.0421393
RE-3/2/29,C,9100,0.0347045
RE-3/3/27,A,9100,0.0251633
RE-3/3/27,B,9100,0.0590674
RE-3/3/27,C,9100,0.0540837
RE-3/3/29,A,9100,0.0233393
RE-3/3/29,B,9100,0.0469095
RE-3/3/29,C,9100,0.0381793
RE-3/2/30,A,9100,0.0214345
RE-3/2/30,B,9100,0.0296154
RE-3/2/30,C,9100,0.0277148
RE-3/2/31,A,9100,0.0192073
RE-3/2/31,B,9100,0.0367613
RE-3/2/31,C,9100,0.0273058
RE-3/2/32,A,9100,0.0140132
RE-3/2/32,B,9100,0.0191792
RE-3/2/32,C,9100,0.0137547
RE-3/3/30,A,9100,0.0298443
RE-3/3/30,B,9100,0.0509063
RE-3/3/30,C,9100,0.0255691
RE-3/3/31,A,9100,0.0655977
RE-3/3/31,B,9100,0.0836953
RE-3/3/31,C,9100,0.128379
RE-3/3/32,A,9100,0.0280223
RE-3/3/32,B,9100,0.0300332
RE-3/3/32,C,9100,0.0222407
RE+1/3/25,A,9100,4.68902e-05
RE+1/3/25,B,9100,3.09596e-06
RE+1/3/25,C,9100,3.61199e-05
RE+1/2/9,A,9100,0.0234007
RE+1/2/9,B,9100,0.0340435
RE+1/2/9,C,9100,0.0178146
RE+1/2/10,A,9100,0.67105
RE+1/2/10,B,9100,0.364229
RE+1/2/10,C,9100,0.0870131
RE+1/2/11,A,9100,0.213864
RE+1/2/11,B,9100,0.386181
RE+1/2/11,C,9100,0.083605
RE+1/3/9,A,9100,0.114391
RE+1/3/9,B,9100,0.0674782
RE+1/3/9,C,9100,0.072767
RE+1/3/10,A,9100,0.0210868
RE+1/3/10,B,9100,0.0244695
RE+1/3/10,C,9100,0.0170098
RE+1/3/11,A,9100,0.107575
RE+1/3/11,B,9100,0.0700608
RE+1/3/11,C,9100,0.0328504
RE+2/2/11,A,9100,0.14474
RE+2/2/11,B,9100,0.0814847
RE+2/2/11,C,9100,0.146894
RE+2/2/12,A,9100,0.0638278
RE+2/2/12,B,9100,0.0413989
RE+2/2/12,C,9100,0.0348118
RE+2/2/13,A,9100,0.0562077
RE+2/2/13,B,9100,0.0580014
RE+2/2/13,C,9100,0.106109
RE+2/3/11,A,9100,0.0274813
RE+2/3/11,B,9100,0.0520938
RE+2/3/11,C,9100,0.0705437
RE+2/3/12,A,9100,0.053892
RE+2/3/12,B,9100,0.0325668
RE+2/3/12,C,9100,0.0530173
RE+2/3/13,A,9100,0.350561
RE+2/3/13,B,9100,0.0709679
RE+2/3/13,C,9100,0.0553622
RE+1/2/12,A,9100,0.130763
RE+1/2/12,B,9100,0.160668
RE+1/2/12,C,9100,0.206851
RE+1/2/13,A,9100,0.0404978
RE+1/2/13,B,9100,0.0579591
RE+1/2/13,C,9100,0.0320748
RE+1/2/14,A,9100,0.202812
RE+1/2/14,B,9100,0.326526
RE+1/2/14,C,9100,0.264073
RE+1/3/12,A,9100,0.0377942
RE+1/3/12,B,9100,0.0548739
RE+1/3/12,C,9100,0.0376103
RE+1/3/13,A,9100,0.137688
RE+1/3/13,B,9100,0.112938
RE+1/3/13,C,9100,0.0816656
RE+1/3/14,A,9100,0.0365203
RE+1/3/14,B,9100,0.0369542
RE+1/3/14,C,9100,0.0243707
RE+2/2/14,A,9100,0.061408
RE+2/2/14,B,9100,0.121252
RE+2/2/14,C,9100,0.105628
RE+2/2/15,A,9100,0.0442702
RE+2/2/15,B,9100,0.0426422
RE+2/2/15,C,9100,0.0588629
RE+2/2/16,A,9100,0.0594908
RE+2/2/16,B,9100,0.0600252
RE+2/2/16,C,9100,0.0882571
RE+2/3/14,A,9100,0.990552
RE+2/3/14,B,9100,0.158633
RE+2/3/14,C,9100,0.0543074
RE+2/3/15,A,9100,0.0760795
RE+2/3/15,B,9100,0.0497327
RE+2/3/15,C,9100,0.0602495
RE+2/3/16,A,9100,0.103129
RE+2/3/16,B,9100,0.0440479
RE+2/3/16,C,9100,0.053946
RE+1/2/15,A,9100,0.110831
RE+1/2/15,B,9100,0.201337
RE+1/2/15,C,9100,0.173317
RE+1/2/16,A,9100,0.502258
RE+1/2/16,B,9100,0.517399
RE+1/2/16,C,9100,0.251649
RE+1/2/17,A,9100,0.417465
RE+1/2/17,B,9100,0.344894
RE+1/2/17,C,9100,0.329154
RE+1/3/15,A,9100,0.0691599
RE+1/3/15,B,9100,0.074632
RE+1/3/15,C,9100,0.0527552
RE+1/3/16,A,9100,0.0539922
RE+1/3/16,B,9100,0.0535033
RE+1/3/16,C,9100,0.0419698
RE+1/3/17,A,9100,0.0996425
RE+1/3/17,B,9100,0.110472
RE+1/3/17,C,9100,0.0626379
RE+2/2/17,A,9100,0.0773792
RE+2/2/17,B,9100,0.146863
RE+2/2/17,C,9100,0.0574216
RE+2/2/18,A,9100,0.0595463
RE+2/2/18,B,9100,0.0929173
RE+2/2/18,C,9100,0.0670937
RE+2/2/19,A,9100,0.0648706
RE+2/2/19,B,9100,0.0593287
RE+2/2/19,C,9100,0.0611961
RE+2/3/17,A,9100,0.730992
RE+2/3/17,B,9100,0.208713
RE+2/3/17,C,9100,0.425121
RE+2/3/18,A,9100,0.120746
RE+2/3/18,B,9100,0.0967486
RE+2/3/18,C,9100,0.0607393
RE+2/3/19,A,9100,0.0501332
RE+2/3/19,B,9100,0.0626426
RE+2/3/19,C,9100,0.0646132
RE+1/2/18,A,9100,0.107109
RE+1/2/18,B,9100,0.0302261
RE+1/2/18,C,9100,0.0234863
RE+1/2/19,A,9100,0.08454
RE+1/2/19,B,9100,0.164967
RE+1/2/19,C,9100,0.0858189
RE+1/2/20,A,9100,0.0462558
RE+1/2/20,B,9100,0.0762855
RE+1/2/20,C,9100,0.0304626
RE+1/3/18,A,9100,0.181494
RE+1/3/18,B,9100,0.0637159
RE+1/3/18,C,9100,0.050325
RE+1/3/19,A,9100,0.0942102
RE+1/3/19,B,9100,0.0836746
RE+1/3/19,C,9100,0.0644593
RE+1/3/20,A,9100,0.16362
RE+1/3/20,B,9100,0.12198
RE+1/3/20,C,9100,0.0797575
RE+2/2/20,A,9100,0.0521038
RE+2/2/20,B,9100,0.0858249
RE+2/2/20,C,9100,0.0790219
RE+2/2/21,A,9100,0.044016
RE+2/2/21,B,9100,0.0554473
RE+2/2/21,C,9100,0.0574397
RE+2/2/22,A,9100,0.0507384
RE+2/2/22,B,9100,0.07033
RE+2/2/22,C,9100,0.0986155
RE+2/3/20,A,9100,0.11069
RE+2/3/20,B,9100,0.130056
RE+2/3/20,C,9100,0.101353
RE+2/3/21,A,9100,0.865199
RE+2/3/21,B,9100,0.435709
RE+2/3/21,C,9100,0.0762539
RE+2/3/22,A,9100,0.0962388
RE+2/3/22,B,9100,0.0243046
RE+2/3/22,C,9100,0.0381798
RE+1/2/21,A,9100,0.139301
RE+1/2/21,B,9100,0.1723
RE+1/2/21,C,9100,0.142735
RE+1/2/22,A,9100,0.198924
RE+1/2/22,B,9100,0.309044
RE+1/2/22,C,9100,0.085865
RE+1/2/23,A,9100,0.428379
RE+1/2/23,B,9100,0.37996
RE+1/2/23,C,9100,0.255564
RE+1/3/21,A,9100,0.282184
RE+1/3/21,B,9100,0.193096
RE+1/3/21,C,9100,0.0597952
RE+1/3/22,A,9100,0.0187826
RE+1/3/22,B,9100,0.0175579
RE+1/3/22,C,9100,0.017271
RE+1/3/23,A,9100,0.0877126
RE+1/3/23,B,9100,0.0766712
RE+1/3/23,C,9100,0.0646122
RE+2/2/23,A,9100,0.0156549
RE+2/2/23,B,9100,0.0172371
RE+2/2/23,C,9100,0.0113954
RE+2/2/24,A,9100,0.0604623
RE+2/2/24,B,9100,0.0958369
RE+2/2/24,C,9100,0.0709264
RE+2/2/25,A,9100,0.054988
RE+2/2/25,B,9100,0.0585737
RE+2/2/25,C,9100,0.062887
RE+2/3/23,A,9100,0.0374684
RE+2/3/23,B,9100,0.0440682
RE+2/3/23,C,9100,0.0836816
RE+2/3/24,A,9100,0.451203
RE+2/3/24,B,9100,0.0394688
RE+2/3/24,C,9100,0.112579
RE+2/3/25,A,9100,0.242465
RE+2/3/25,B,9100,0.0386952
RE+2/3/25,C,9100,0.0313774
RE+1/2/24,A,9100,0.0268112
RE+1/2/24,B,9100,0.0297641
RE+1/2/24,C,9100,0.0231195
RE+1/2/25,A,9100,0.218195
RE+1/2/25,B,9100,0.230749
RE+1/2/25,C,9100,0.137492
RE+1/2/26,A,9100,0.0176217
RE+1/2/26,B,9100,0.021635
RE+1/2/26,C,9100,0.0277494
RE+1/3/24,A,9100,0.127036
RE+1/3/24,B,9100,0.0423291
RE+1/3/24,C,9100,0.0330509
RE+1/3/26,A,9100,0.209334
RE+1/3/26,B,9100,0.0792865
RE+1/3/26,C,9100,0.151176
RE+2/2/26,A,9100,0.0407388
RE+2/2/26,B,9100,0.0874282
RE+2/2/26,C,9100,0.0891171
RE+2/2/27,A,9100,0.0270194
RE+2/2/27,B,9100,0.0160499
RE+2/2/27,C,9100,0.0127311
RE+2/2/28,A,9100,0.117307
RE+2/2/28,B,9100,0.0518569
RE+2/2/28,C,9100,0.0458761
RE+2/3/26,A,9100,0.190485
RE+2/3/26,B,9100,0.304863
RE+2/3/26,C,9100,0.0895521
RE+2/3/27,A,9100,0.617142
RE+2/3/27,B,9100,0.617807
RE+2/3/27,C,9100,0.0382475
RE+2/3/28,A,9100,0.114826
RE+2/3/28,B,9100,0.045437
RE+2/3/28,C,9100,0.0407799
RE+1/2/33,A,9100,0.0243114
RE+1/2/33,B,9100,0.0869187
RE+1/2/33,C,9100,0.030998
RE+1/2/36,A,9100,0.107577
RE+1/2/36,B,9100,0.125389
RE+1/2/36,C,9100,0.0540222
RE+1/2/1,A,9100,0.0518851
RE+1/2/1,B,9100,0.0331344
RE+1/2/1,C,9100,0.975106
RE+1/2/2,A,9100,0.0266464
RE+1/2/2,B,9100,0.088887
RE+1/2/2,C,9100,0.0516205
RE+1/3/36,A,9100,0.094094
RE+1/3/36,B,9100,0.0894411
RE+1/3/36,C,9100,0.0415207
RE+1/3/1,A,9100,0.240137
RE+1/3/1,B,9100,0.082386
RE+1/3/1,C,9100,0.218678
RE+1/3/2,A,9100,0.111403
RE+1/3/2,B,9100,0.0695932
RE+1/3/2,C,9100,0.0745134
RE+2/2/2,A,9100,0.0463533
RE+2/2/2,B,9100,0.0747432
RE+2/2/2,C,9100,0.0844621
RE+2/2/3,A,9100,0.0572547
RE+2/2/3,B,9100,0.258243
RE+2/2/3,C,9100,4.81649
RE+2/2/4,A,9100,0.0670749
RE+2/2/4,B,9100,0.0540052
RE+2/2/4,C,9100,0.100434
RE+2/3/2,A,9100,0.0570393
RE+2/3/2,B,9100,0.0395701
RE+2/3/2,C,9100,0.060528
RE+2/3/3,A,9100,0.0786462
RE+2/3/3,B,9100,0.0573909
RE+2/3/3,C,9100,0.0569218
RE+2/3/4,A,9100,0.0459425
RE+2/3/4,B,9100,0.0352766
RE+2/3/4,C,9100,0.0449549
RE+1/2/3,A,9100,0.0448057
RE+1/2/3,B,9100,0.0861741
RE+1/2/3,C,9100,0.0442925
RE+1/2/4,A,9100,0.357879
RE+1/2/4,B,9100,0.504447
RE+1/2/4,C,9100,0.148223
RE+1/2/5,A,9100,0.109146
RE+1/2/5,B,9100,0.0724674
RE+1/2/5,C,9100,0.0331676
RE+1/3/3,A,9100,0.0697527
RE+1/3/3,B,9100,0.0497392
RE+1/3/3,C,9100,0.0480573
RE+1/3/4,A,9100,0.0919406
RE+1/3/4,B,9100,0.0563579
RE+1/3/4,C,9100,0.0454658
RE+1/3/5,A,9100,0.242671
RE+1/3/5,B,9100,0.145383
RE+1/3/5,C,9100,0.0890196
RE+2/2/5,A,9100,0.0899036
RE+2/2/5,B,9100,0.0556786
RE+2/2/5,C,9100,0.0659129
RE+2/2/6,A,9100,0.0645256
RE+2/2/6,B,9100,0.107516
RE+2/2/6,C,9100,0.0632917
RE+2/2/7,A,9100,0.08203
RE+2/2/7,B,9100,0.0874967
RE+2/2/7,C,9100,0.0592625
RE+2/3/5,A,9100,0.377062
RE+2/3/5,B,9100,0.140526
RE+2/3/5,C,9100,0.0540046
RE+2/3/6,A,9100,0.0457381
RE+2/3/6,B,9100,0.0321178
RE+2/3/6,C,9100,0.0342205
RE+2/3/7,A,9100,0.0706325
RE+2/3/7,B,9100,0.0655988
RE+2/3/7,C,9100,0.0756832
RE+1/1/3,E,9100,0
RE+1/1/3,F,9100,0
RE+1/1/3,A,9100,0.0120568
RE+1/1/3,B,9100,0.0404443
RE+1/1/3,C,9100,0.0192232
RE+1/1/3,D,9100,0.201328
RE+1/1/4,E,9100,0
RE+1/1/4,F,9100,0
RE+1/1/4,A,9100,0.027708
RE+1/1/4,B,9100,0.00957411
RE+1/1/4,C,9100,0.0228263
RE+1/1/4,D,9100,0.00826074
RE+1/2/6,A,9100,0.223631
RE+1/2/6,B,9100,0.322808
RE+1/2/6,C,9100,0.255054
RE+1/2/7,A,9100,0.0969754
RE+1/2/7,B,9100,0.20055
RE+1/2/7,C,9100,0.0175474
RE+1/2/8,A,9100,0.029701
RE+1/2/8,B,9100,0.0176994
RE+1/2/8,C,9100,0.0304075
RE+1/3/6,A,9100,0.0792959
RE+1/3/6,B,9100,0.0592246
RE+1/3/6,C,9100,0.0478441
RE+1/3/7,A,9100,0.150017
RE+1/3/7,B,9100,0.0962769
RE+1/3/7,C,9100,0.0808599
RE+1/3/8,A,9100,0.161241
RE+1/3/8,B,9100,0.103694
RE+1/3/8,C,9100,0.0636686
RE+1/1/1,E,9100,0
RE+1/1/1,F,9100,0
RE+1/1/1,A,9100,0.0239656
RE+1/1/1,B,9100,0.0108115
RE+1/1/1,C,9100,0.00951549
RE+1/1/1,D,9100,0.00257514
RE+1/1/2,E,9100,0
RE+1/1/2,F,9100,0
RE+1/1/2,A,9100,0.0538067
RE+1/1/2,B,9100,0.0070834
RE+1/1/2,C,9100,0.0153439
RE+1/1/2,D,9100,0.00609352
RE+2/2/8,A,9100,0.0818413
RE+2/2/8,B,9100,0.0683524
RE+2/2/8,C,9100,0.0714604
RE+2/2/9,A,9100,0.0818816
RE+2/2/9,B,9100,0.119737
RE+2/2/9,C,9100,0.136972
RE+2/2/10,A,9100,0.0814274
RE+2/2/10,B,9100,0.0876707
RE+2/2/10,C,9100,0.0837733
RE+2/3/8,A,9100,0.122163
RE+2/3/8,B,9100,0.125215
RE+2/3/8,C,9100,0.107632
RE+2/3/9,A,9100,0.0486176
RE+2/3/9,B,9100,0.0978963
RE+2/3/9,C,9100,0.154955
RE+2/3/10,A,9100,0.119131
RE+2/3/10,B,9100,0.079848
RE+2/3/10,C,9100,0.0810491
RE+1/2/27,A,9100,0.256663
RE+1/2/27,B,9100,0.462965
RE+1/2/27,C,9100,0.625524
RE+1/2/28,A,9100,0.0935101
RE+1/2/28,B,9100,0.111362
RE+1/2/28,C,9100,0.0472686
RE+1/2/29,A,9100,0.14039
RE+1/2/29,B,9100,0
RE+1/2/29,C,9100,0.0982519
RE+1/3/27,A,9100,0.0914507
RE+1/3/27,B,9100,0.0568816
RE+1/3/27,C,9100,0.0775911
RE+1/3/28,A,9100,0.0631992
RE+1/3/28,B,9100,0.0453985
RE+1/3/28,C,9100,0.0219874
RE+1/3/29,A,9100,0.0865575
RE+1/3/29,B,9100,0.0388527
RE+1/3/29,C,9100,0.039221
RE+2/2/29,A,9100,0.0709474
RE+2/2/29,B,9100,0.0557483
RE+2/2/29,C,9100,0.0656913
RE+2/2/30,A,9100,0.0736319
RE+2/2/30,B,9100,0.040806
RE+2/2/30,C,9100,0.0620521
RE+2/2/31,A,9100,0.0415163
RE+2/2/31,B,9100,0.0484766
RE+2/2/31,C,9100,0.110226
RE+2/3/29,A,9100,0.310559
RE+2/3/29,B,9100,0.377957
RE+2/3/29,C,9100,0.0840666
RE+2/3/30,A,9100,0.802392
RE+2/3/30,B,9100,0.194391
RE+2/3/30,C,9100,0.0487687
RE+2/3/31,A,9100,0.158573
RE+2/3/31,B,9100,0.038318
RE+2/3/31,C,9100,0.0305662
RE+1/2/30,A,9100,0.022288
RE+1/2/30,B,9100,0.0248702
RE+1/2/30,C,9100,0.0103256
RE+1/2/31,A,9100,0.145684
RE+1/2/31,B,9100,0.145451
RE+1/2/31,C,9100,0.0942369
RE+1/2/32,A,9100,0.0106234
RE+1/2/32,B,9100,0.0105855
RE+1/2/32,C,9100,0.0176178
RE+1/3/30,A,9100,0.0155461
RE+1/3/30,B,9100,0.0237499
RE+1/3/30,C,9100,0.0141527
RE+1/3/31,A,9100,0.0369272
RE+1/3/31,B,9100,0.0609284
RE+1/3/31,C,9100,0.649067
RE+1/3/32,A,9100,0.26981
RE+1/3/32,B,9100,0.155918
RE+1/3/32,C,9100,0.0717451
RE+2/2/32,A,9100,0.0760659
RE+2/2/32,B,9100,0.0660957
RE+2/2/32,C,9100,0.186127
RE+2/2/33,A,9100,0.0859141
RE+2/2/33,B,9100,0.0347326
RE+2/2/33,C,9100,0.0732612
RE+2/2/34,A,9100,0.0633448
RE+2/2/34,B,9100,0.0764134
RE+2/2/34,C,9100,0.0553086
RE+2/3/32,A,9100,0.232669
RE+2/3/32,B,9100,0.0941432
RE+2/3/32,C,9100,0.0507193
RE+2/3/33,A,9100,0.0408815
RE+2/3/33,B,9100,0.0471464
RE+2/3/33,C,9100,0.157518
RE+2/3/34,A,9100,0.0507255
RE+2/3/34,B,9100,0.0356583
RE+2/3/34,C,9100,0.0441613
RE+1/2/34,A,9100,0.225187
RE+1/2/34,B,9100,0.446366
RE+1/2/34,C,9100,0.156863
RE+1/2/35,A,9100,0
RE+1/2/35,B,9100,0.00702949
RE+1/2/35,C,9100,0
RE+1/3/33,A,9100,0.237546
RE+1/3/33,B,9100,0.0561199
RE+1/3/33,C,9100,0.0191864
RE+1/3/34,A,9100,0.0574032
RE+1/3/34,B,9100,0.0590411
RE+1/3/34,C,9100,0.0422651
RE+1/3/35,A,9100,0.051675
RE+1/3/35,B,9100,0.0363627
RE+1/3/35,C,9100,0.0436235
RE+2/2/35,A,9100,0.0840346
RE+2/2/35,B,9100,0.0828436
RE+2/2/35,C,9100,0.107814
RE+2/2/36,A,9100,0.0167168
RE+2/2/36,B,9100,0.0217032
RE+2/2/36,C,9100,0.00764777
RE+2/2/1,A,9100,0.10332
RE+2/2/1,B,9100,0.123312
RE+2/2/1,C,9100,0.0376811
RE+2/3/35,A,9100,0.0937728
RE+2/3/35,B,9100,0.0485872
RE+2/3/35,C,9100,0.0338707
RE+2/3/36,A,9100,0.0577198
RE+2/3/36,B,9100,0.0701445
RE+2/3/36,C,9100,0.063827
RE+2/3/1,A,9100,0.0469343
RE+2/3/1,B,9100,0.026568
RE+2/3/1,C,9100,0.0338022
RE+3/3/22,A,9100,0.168844
RE+3/3/22,B,9100,0.14564
RE+3/3/22,C,9100,0.0904509
RE+4/2/9,A,9100,0.0575475
RE+4/2/9,B,9100,0.0291779
RE+4/2/9,C,9100,0.0161768
RE+4/2/10,A,9100,0.0396247
RE+4/2/10,B,9100,0.800771
RE+4/2/10,C,9100,0.0291469
RE+4/2/11,A,9100,0.0393402
RE+4/2/11,B,9100,0.11968
RE+4/2/11,C,9100,0.03781
RE+4/3/9,A,9100,0.0266146
RE+4/3/9,B,9100,0.0222763
RE+4/3/9,C,9100,0.0224107
RE+4/3/10,A,9100,0.0181641
RE+4/3/10,B,9100,0.0325237
RE+4/3/10,C,9100,0.0939208
RE+4/3/11,A,9100,0.216015
RE+4/3/11,B,9100,0.324351
RE+4/3/11,C,9100,0.594405
RE+4/2/12,A,9100,0.0177233
RE+4/2/12,B,9100,0.0177238
RE+4/2/12,C,9100,0.0195839
RE+4/2/13,A,9100,0.0556735
RE+4/2/13,B,9100,0.0663499
RE+4/2/13,C,9100,0.0543564
RE+4/2/14,A,9100,0.0629139
RE+4/2/14,B,9100,0.0417543
RE+4/2/14,C,9100,0.0269893
RE+4/3/12,A,9100,0.0274465
RE+4/3/12,B,9100,0.0227175
RE+4/3/12,C,9100,0.0216427
RE+4/3/13,A,9100,0.0200961
RE+4/3/13,B,9100,0.0210352
RE+4/3/13,C,9100,0.182817
RE+4/3/14,A,9100,0.0146555
RE+4/3/14,B,9100,0.0110317
RE+4/3/14,C,9100,0.0127004
RE+4/2/15,A,9100,0.0418867
RE+4/2/15,B,9100,0.0639528
RE+4/2/15,C,9100,0.0455615
RE+4/2/16,A,9100,0.0409976
RE+4/2/16,B,9100,0.0216618
RE+4/2/16,C,9100,0.0184231
RE+4/2/17,A,9100,0.26439
RE+4/2/17,B,9100,1.63418
RE+4/2/17,C,9100,2.36126
RE+4/3/15,A,9100,0.0315726
RE+4/3/15,B,9100,0.0119042
RE+4/3/15,C,9100,0.0240968
RE+4/3/16,A,9100,0.0211589
RE+4/3/16,B,9100,0.0187826
RE+4/3/16,C,9100,0.0334092
RE+4/3/17,A,9100,0.0406521
RE+4/3/17,B,9100,0.0267414
RE+4/3/17,C,9100,0.052646
RE+4/2/18,A,9100,0.0277681
RE+4/2/18,B,9100,0.0175414
RE+4/2/18,C,9100,0.0146813
RE+4/2/19,A,9100,0.0880617
RE+4/2/19,B,9100,0.0403598
RE+4/2/19,C,9100,0.0280044
RE+4/2/20,A,9100,0.0271877
RE+4/2/20,B,9100,0.0451178
RE+4/2/20,C,9100,0.0233992
RE+4/3/18,A,9100,0.0170632
RE+4/3/18,B,9100,0.0184122
RE+4/3/18,C,9100,0.0168623
RE+4/3/19,A,9100,0.00807898
RE+4/3/19,B,9100,0.0145064
RE+4/3/19,C,9100,0.0237632
RE+4/3/20,A,9100,0.0324328
RE+4/3/20,B,9100,0.00956896
RE+4/3/20,C,9100,0.021222
RE+4/2/21,A,9100,0.0256627
RE+4/2/21,B,9100,0.104077
RE+4/2/21,C,9100,0.0746635
RE+4/2/22,A,9100,0.0342736
RE+4/2/22,B,9100,0.046785
RE+4/2/22,C,9100,0.0197394
RE+4/2/23,A,9100,0.0263704
RE+4/2/23,B,9100,0.0516994
RE+4/2/23,C,9100,0.184647
RE+4/3/21,A,9100,0.0233535
RE+4/3/21,B,9100,0.0491897
RE+4/3/21,C,9100,0.0204516
RE+4/3/22,A,9100,0.0155927
RE+4/3/22,B,9100,0.0509667
RE+4/3/22,C,9100,0.0391248
RE+4/3/23,A,9100,0.0150509
RE+4/3/23,B,9100,0.0136245
RE+4/3/23,C,9100,0.021059
RE+4/2/24,A,9100,0.676823
RE+4/2/24,B,9100,0.21998
RE+4/2/24,C,9100,0.75727
RE+4/2/25,A,9100,0.0613816
RE+4/2/25,B,9100,0.261083
RE+4/2/25,C,9100,0.100902
RE+4/2/26,A,9100,0.0373176
RE+4/2/26,B,9100,0.0911675
RE+4/2/26,C,9100,0.247585
RE+4/3/24,A,9100,0.183049
RE+4/3/24,B,9100,0.0180775
RE+4/3/24,C,9100,0.0179528
RE+4/3/25,A,9100,0.0158289
RE+4/3/25,B,9100,0.0101337
RE+4/3/25,C,9100,0.0140599
RE+4/3/26,A,9100,0.0310671
RE+4/3/26,B,9100,0.0363972
RE+4/3/26,C,9100,0.0477622
RE+3/2/9,A,9100,0.0728268
RE+3/2/9,B,9100,0.0859748
RE+3/2/9,C,9100,0.0795255
RE+3/2/10,A,9100,0.203848
RE+3/2/10,B,9100,0.20768
RE+3/2/10,C,9100,0.100211
RE+3/2/11,A,9100,0.0737978
RE+3/2/11,B,9100,0.122247
RE+3/2/11,C,9100,0.0984618
RE+3/3/9,A,9100,0.114074
RE+3/3/9,B,9100,0.133043
RE+3/3/9,C,9100,0.118344
RE+3/3/10,A,9100,0.107906
RE+3/3/10,B,9100,0.0977439
RE+3/3/10,C,9100,0.0756816
RE+3/3/11,A,9100,0.131613
RE+3/3/11,B,9100,0.246454
RE+3/3/11,C,9100,0.175891
RE+3/2/12,A,9100,0.0900829
RE+3/2/12,B,9100,0.048248
RE+3/2/12,C,9100,0.0638972
RE+3/2/13,A,9100,0.0548641
RE+3/2/13,B,9100,0.0839332
RE+3/2/13,C,9100,0.056072
RE+3/2/14,A,9100,0.0554342
RE+3/2/14,B,9100,0.0756188
RE+3/2/14,C,9100,0.0457756
RE+3/3/12,A,9100,0.194019
RE+3/3/12,B,9100,0.0900296
RE+3/3/12,C,9100,0.0943624
RE+3/3/13,A,9100,0.157384
RE+3/3/13,B,9100,0.101041
RE+3/3/13,C,9100,0.104856
RE+3/3/14,A,9100,0.0576326
RE+3/3/14,B,9100,0.0996619
RE+3/3/14,C,9100,0.0842347
RE+3/2/15,A,9100,0.0626946
RE+3/2/15,B,9100,0.0760026
RE+3/2/15,C,9100,0.0689396
RE+3/2/16,A,9100,0.0544304
RE+3/2/16,B,9100,0.0733724
RE+3/2/16,C,9100,0.0686287
RE+3/2/17,A,9100,0.057042
RE+3/2/17,B,9100,0.0915695
RE+3/2/17,C,9100,0.0694682
RE+3/3/15,A,9100,0.0599005
RE+3/3/15,B,9100,0.089082
RE+3/3/15,C,9100,0.0814364
RE+3/3/16,A,9100,0.0760543
RE+3/3/16,B,9100,0.0627341
RE+3/3/16,C,9100,0.0767206
RE+3/3/17,A,9100,0.118867
RE+3/3/17,B,9100,0.115705
RE+3/3/17,C,9100,0.0960907
RE+3/2/18,A,9100,0.0573231
RE+3/2/18,B,9100,0.0415275
RE+3/2/18,C,9100,0.0607365
RE+3/2/19,A,9100,0.0879561
RE+3/2/19,B,9100,0.071029
RE+3/2/19,C,9100,0.0708533
RE+3/2/20,A,9100,0.0759498
RE+3/2/20,B,9100,0.0915594
RE+3/2/20,C,9100,0.0592509
RE+3/3/18,A,9100,0.0455005
RE+3/3/18,B,9100,0.0305502
RE+3/3/18,C,9100,0.0344879
RE+3/3/19,A,9100,0.056697
RE+3/3/19,B,9100,0.0636166
RE+3/3/19,C,9100,0.325302
RE+3/3/20,A,9100,0.081389
RE+3/3/20,B,9100,0.080009
RE+3/3/20,C,9100,0.06082
RE+3/2/21,A,9100,0.0797528
RE+3/2/21,B,9100,0.0849623
RE+3/2/21,C,9100,0.110949
RE+3/2/22,A,9100,0.057022
RE+3/2/22,B,9100,0.0810116
RE+3/2/22,C,9100,0.0733131
RE+3/2/23,A,9100,0.0792599
RE+3/2/23,B,9100,0.110814
RE+3/2/23,C,9100,0.0759756
RE+3/3/21,A,9100,0.112265
RE+3/3/21,B,9100,0.0912219
RE+3/3/21,C,9100,0.0922873
RE+3/3/23,A,9100,0.097842
RE+3/3/23,B,9100,0.114034
RE+3/3/23,C,9100,0.0982113
RE+3/2/24,A,9100,0.0714433
RE+3/2/24,B,9100,0.120472
RE+3/2/24,C,9100,0.0858125
RE+3/2/25,A,9100,0.085803
RE+3/2/25,B,9100,0.167194
RE+3/2/25,C,9100,0.0800889
RE+3/2/26,A,9100,0.168738
RE+3/2/26,B,9100,0.178039
RE+3/2/26,C,9100,0.0916542
RE+3/3/24,A,9100,0.0289745
RE+3/3/24,B,9100,0.0327204
RE+3/3/24,C,9100,0.0710876
RE+3/3/25,A,9100,0.0845626
RE+3/3/25,B,9100,0.0839417
RE+3/3/25,C,9100,0.131294
RE+3/3/26,A,9100,0.115562
RE+3/3/26,B,9100,0.144014
RE+3/3/26,C,9100,0.116723
RE+3/3/28,A,9100,0.0816728
RE+3/3/28,B,9100,0.104089
RE+3/3/28,C,9100,0.0697524
RE+4/2/33,A,9100,0.019936
RE+4/2/33,B,9100,0.0238732
RE+4/2/33,C,9100,0.0173632
RE+4/2/34,A,9100,0.150847
RE+4/2/34,B,9100,0.146515
RE+4/2/34,C,9100,0.0361946
RE+4/2/35,A,9100,0.0267199
RE+4/2/35,B,9100,0.0281648
RE+4/2/35,C,9100,0.0219866
RE+4/3/33,A,9100,0.0913189
RE+4/3/33,B,9100,0.0443434
RE+4/3/33,C,9100,0.940651
RE+4/3/34,A,9100,0.0264144
RE+4/3/34,B,9100,0.0261869
RE+4/3/34,C,9100,0.0448608
RE+4/3/35,A,9100,0.0130071
RE+4/3/35,B,9100,0.147031
RE+4/3/35,C,9100,0.015445
RE+4/2/36,A,9100,0.0315188
RE+4/2/36,B,9100,0.0295476
RE+4/2/36,C,9100,0.0343896
RE+4/2/1,A,9100,0.0284592
RE+4/2/1,B,9100,0.0330575
RE+4/2/1,C,9100,0.157634
RE+4/2/2,A,9100,0.0235287
RE+4/2/2,B,9100,0.0308536
RE+4/2/2,C,9100,0.0234287
RE+4/3/36,A,9100,0.0202681
RE+4/3/36,B,9100,0.0167771
RE+4/3/36,C,9100,0.016981
RE+4/3/1,A,9100,0.0119814
RE+4/3/1,B,9100,0.0133347
RE+4/3/1,C,9100,0.0294641
RE+4/3/2,A,9100,0.0189021
RE+4/3/2,B,9100,0.0141802
RE+4/3/2,C,9100,0.0145635
RE+4/2/3,A,9100,0.0477343
RE+4/2/3,B,9100,0.0292148
RE+4/2/3,C,9100,0.0320708
RE+4/2/4,A,9100,0.0256932
RE+4/2/4,B,9100,0.02066
RE+4/2/4,C,9100,0.0145219
RE+4/2/5,A,9100,1.08191
RE+4/2/5,B,9100,0.168855
RE+4/2/5,C,9100,0.0907771
RE+4/3/3,A,9100,0.044189
RE+4/3/3,B,9100,0.0241234
RE+4/3/3,C,9100,2.1042
RE+4/3/4,A,9100,0.0294435
RE+4/3/4,B,9100,0.0165097
RE+4/3/4,C,9100,0.016311
RE+4/3/5,A,9100,0.0374558
RE+4/3/5,B,9100,0.0193245
RE+4/3/5,C,9100,0.0230161
RE+4/2/6,A,9100,0.0275954
RE+4/2/6,B,9100,0.0259491
RE+4/2/6,C,9100,0.0158476
RE+4/2/7,A,9100,0.050498
RE+4/2/7,B,9100,0.0554112
RE+4/2/7,C,9100,0.0223393
RE+4/2/8,A,9100,0.0583271
RE+4/2/8,B,9100,0.0528088
RE+4/2/8,C,9100,1.81075
RE+4/3/6,A,9100,0.0168734
RE+4/3/6,B,9100,0.0191934
RE+4/3/6,C,9100,0.0193747
RE+4/3/7,A,9100,0.0644688
RE+4/3/7,B,9100,0.0361791
RE+4/3/7,C,9100,0.0214246
RE+4/3/8,A,9100,0.0177706
RE+4/3/8,B,9100,0.0182637
RE+4/3/8,C,9100,0.0137428
RE+4/2/27,A,9100,0.0257889
RE+4/2/27,B,9100,0.0623223
RE+4/2/27,C,9100,0.0463088
RE+4/2/28,A,9100,0.0256657
RE+4/2/28,B,9100,0.0283682
RE+4/2/28,C,9100,0.0283173
RE+4/2/29,A,9100,0.0338561
RE+4/2/29,B,9100,0.0279206
RE+4/2/29,C,9100,0.0221975
RE+4/3/27,A,9100,0.019161
RE+4/3/27,B,9100,0.0198617
RE+4/3/27,C,9100,0.0272884
RE+4/3/28,A,9100,0.0555705
RE+4/3/28,B,9100,0.164091
RE+4/3/28,C,9100,0.0225064
RE+4/3/29,A,9100,0.0202996
RE+4/3/29,B,9100,0.0322308
RE+4/3/29,C,9100,0.0301055
RE+4/2/30,A,9100,0.00729493
RE+4/2/30,B,9100,0.0071577
RE+4/2/30,C,9100,0.00849474
RE+4/2/31,A,9100,0.0215994
RE+4/2/31,B,9100,0.0282022
RE+4/2/31,C,9100,0.0242146
RE+4/2/32,A,9100,0.0241185
RE+4/2/32,B,9100,0.0339217
RE+4/2/32,C,9100,0.0432843
RE+4/3/30,A,9100,0.0533917
RE+4/3/30,B,9100,0.0177393
RE+4/3/30,C,9100,0.0124215
RE+4/3/31,A,9100,0.0102536
RE+4/3/31,B,9100,0.00950061
RE+4/3/31,C,9100,0.0176372
RE+4/3/32,A,9100,0.0177424
RE+4/3/32,B,9100,0.0174409
RE+4/3/32,C,9100,0.0171018
RE+3/2/3,A,9100,0.245691
RE+3/2/3,B,9100,0.412655
RE+3/2/3,C,9100,1.04571
RE+3/2/4,A,9100,0.0258487
RE+3/2/4,B,9100,0.0391326
RE+3/2/4,C,9100,0.0316649
RE+3/2/5,A,9100,0.0498006
RE+3/2/5,B,9100,0.0765163
RE+3/2/5,C,9100,0.0596875
RE+3/3/3,A,9100,0.0718339
RE+3/3/3,B,9100,0.0617078
RE+3/3/3,C,9100,0.0427111
RE+3/3/4,A,9100,0.0860207
RE+3/3/4,B,9100,0.0939932
RE+3/3/4,C,9100,0.0764353
RE+3/3/5,A,9100,0.236519
RE+3/3/5,B,9100,0.0759735
RE+3/3/5,C,9100,0.0892578
RE+3/2/6,A,9100,0.149182
RE+3/2/6,B,9100,0.0572722
RE+3/2/6,C,9100,0.0554589
RE+3/2/7,A,9100,0.0515855
RE+3/2/7,B,9100,0.0573727
RE+3/2/7,C,9100,0.0730151
RE+3/2/8,A,9100,0.0531158
RE+3/2/8,B,9100,0.0875097
RE+3/2/8,C,9100,0.0578444
RE+3/3/6,A,9100,0.0532228
RE+3/3/6,B,9100,0.0324181
RE+3/3/6,C,9100,0.0488851
RE+3/3/7,A,9100,0.160909
RE+3/3/7,B,9100,0.134307
RE+3/3/7,C,9100,0.145578
RE+3/3/8,A,9100,0.0942458
RE+3/3/8,B,9100,0.104849
RE+3/3/8,C,9100,0.110198
RE+3/2/33,A,9100,0.152999
RE+3/2/33,B,9100,0.188782
RE+3/2/33,C,9100,0.102239
RE+3/2/34,A,9100,0.0593098
RE+3/2/34,B,9100,0.0901373
RE+3/2/34,C,9100,0.10238
RE+3/2/35,A,9100,0.0528743
RE+3/2/35,B,9100,0.154574
RE+3/2/35,C,9100,0.0891089
RE+3/3/33,A,9100,0.322589
RE+3/3/33,B,9100,0.173964
RE+3/3/33,C,9100,0.163156
RE+3/3/34,A,9100,0.0480115
RE+3/3/34,B,9100,0.0595692
RE+3/3/34,C,9100,0.0815073
RE+3/3/35,A,9100,0.10413
RE+3/3/35,B,9100,0.113954
RE+3/3/35,C,9100,0.099268
RE+3/2/36,A,9100,0.0512057
RE+3/2/36,B,9100,0.0888987
RE+3/2/36,C,9100,0.0585212
RE+3/2/1,A,9100,0.0720702
RE+3/2/1,B,9100,0.12255
RE+3/2/1,C,9100,0.113953
RE+3/2/2,A,9100,0.06123
RE+3/2/2,B,9100,0.0905246
RE+3/2/2,C,9100,0.0948359
RE+3/3/36,A,9100,0.0553508
RE+3/3/36,B,9100,0.0349754
RE+3/3/36,C,9100,0.0488361
RE+3/3/1,A,9100,0.167597
RE+3/3/1,B,9100,0.10184
RE+3/3/1,C,9100,0.0922574
RE+3/3/2,A,9100,0.0638057
RE+3/3/2,B,9100,0.090963
RE+3/3/2,C,9100,0.105483
RE+3/2/27,A,9100,0.053709
RE+3/2/27,B,9100,0.0664221
RE+3/2/27,C,9100,0.0569855
RE+3/2/28,A,9100,0.0667193
RE+3/2/28,B,9100,0.36605
RE+3/2/28,C,9100,0.0882092
RE+3/2/29,A,9100,0.061498
RE+3/2/29,B,9100,0.103145
RE+3/2/29,C,9100,0.0807125
RE+3/3/27,A,9100,0.0731446
RE+3/3/27,B,9100,0.0848111
RE+3/3/27,C,9100,0.114712
RE+3/3/29,A,9100,0.0874161
RE+3/3/29,B,9100,0.117465
RE+3/3/29,C,9100,0.0983764
RE+3/2/30,A,9100,0.0662659
RE+3/2/30,B,9100,0.0688869
RE+3/2/30,C,9100,0.0691541
RE+3/2/31,A,9100,0.419131
RE+3/2/31,B,9100,0.595571
RE+3/2/31,C,9100,0.770228
RE+3/2/32,A,9100,0.117095
RE+3/2/32,B,9100,0.159208
RE+3/2/32,C,9100,0.181055
RE+3/3/30,A,9100,0.110852
RE+3/3/30,B,9100,0.103073
RE+3/3/30,C,9100,0.0623545
RE+3/3/31,A,9100,0.0817868
RE+3/3/31,B,9100,0.0662218
RE+3/3/31,C,9100,0.0533946
RE+3/3/32,A,9100,0.304101
RE+3/3/32,B,9100,0.242697
RE+3/3/32,C,9100,0.166317
