W+1/RB2out/8,Backward,9700,19.2775
W+1/RB4/4--,Forward,9700,0.0221989
W+1/RB4/4-,Forward,9700,0.0317885
W+1/RB4/4+,Forward,9700,0.122435
W+1/RB4/4++,Forward,9700,0.000304448
W+1/RB3/4-,Forward,9700,0.038211
W+1/RB3/4+,Forward,9700,0.0588447
W+1/RB4/4--,Backward,9700,0.0220268
W+1/RB4/4-,Backward,9700,0.036512
W+1/RB4/4+,Backward,9700,0.201137
W+1/RB4/4++,Backward,9700,0.000225
W+1/RB3/4-,Backward,9700,0.0616587
W+1/RB3/4+,Backward,9700,0.0524585
W+1/RB2in/4,Forward,9700,0.123583
W+1/RB2in/4,Central,9700,0.249794
W+1/RB2in/4,Backward,9700,31.7983
W+1/RB2out/4,Forward,9700,0.178035
W+1/RB1out/4,Forward,9700,0.0977457
W+1/RB1in/4,Forward,9700,0.0835086
W+1/RB2out/4,Backward,9700,0.0618453
W+1/RB1out/4,Backward,9700,0.0402387
W+1/RB1in/4,Backward,9700,0.108907
W+1/RB4/5-,Forward,9700,0.170351
W+1/RB4/5+,Forward,9700,0.302754
W+1/RB3/5-,Forward,9700,0.135514
W+1/RB3/5+,Forward,9700,0.10073
W+1/RB4/5-,Backward,9700,0.322605
W+1/RB4/5+,Backward,9700,0.328526
W+1/RB3/5-,Backward,9700,0.151325
W+1/RB3/5+,Backward,9700,0.0294399
W+1/RB2in/5,Forward,9700,3.54988
W+1/RB2in/5,Central,9700,0.358835
W+1/RB2in/5,Backward,9700,0.180026
W+1/RB2out/5,Forward,9700,0.0596291
W+1/RB1out/5,Forward,9700,0.628476
W+1/RB1in/5,Forward,9700,0.0914538
W+1/RB2out/5,Backward,9700,0.0580106
W+1/RB1out/5,Backward,9700,0.476532
W+1/RB1in/5,Backward,9700,0.0386058
W+1/RB4/6-,Forward,9700,0.171829
W+1/RB4/6+,Forward,9700,0.170681
W+1/RB3/6-,Forward,9700,0.816442
W+1/RB3/6+,Forward,9700,0.151456
W+1/RB4/6-,Backward,9700,0.130694
W+1/RB4/6+,Backward,9700,0.224016
W+1/RB3/6-,Backward,9700,1.09914
W+1/RB3/6+,Backward,9700,0.110472
W+1/RB2in/6,Forward,9700,1.13795
W+1/RB2in/6,Central,9700,0.719641
W+1/RB2in/6,Backward,9700,0.38886
W+1/RB2out/6,Forward,9700,7.02509
W+1/RB1out/6,Forward,9700,0.119999
W+1/RB1in/6,Forward,9700,0.459639
W+1/RB2out/6,Backward,9700,5.91364
W+1/RB1out/6,Backward,9700,0.117213
W+1/RB1in/6,Backward,9700,0.0698026
W+1/RB4/7-,Forward,9700,0.176998
W+1/RB4/7+,Forward,9700,0.445351
W+1/RB3/7-,Forward,9700,1.37281
W+1/RB3/7+,Forward,9700,0.103094
W+1/RB4/7-,Backward,9700,0.24662
W+1/RB4/7+,Backward,9700,0.22781
W+1/RB3/7-,Backward,9700,2.70917
W+1/RB3/7+,Backward,9700,0.102867
W+1/RB2in/7,Forward,9700,0.211042
W+1/RB2in/7,Central,9700,0.521923
W+1/RB2in/7,Backward,9700,0.103216
W+1/RB2out/7,Forward,9700,0.0730067
W+1/RB1out/7,Forward,9700,0.0355325
W+1/RB1in/7,Forward,9700,0.390018
W+1/RB2out/7,Backward,9700,0.0378513
W+1/RB1out/7,Backward,9700,0.0535443
W+1/RB1in/7,Backward,9700,0.214143
W+1/RB4/8-,Forward,9700,0.18853
W+1/RB4/8+,Forward,9700,0.133845
W+1/RB3/8-,Forward,9700,0.131592
W+1/RB3/8+,Forward,9700,0.626585
W+1/RB4/8-,Backward,9700,0.351529
W+1/RB4/8+,Backward,9700,0.134783
W+1/RB3/8-,Backward,9700,0.149557
W+1/RB3/8+,Backward,9700,0.853915
W+1/RB2in/8,Forward,9700,0.963679
W+1/RB2in/8,Central,9700,1.2418
W+1/RB2in/8,Backward,9700,0.218376
W+1/RB2out/8,Forward,9700,22.7352
W+1/RB1out/8,Forward,9700,0.524432
W+1/RB1in/8,Forward,9700,0.438349
W+1/RB1out/8,Backward,9700,0.358764
W+1/RB1in/8,Backward,9700,0.222831
W+1/RB4/9,Forward,9700,0.324876
W+1/RB3/9-,Forward,9700,0.0932318
W+1/RB3/9+,Forward,9700,0.755867
W+1/RB4/9,Backward,9700,0.41046
W+1/RB3/9-,Backward,9700,0.119739
W+1/RB3/9+,Backward,9700,0.141255
W+1/RB2in/9,Forward,9700,0.328478
W+1/RB2in/9,Central,9700,0.463305
W+1/RB2in/9,Backward,9700,0.392382
W+1/RB2out/9,Forward,9700,0.791942
W+1/RB1out/9,Forward,9700,0.120008
W+1/RB1in/9,Forward,9700,0.595518
W+1/RB2out/9,Backward,9700,0.41508
W+1/RB1out/9,Backward,9700,0.10321
W+1/RB1in/9,Backward,9700,0.314766
W+1/RB2out/11,Backward,9700,3.39958
W+1/RB4/1-,Forward,9700,0.181554
W+1/RB4/1+,Forward,9700,0.446058
W+1/RB3/1-,Forward,9700,0.136723
W+1/RB3/1+,Forward,9700,3.59051
W+1/RB4/1-,Backward,9700,0.239304
W+1/RB4/1+,Backward,9700,0.492442
W+1/RB3/1-,Backward,9700,0.227903
W+1/RB3/1+,Backward,9700,0.30631
W+1/RB2in/1,Forward,9700,0.428754
W+1/RB2in/1,Central,9700,0.897898
W+1/RB2in/1,Backward,9700,0.0579043
W+1/RB2out/1,Forward,9700,0.201656
W+1/RB1out/1,Forward,9700,0.0346971
W+1/RB1in/1,Forward,9700,0.0107168
W+1/RB2out/1,Backward,9700,0.2104
W+1/RB1out/1,Backward,9700,0.0521359
W+1/RB1in/1,Backward,9700,0.00939588
W+1/RB4/2-,Forward,9700,0.055134
W+1/RB4/2+,Forward,9700,0.165917
W+1/RB3/2-,Forward,9700,3.37607
W+1/RB3/2+,Forward,9700,2.02832
W+1/RB4/2-,Backward,9700,0.112569
W+1/RB4/2+,Backward,9700,0.217717
W+1/RB3/2-,Backward,9700,0.93465
W+1/RB3/2+,Backward,9700,5.40315
W+1/RB2in/2,Forward,9700,0.25367
W+1/RB2in/2,Central,9700,0.271605
W+1/RB2in/2,Backward,9700,0.195106
W+1/RB2out/2,Forward,9700,0.624685
W+1/RB1out/2,Forward,9700,0.466087
W+1/RB1in/2,Forward,9700,0.603188
W+1/RB2out/2,Backward,9700,0.832839
W+1/RB1out/2,Backward,9700,0.484569
W+1/RB1in/2,Backward,9700,0.348363
W+1/RB4/3-,Forward,9700,0.0871302
W+1/RB4/3+,Forward,9700,0.353183
W+1/RB3/3-,Forward,9700,0.216923
W+1/RB3/3+,Forward,9700,0.123177
W+1/RB4/3-,Backward,9700,0.109596
W+1/RB4/3+,Backward,9700,0.302606
W+1/RB3/3-,Backward,9700,0.100879
W+1/RB3/3+,Backward,9700,0.0992104
W+1/RB2in/3,Forward,9700,3.93885
W+1/RB2in/3,Central,9700,0.469718
W+1/RB2in/3,Backward,9700,0.307271
W+1/RB2out/3,Forward,9700,0.588276
W+1/RB1out/3,Forward,9700,0.70208
W+1/RB1in/3,Forward,9700,0.318461
W+1/RB2out/3,Backward,9700,1.08261
W+1/RB1out/3,Backward,9700,0.344122
W+1/RB1in/3,Backward,9700,0.102876
W+1/RB4/10-,Forward,9700,0.43714
W+1/RB4/10+,Forward,9700,0.0540895
W+1/RB3/10-,Forward,9700,0.648668
W+1/RB3/10+,Forward,9700,0.161793
W+1/RB4/10-,Backward,9700,0.459755
W+1/RB4/10+,Backward,9700,0.0780056
W+1/RB3/10-,Backward,9700,0.715515
W+1/RB3/10+,Backward,9700,0.143138
W+1/RB2in/10,Forward,9700,0.274503
W+1/RB2in/10,Central,9700,0.743453
W+1/RB2in/10,Backward,9700,0.563409
W+1/RB2out/10,Forward,9700,0.732734
W+1/RB1out/10,Forward,9700,0.0627292
W+1/RB1in/10,Forward,9700,0.0451896
W+1/RB2out/10,Backward,9700,7.13066
W+1/RB1out/10,Backward,9700,0.0714285
W+1/RB1in/10,Backward,9700,0.0683139
W+1/RB4/11,Forward,9700,0.0965616
W+1/RB3/11-,Forward,9700,0.234664
W+1/RB3/11+,Forward,9700,0.327512
W+1/RB4/11,Backward,9700,0.0918841
W+1/RB3/11-,Backward,9700,0.179406
W+1/RB3/11+,Backward,9700,0.0943607
W+1/RB2in/11,Forward,9700,0.382377
W+1/RB2in/11,Central,9700,0.381648
W+1/RB2in/11,Backward,9700,0.0497869
W+1/RB2out/11,Forward,9700,5.34211
W+1/RB1out/11,Forward,9700,0.203659
W+1/RB1in/11,Forward,9700,0.149547
W+1/RB1out/11,Backward,9700,0.386901
W+1/RB1in/11,Backward,9700,0.0634863
W+1/RB4/12-,Forward,9700,0.0625216
W+1/RB4/12+,Forward,9700,0.2016
W+1/RB3/12-,Forward,9700,0.352231
W+1/RB3/12+,Forward,9700,1.75874
W+1/RB4/12-,Backward,9700,0.159034
W+1/RB4/12+,Backward,9700,0.0949282
W+1/RB3/12-,Backward,9700,0.342413
W+1/RB3/12+,Backward,9700,0.345163
W+1/RB2in/12,Forward,9700,0.473515
W+1/RB2in/12,Central,9700,0.623607
W+1/RB2in/12,Backward,9700,0.436838
W+1/RB2out/12,Forward,9700,0.562978
W+1/RB1out/12,Forward,9700,1.06471
W+1/RB1in/12,Forward,9700,0.309359
W+1/RB2out/12,Backward,9700,0.319305
W+1/RB1out/12,Backward,9700,0.139043
W+1/RB1in/12,Backward,9700,0.320119
W+2/RB2in/8,Backward,9700,0.482844
W+2/RB4/4--,Forward,9700,0.280842
W+2/RB4/4-,Forward,9700,0.123327
W+2/RB4/4+,Forward,9700,0.127756
W+2/RB4/4++,Forward,9700,0.277211
W+2/RB3/4-,Forward,9700,0.448261
W+2/RB3/4+,Forward,9700,0.234872
W+2/RB4/4--,Backward,9700,0.315047
W+2/RB4/4-,Backward,9700,0.271813
W+2/RB4/4+,Backward,9700,0.0833054
W+2/RB4/4++,Backward,9700,0.173722
W+2/RB3/4-,Backward,9700,0.189862
W+2/RB3/4+,Backward,9700,0.228419
W+2/RB2out/4,Forward,9700,0.126516
W+2/RB2out/4,Central,9700,0.172102
W+2/RB2out/4,Backward,9700,0.0668253
W+2/RB2in/4,Forward,9700,0.188568
W+2/RB1out/4,Forward,9700,2.02276
W+2/RB1in/4,Forward,9700,0.304031
W+2/RB2in/4,Backward,9700,0.296503
W+2/RB1out/4,Backward,9700,0.518736
W+2/RB1in/4,Backward,9700,0.410931
W+2/RB4/5-,Forward,9700,0.675848
W+2/RB4/5+,Forward,9700,0.273897
W+2/RB3/5-,Forward,9700,0.409768
W+2/RB3/5+,Forward,9700,0.252695
W+2/RB4/5-,Backward,9700,0.968538
W+2/RB4/5+,Backward,9700,0.228361
W+2/RB3/5-,Backward,9700,0.54051
W+2/RB3/5+,Backward,9700,0.297492
W+2/RB2out/5,Forward,9700,0.177268
W+2/RB2out/5,Central,9700,0.183546
W+2/RB2out/5,Backward,9700,0.089439
W+2/RB2in/5,Forward,9700,0.480261
W+2/RB1out/5,Forward,9700,0.592601
W+2/RB1in/5,Forward,9700,0.740519
W+2/RB2in/5,Backward,9700,0.14091
W+2/RB1out/5,Backward,9700,0.564247
W+2/RB1in/5,Backward,9700,0.276297
W+2/RB4/6-,Forward,9700,0.345836
W+2/RB4/6+,Forward,9700,0.116725
W+2/RB3/6-,Forward,9700,0.26913
W+2/RB3/6+,Forward,9700,0.253563
W+2/RB4/6-,Backward,9700,0.192238
W+2/RB4/6+,Backward,9700,0.225314
W+2/RB3/6-,Backward,9700,0.280696
W+2/RB3/6+,Backward,9700,0.320145
W+2/RB2out/6,Forward,9700,0.225189
W+2/RB2out/6,Central,9700,0.253842
W+2/RB2out/6,Backward,9700,0.111128
W+2/RB2in/6,Forward,9700,0.0672682
W+2/RB1out/6,Forward,9700,0.255826
W+2/RB1in/6,Forward,9700,0.361845
W+2/RB2in/6,Backward,9700,0.066376
W+2/RB1out/6,Backward,9700,0.19714
W+2/RB1in/6,Backward,9700,0.196206
W+2/RB4/7-,Forward,9700,0.267926
W+2/RB4/7+,Forward,9700,0.381791
W+2/RB3/7-,Forward,9700,0.310334
W+2/RB3/7+,Forward,9700,0.099374
W+2/RB4/7-,Backward,9700,0.394489
W+2/RB4/7+,Backward,9700,0.42429
W+2/RB3/7-,Backward,9700,0.502592
W+2/RB3/7+,Backward,9700,0.0736279
W+2/RB2out/7,Forward,9700,0.0656381
W+2/RB2out/7,Central,9700,0.182249
W+2/RB2out/7,Backward,9700,0.0488144
W+2/RB2in/7,Forward,9700,0.0564024
W+2/RB1out/7,Forward,9700,0.515842
W+2/RB1in/7,Forward,9700,0.804
W+2/RB2in/7,Backward,9700,0.0550319
W+2/RB1out/7,Backward,9700,0.470154
W+2/RB1in/7,Backward,9700,4.63317
W+2/RB4/8-,Forward,9700,0.210035
W+2/RB4/8+,Forward,9700,0.0186596
W+2/RB3/8-,Forward,9700,0.439794
W+2/RB3/8+,Forward,9700,2.63947
W+2/RB4/8-,Backward,9700,0.272056
W+2/RB4/8+,Backward,9700,0.0102825
W+2/RB3/8-,Backward,9700,0.355288
W+2/RB3/8+,Backward,9700,1.21393
W+2/RB2out/8,Forward,9700,0.0985163
W+2/RB2out/8,Central,9700,0.182577
W+2/RB2out/8,Backward,9700,0
W+2/RB2in/8,Forward,9700,1.97591
W+2/RB1out/8,Forward,9700,0.961107
W+2/RB1in/8,Forward,9700,0.224428
W+2/RB1out/8,Backward,9700,1.28559
W+2/RB1in/8,Backward,9700,0.195681
W+2/RB4/9,Forward,9700,0.111491
W+2/RB3/9-,Forward,9700,1.35431
W+2/RB3/9+,Forward,9700,0.324448
W+2/RB4/9,Backward,9700,0.201604
W+2/RB3/9-,Backward,9700,1.33853
W+2/RB3/9+,Backward,9700,0.580891
W+2/RB2out/9,Forward,9700,0.718616
W+2/RB2out/9,Central,9700,0.820909
W+2/RB2out/9,Backward,9700,0.423629
W+2/RB2in/9,Forward,9700,6.83044
W+2/RB1out/9,Forward,9700,0.177008
W+2/RB1in/9,Forward,9700,3.51533
W+2/RB2in/9,Backward,9700,17.2275
W+2/RB1out/9,Backward,9700,0.111988
W+2/RB1in/9,Backward,9700,0.16525
W+2/RB2in/11,Backward,9700,0.962582
W+2/RB4/1-,Forward,9700,0.15278
W+2/RB4/1+,Forward,9700,0.468664
W+2/RB3/1-,Forward,9700,0.579996
W+2/RB3/1+,Forward,9700,0.117369
W+2/RB4/1-,Backward,9700,0.183848
W+2/RB4/1+,Backward,9700,0.488877
W+2/RB3/1-,Backward,9700,0.545719
W+2/RB3/1+,Backward,9700,1.4537
W+2/RB2out/1,Forward,9700,0.145239
W+2/RB2out/1,Central,9700,0.292467
W+2/RB2out/1,Backward,9700,0.108323
W+2/RB2in/1,Forward,9700,0.410533
W+2/RB1out/1,Forward,9700,0.0336498
W+2/RB1in/1,Forward,9700,0.0433058
W+2/RB2in/1,Backward,9700,0.0522964
W+2/RB1out/1,Backward,9700,0.0445047
W+2/RB1in/1,Backward,9700,0.0388849
W+2/RB4/2-,Forward,9700,1.13344
W+2/RB4/2+,Forward,9700,2.07074
W+2/RB3/2-,Forward,9700,0.432725
W+2/RB3/2+,Forward,9700,0.244022
W+2/RB4/2-,Backward,9700,0.446801
W+2/RB4/2+,Backward,9700,0.13755
W+2/RB3/2-,Backward,9700,0.641241
W+2/RB3/2+,Backward,9700,0.210995
W+2/RB2out/2,Forward,9700,0.0832679
W+2/RB2out/2,Central,9700,0.203945
W+2/RB2out/2,Backward,9700,0.135992
W+2/RB2in/2,Forward,9700,0.652525
W+2/RB1out/2,Forward,9700,0.482988
W+2/RB1in/2,Forward,9700,0.352629
W+2/RB2in/2,Backward,9700,0.0743199
W+2/RB1out/2,Backward,9700,0.331482
W+2/RB1in/2,Backward,9700,0.282708
W+2/RB4/3-,Forward,9700,0.0353887
W+2/RB4/3+,Forward,9700,0.360558
W+2/RB3/3-,Forward,9700,0.18371
W+2/RB3/3+,Forward,9700,0.0196627
W+2/RB4/3-,Backward,9700,0.028558
W+2/RB4/3+,Backward,9700,0.32531
W+2/RB3/3-,Backward,9700,0.155053
W+2/RB3/3+,Backward,9700,0.00930214
W+2/RB2out/3,Forward,9700,0.436761
W+2/RB2out/3,Central,9700,1.50107
W+2/RB2out/3,Backward,9700,62.9082
W+2/RB2in/3,Forward,9700,0.0794255
W+2/RB1out/3,Forward,9700,0.371905
W+2/RB1in/3,Forward,9700,0.843522
W+2/RB2in/3,Backward,9700,0.0474497
W+2/RB1out/3,Backward,9700,0.0733227
W+2/RB1in/3,Backward,9700,0.596306
W+2/RB4/10-,Forward,9700,0.102242
W+2/RB4/10+,Forward,9700,0.199945
W+2/RB3/10-,Forward,9700,0.258675
W+2/RB3/10+,Forward,9700,0.342854
W+2/RB4/10-,Backward,9700,0.0909959
W+2/RB4/10+,Backward,9700,0.117018
W+2/RB3/10-,Backward,9700,0.164579
W+2/RB3/10+,Backward,9700,0.729697
W+2/RB2out/10,Forward,9700,0.228249
W+2/RB2out/10,Central,9700,0.229913
W+2/RB2out/10,Backward,9700,0.246781
W+2/RB2in/10,Forward,9700,0.456632
W+2/RB1out/10,Forward,9700,0.058683
W+2/RB1in/10,Forward,9700,0.294538
W+2/RB2in/10,Backward,9700,0.304848
W+2/RB1out/10,Backward,9700,0.894295
W+2/RB1in/10,Backward,9700,0.140705
W+2/RB4/11,Forward,9700,0.640012
W+2/RB3/11-,Forward,9700,23.4696
W+2/RB3/11+,Forward,9700,1.95429
W+2/RB4/11,Backward,9700,0.0336144
W+2/RB3/11-,Backward,9700,0.111249
W+2/RB3/11+,Backward,9700,0.153326
W+2/RB2out/11,Forward,9700,0.275726
W+2/RB2out/11,Central,9700,0.0789256
W+2/RB2out/11,Backward,9700,0.0815264
W+2/RB2in/11,Forward,9700,0.0747141
W+2/RB1out/11,Forward,9700,1.21912
W+2/RB1in/11,Forward,9700,0.554717
W+2/RB1out/11,Backward,9700,0.620343
W+2/RB1in/11,Backward,9700,1.44478
W+2/RB4/12-,Forward,9700,3.79627
W+2/RB4/12+,Forward,9700,31.4445
W+2/RB3/12-,Forward,9700,13.4517
W+2/RB3/12+,Forward,9700,0.521994
W+2/RB4/12-,Backward,9700,0.0876471
W+2/RB4/12+,Backward,9700,0.841165
W+2/RB3/12-,Backward,9700,0.000262438
W+2/RB3/12+,Backward,9700,0.142597
W+2/RB2out/12,Forward,9700,4.9355
W+2/RB2out/12,Central,9700,0.552186
W+2/RB2out/12,Backward,9700,0.283237
W+2/RB2in/12,Forward,9700,7.26273
W+2/RB1out/12,Forward,9700,0.354084
W+2/RB1in/12,Forward,9700,0.483413
W+2/RB2in/12,Backward,9700,0.245555
W+2/RB1out/12,Backward,9700,1.43127
W+2/RB1in/12,Backward,9700,0.533734
W-1/RB2out/8,Backward,9700,4.25521
W-1/RB4/4++,Forward,9700,0.126698
W-1/RB4/4+,Forward,9700,0.0859598
W-1/RB4/4-,Forward,9700,0.121135
W-1/RB4/4--,Forward,9700,0.110838
W-1/RB3/4+,Forward,9700,9.21285
W-1/RB3/4-,Forward,9700,1.73397
W-1/RB4/4++,Backward,9700,0.125495
W-1/RB4/4+,Backward,9700,2.26356
W-1/RB4/4-,Backward,9700,0.0936388
W-1/RB4/4--,Backward,9700,0.0942512
W-1/RB3/4+,Backward,9700,14.1641
W-1/RB3/4-,Backward,9700,0.402316
W-1/RB2in/4,Forward,9700,8.12358
W-1/RB2in/4,Central,9700,10.6425
W-1/RB2in/4,Backward,9700,7.78409
W-1/RB2out/4,Forward,9700,1.01415
W-1/RB1out/4,Forward,9700,0.0116264
W-1/RB1in/4,Forward,9700,0.144664
W-1/RB2out/4,Backward,9700,1.23568
W-1/RB1out/4,Backward,9700,2.41068e-05
W-1/RB1in/4,Backward,9700,0.0752959
W-1/RB4/5+,Forward,9700,0.175267
W-1/RB4/5-,Forward,9700,0.167463
W-1/RB3/5+,Forward,9700,0.109414
W-1/RB3/5-,Forward,9700,0.0559352
W-1/RB4/5+,Backward,9700,0.44674
W-1/RB4/5-,Backward,9700,0.164374
W-1/RB3/5+,Backward,9700,0.102883
W-1/RB3/5-,Backward,9700,0.0503672
W-1/RB2in/5,Forward,9700,0.0473239
W-1/RB2in/5,Central,9700,0.0868975
W-1/RB2in/5,Backward,9700,0.0759789
W-1/RB2out/5,Forward,9700,0.225839
W-1/RB1out/5,Forward,9700,0.0914298
W-1/RB1in/5,Forward,9700,0.178091
W-1/RB2out/5,Backward,9700,0.0848106
W-1/RB1out/5,Backward,9700,0.0825563
W-1/RB1in/5,Backward,9700,0.0653703
W-1/RB4/6+,Forward,9700,0.135834
W-1/RB4/6-,Forward,9700,6.90469
W-1/RB3/6+,Forward,9700,0.155988
W-1/RB3/6-,Forward,9700,0.101817
W-1/RB4/6+,Backward,9700,0.121608
W-1/RB4/6-,Backward,9700,6.1155
W-1/RB3/6+,Backward,9700,0.125913
W-1/RB3/6-,Backward,9700,0.0656201
W-1/RB2in/6,Forward,9700,0.899699
W-1/RB2in/6,Central,9700,0.257753
W-1/RB2in/6,Backward,9700,0.0751353
W-1/RB2out/6,Forward,9700,0.0859217
W-1/RB1out/6,Forward,9700,0.101938
W-1/RB1in/6,Forward,9700,0.0507437
W-1/RB2out/6,Backward,9700,0.0774855
W-1/RB1out/6,Backward,9700,0.0658922
W-1/RB1in/6,Backward,9700,0.0892307
W-1/RB4/7+,Forward,9700,0.0388342
W-1/RB4/7-,Forward,9700,0.0536599
W-1/RB3/7+,Forward,9700,0.0462999
W-1/RB3/7-,Forward,9700,0.215624
W-1/RB4/7+,Backward,9700,0.0482939
W-1/RB4/7-,Backward,9700,0.0551051
W-1/RB3/7+,Backward,9700,0.0890987
W-1/RB3/7-,Backward,9700,0.166125
W-1/RB2in/7,Forward,9700,0.138141
W-1/RB2in/7,Central,9700,0.254058
W-1/RB2in/7,Backward,9700,0.142113
W-1/RB2out/7,Forward,9700,2.78482
W-1/RB1out/7,Forward,9700,0.0521681
W-1/RB1in/7,Forward,9700,0.0524236
W-1/RB2out/7,Backward,9700,0.0456146
W-1/RB1out/7,Backward,9700,0.049139
W-1/RB1in/7,Backward,9700,0.0241657
W-1/RB4/8+,Forward,9700,0.000128959
W-1/RB4/8-,Forward,9700,0.684175
W-1/RB3/8+,Forward,9700,0.701531
W-1/RB3/8-,Forward,9700,0.384747
W-1/RB4/8+,Backward,9700,5.28913e-05
W-1/RB4/8-,Backward,9700,0.923703
W-1/RB3/8+,Backward,9700,0.220318
W-1/RB3/8-,Backward,9700,0.831544
W-1/RB2in/8,Forward,9700,0.690342
W-1/RB2in/8,Central,9700,0.217255
W-1/RB2in/8,Backward,9700,0.142352
W-1/RB2out/8,Forward,9700,4.34262
W-1/RB1out/8,Forward,9700,0.236968
W-1/RB1in/8,Forward,9700,0.239932
W-1/RB1out/8,Backward,9700,0.143367
W-1/RB1in/8,Backward,9700,0.162984
W-1/RB4/9,Forward,9700,0.51734
W-1/RB3/9+,Forward,9700,0.273196
W-1/RB3/9-,Forward,9700,0.0211086
W-1/RB4/9,Backward,9700,0.504249
W-1/RB3/9+,Backward,9700,0.355317
W-1/RB3/9-,Backward,9700,0.0170035
W-1/RB2in/9,Forward,9700,0.142684
W-1/RB2in/9,Central,9700,0.128872
W-1/RB2in/9,Backward,9700,0.176958
W-1/RB2out/9,Forward,9700,0.276108
W-1/RB1out/9,Forward,9700,0.0905065
W-1/RB1in/9,Forward,9700,0.427061
W-1/RB2out/9,Backward,9700,0.167443
W-1/RB1out/9,Backward,9700,0.098301
W-1/RB1in/9,Backward,9700,0.0830499
W-1/RB2out/11,Backward,9700,0.120366
W-1/RB4/1+,Forward,9700,0.27055
W-1/RB4/1-,Forward,9700,0.207164
W-1/RB3/1+,Forward,9700,0.142568
W-1/RB3/1-,Forward,9700,0.686128
W-1/RB4/1+,Backward,9700,0.25972
W-1/RB4/1-,Backward,9700,0.0652051
W-1/RB3/1+,Backward,9700,0.166803
W-1/RB3/1-,Backward,9700,0.800588
W-1/RB2in/1,Forward,9700,0.0839978
W-1/RB2in/1,Central,9700,1.53154
W-1/RB2in/1,Backward,9700,0.0433016
W-1/RB2out/1,Forward,9700,0.0561912
W-1/RB1out/1,Forward,9700,0.221433
W-1/RB1in/1,Forward,9700,0.0584424
W-1/RB2out/1,Backward,9700,0.0859319
W-1/RB1out/1,Backward,9700,0.0296417
W-1/RB1in/1,Backward,9700,0.0357006
W-1/RB4/2+,Forward,9700,0.251426
W-1/RB4/2-,Forward,9700,0.120061
W-1/RB3/2+,Forward,9700,0.0889734
W-1/RB3/2-,Forward,9700,0.087964
W-1/RB4/2+,Backward,9700,0.237033
W-1/RB4/2-,Backward,9700,0.0674226
W-1/RB3/2+,Backward,9700,0.0649863
W-1/RB3/2-,Backward,9700,0.097451
W-1/RB2in/2,Forward,9700,0.208468
W-1/RB2in/2,Central,9700,0.412645
W-1/RB2in/2,Backward,9700,0.427491
W-1/RB2out/2,Forward,9700,0.194441
W-1/RB1out/2,Forward,9700,1.63177
W-1/RB1in/2,Forward,9700,0.709312
W-1/RB2out/2,Backward,9700,0.0552441
W-1/RB1out/2,Backward,9700,1.86977
W-1/RB1in/2,Backward,9700,0.490341
W-1/RB4/3+,Forward,9700,0.0959615
W-1/RB4/3-,Forward,9700,0.0897824
W-1/RB3/3+,Forward,9700,0.0737577
W-1/RB3/3-,Forward,9700,0.0725348
W-1/RB4/3+,Backward,9700,0.125546
W-1/RB4/3-,Backward,9700,0.0925112
W-1/RB3/3+,Backward,9700,0.0533587
W-1/RB3/3-,Backward,9700,0.0569294
W-1/RB2in/3,Forward,9700,0.119203
W-1/RB2in/3,Central,9700,0.116733
W-1/RB2in/3,Backward,9700,0.0696794
W-1/RB2out/3,Forward,9700,0.101626
W-1/RB1out/3,Forward,9700,0.115304
W-1/RB1in/3,Forward,9700,0.0493943
W-1/RB2out/3,Backward,9700,0.0576084
W-1/RB1out/3,Backward,9700,0.0626836
W-1/RB1in/3,Backward,9700,0.0551608
W-1/RB4/10+,Forward,9700,0.706803
W-1/RB4/10-,Forward,9700,0.109294
W-1/RB3/10+,Forward,9700,2.6169
W-1/RB3/10-,Forward,9700,0.0817654
W-1/RB4/10+,Backward,9700,0.1579
W-1/RB4/10-,Backward,9700,0.126317
W-1/RB3/10+,Backward,9700,3.19092
W-1/RB3/10-,Backward,9700,0.0796605
W-1/RB2in/10,Forward,9700,0.0800478
W-1/RB2in/10,Central,9700,0.0534064
W-1/RB2in/10,Backward,9700,0.0555128
W-1/RB2out/10,Forward,9700,0.182571
W-1/RB1out/10,Forward,9700,0.361335
W-1/RB1in/10,Forward,9700,0.0686311
W-1/RB2out/10,Backward,9700,0.0794678
W-1/RB1out/10,Backward,9700,0.375388
W-1/RB1in/10,Backward,9700,0.0492547
W-1/RB4/11,Forward,9700,0.0779553
W-1/RB3/11+,Forward,9700,35.269
W-1/RB3/11-,Forward,9700,0.0877114
W-1/RB4/11,Backward,9700,0.0796014
W-1/RB3/11+,Backward,9700,3.9312e-06
W-1/RB3/11-,Backward,9700,0.0724976
W-1/RB2in/11,Forward,9700,0.0835531
W-1/RB2in/11,Central,9700,0.20568
W-1/RB2in/11,Backward,9700,0.094281
W-1/RB2out/11,Forward,9700,0.131059
W-1/RB1out/11,Forward,9700,0.383002
W-1/RB1in/11,Forward,9700,0.122751
W-1/RB1out/11,Backward,9700,1.60757
W-1/RB1in/11,Backward,9700,0.214054
W-1/RB4/12+,Forward,9700,5.67254
W-1/RB4/12-,Forward,9700,0.331687
W-1/RB3/12+,Forward,9700,0.0688237
W-1/RB3/12-,Forward,9700,0.113312
W-1/RB4/12+,Backward,9700,2.04181
W-1/RB4/12-,Backward,9700,0.410362
W-1/RB3/12+,Backward,9700,0.0734987
W-1/RB3/12-,Backward,9700,0.105761
W-1/RB2in/12,Forward,9700,1.67161
W-1/RB2in/12,Central,9700,9.15024
W-1/RB2in/12,Backward,9700,12.0606
W-1/RB2out/12,Forward,9700,0.342591
W-1/RB1out/12,Forward,9700,0.0394417
W-1/RB1in/12,Forward,9700,0.106393
W-1/RB2out/12,Backward,9700,0.601858
W-1/RB1out/12,Backward,9700,0.0504295
W-1/RB1in/12,Backward,9700,0.0591133
W-2/RB2in/8,Backward,9700,0.897152
W-2/RB4/4++,Forward,9700,0.0362446
W-2/RB4/4+,Forward,9700,0.0975235
W-2/RB4/4-,Forward,9700,0.101155
W-2/RB4/4--,Forward,9700,0.465928
W-2/RB3/4+,Forward,9700,0.0344654
W-2/RB3/4-,Forward,9700,0.0789434
W-2/RB4/4++,Backward,9700,0.0420574
W-2/RB4/4+,Backward,9700,0.0893324
W-2/RB4/4-,Backward,9700,0.112805
W-2/RB4/4--,Backward,9700,0.25617
W-2/RB3/4+,Backward,9700,0.033302
W-2/RB3/4-,Backward,9700,0.101847
W-2/RB2out/4,Forward,9700,0.144166
W-2/RB2out/4,Central,9700,0.148061
W-2/RB2out/4,Backward,9700,0.129043
W-2/RB2in/4,Forward,9700,0.341224
W-2/RB1out/4,Forward,9700,0.146691
W-2/RB1in/4,Forward,9700,0.127855
W-2/RB2in/4,Backward,9700,0.447495
W-2/RB1out/4,Backward,9700,3.2624
W-2/RB1in/4,Backward,9700,0.0889004
W-2/RB4/5+,Forward,9700,0.0722439
W-2/RB4/5-,Forward,9700,0.0605894
W-2/RB3/5+,Forward,9700,1.74951
W-2/RB3/5-,Forward,9700,0.0583155
W-2/RB4/5+,Backward,9700,0.0193184
W-2/RB4/5-,Backward,9700,0.0592568
W-2/RB3/5+,Backward,9700,0.241792
W-2/RB3/5-,Backward,9700,0.0343363
W-2/RB2out/5,Forward,9700,0.175151
W-2/RB2out/5,Central,9700,0.185359
W-2/RB2out/5,Backward,9700,0.125586
W-2/RB2in/5,Forward,9700,0.122873
W-2/RB1out/5,Forward,9700,0.0737781
W-2/RB1in/5,Forward,9700,0.106631
W-2/RB2in/5,Backward,9700,0.00407009
W-2/RB1out/5,Backward,9700,0.0454112
W-2/RB1in/5,Backward,9700,0.060019
W-2/RB4/6+,Forward,9700,0.947464
W-2/RB4/6-,Forward,9700,0.118154
W-2/RB3/6+,Forward,9700,0.082684
W-2/RB3/6-,Forward,9700,0.0940891
W-2/RB4/6+,Backward,9700,1.00329
W-2/RB4/6-,Backward,9700,0.0389395
W-2/RB3/6+,Backward,9700,0.0511343
W-2/RB3/6-,Backward,9700,0.0947846
W-2/RB2out/6,Forward,9700,0.126943
W-2/RB2out/6,Central,9700,0.135361
W-2/RB2out/6,Backward,9700,0.0864676
W-2/RB2in/6,Forward,9700,0.250428
W-2/RB1out/6,Forward,9700,0.736449
W-2/RB1in/6,Forward,9700,0.0622772
W-2/RB2in/6,Backward,9700,0.247374
W-2/RB1out/6,Backward,9700,0.104161
W-2/RB1in/6,Backward,9700,0.0517584
W-2/RB4/7+,Forward,9700,0.126493
W-2/RB4/7-,Forward,9700,0.0818387
W-2/RB3/7+,Forward,9700,0.28372
W-2/RB3/7-,Forward,9700,0.114857
W-2/RB4/7+,Backward,9700,0.0623188
W-2/RB4/7-,Backward,9700,0.0410318
W-2/RB3/7+,Backward,9700,0.331366
W-2/RB3/7-,Backward,9700,0.0932437
W-2/RB2out/7,Forward,9700,0.101706
W-2/RB2out/7,Central,9700,0.105264
W-2/RB2out/7,Backward,9700,0.0591327
W-2/RB2in/7,Forward,9700,2.99907
W-2/RB1out/7,Forward,9700,0.0511037
W-2/RB1in/7,Forward,9700,0.183613
W-2/RB2in/7,Backward,9700,0.417103
W-2/RB1out/7,Backward,9700,0.0324871
W-2/RB1in/7,Backward,9700,0.27125
W-2/RB4/8+,Forward,9700,0.0763357
W-2/RB4/8-,Forward,9700,0.0964964
W-2/RB3/8+,Forward,9700,0.0798516
W-2/RB3/8-,Forward,9700,0.505976
W-2/RB4/8+,Backward,9700,0.233666
W-2/RB4/8-,Backward,9700,0.463357
W-2/RB3/8+,Backward,9700,6.85127
W-2/RB3/8-,Backward,9700,0.15805
W-2/RB2out/8,Forward,9700,0.203232
W-2/RB2out/8,Central,9700,0.476171
W-2/RB2out/8,Backward,9700,0.116174
W-2/RB2in/8,Forward,9700,0.674322
W-2/RB1out/8,Forward,9700,1.43957
W-2/RB1in/8,Forward,9700,0.0480906
W-2/RB1out/8,Backward,9700,0.235628
W-2/RB1in/8,Backward,9700,0.0220096
W-2/RB4/9,Forward,9700,0.16062
W-2/RB3/9+,Forward,9700,0.115632
W-2/RB3/9-,Forward,9700,0.162375
W-2/RB4/9,Backward,9700,0.159199
W-2/RB3/9+,Backward,9700,0.0728368
W-2/RB3/9-,Backward,9700,0.109016
W-2/RB2out/9,Forward,9700,0.115316
W-2/RB2out/9,Central,9700,0.0646517
W-2/RB2out/9,Backward,9700,0.0780535
W-2/RB2in/9,Forward,9700,1.2633
W-2/RB1out/9,Forward,9700,0.151024
W-2/RB1in/9,Forward,9700,0.0412265
W-2/RB2in/9,Backward,9700,0.230723
W-2/RB1out/9,Backward,9700,0.0574674
W-2/RB1in/9,Backward,9700,0.137629
W-2/RB2in/11,Backward,9700,1.19333e-05
W-2/RB4/1+,Forward,9700,0.0789294
W-2/RB4/1-,Forward,9700,0.0667185
W-2/RB3/1+,Forward,9700,0.0987426
W-2/RB3/1-,Forward,9700,0.136087
W-2/RB4/1+,Backward,9700,0.0679227
W-2/RB4/1-,Backward,9700,0.09883
W-2/RB3/1+,Backward,9700,0.23086
W-2/RB3/1-,Backward,9700,0.115896
W-2/RB2out/1,Forward,9700,0.106508
W-2/RB2out/1,Central,9700,0.219332
W-2/RB2out/1,Backward,9700,0.099496
W-2/RB2in/1,Forward,9700,3.65677
W-2/RB1out/1,Forward,9700,0.065792
W-2/RB1in/1,Forward,9700,0.039522
W-2/RB2in/1,Backward,9700,0.138587
W-2/RB1out/1,Backward,9700,0.0339613
W-2/RB1in/1,Backward,9700,0.0484241
W-2/RB4/2+,Forward,9700,0.756076
W-2/RB4/2-,Forward,9700,0.907981
W-2/RB3/2+,Forward,9700,0.0682854
W-2/RB3/2-,Forward,9700,0.25939
W-2/RB4/2+,Backward,9700,0.475555
W-2/RB4/2-,Backward,9700,0.709594
W-2/RB3/2+,Backward,9700,0.104251
W-2/RB3/2-,Backward,9700,0.295777
W-2/RB2out/2,Forward,9700,0.12048
W-2/RB2out/2,Central,9700,0.119248
W-2/RB2out/2,Backward,9700,0.121114
W-2/RB2in/2,Forward,9700,0.0608214
W-2/RB1out/2,Forward,9700,0.150634
W-2/RB1in/2,Forward,9700,0.129451
W-2/RB2in/2,Backward,9700,0.0480085
W-2/RB1out/2,Backward,9700,0.0887748
W-2/RB1in/2,Backward,9700,0.0409069
W-2/RB4/3+,Forward,9700,0.401205
W-2/RB4/3-,Forward,9700,1.0629
W-2/RB3/3+,Forward,9700,1.03186
W-2/RB3/3-,Forward,9700,0.123405
W-2/RB4/3+,Backward,9700,0.316869
W-2/RB4/3-,Backward,9700,2.7746
W-2/RB3/3+,Backward,9700,0.113696
W-2/RB3/3-,Backward,9700,0.0955745
W-2/RB2out/3,Forward,9700,0.132871
W-2/RB2out/3,Central,9700,0.590951
W-2/RB2out/3,Backward,9700,0.748832
W-2/RB2in/3,Forward,9700,2.92647
W-2/RB1out/3,Forward,9700,0.104718
W-2/RB1in/3,Forward,9700,0.450357
W-2/RB2in/3,Backward,9700,0.270849
W-2/RB1out/3,Backward,9700,0.0874119
W-2/RB1in/3,Backward,9700,0.356026
W-2/RB4/10+,Forward,9700,0.0752487
W-2/RB4/10-,Forward,9700,0.341246
W-2/RB3/10+,Forward,9700,0.0590999
W-2/RB3/10-,Forward,9700,0.778381
W-2/RB4/10+,Backward,9700,0.0479089
W-2/RB4/10-,Backward,9700,0.180494
W-2/RB3/10+,Backward,9700,0.039088
W-2/RB3/10-,Backward,9700,0.148916
W-2/RB2out/10,Forward,9700,0.384934
W-2/RB2out/10,Central,9700,0.36973
W-2/RB2out/10,Backward,9700,0.254896
W-2/RB2in/10,Forward,9700,0.130248
W-2/RB1out/10,Forward,9700,0.173609
W-2/RB1in/10,Forward,9700,0.0541808
W-2/RB2in/10,Backward,9700,0.0774984
W-2/RB1out/10,Backward,9700,0.0901369
W-2/RB1in/10,Backward,9700,0.0564433
W-2/RB4/11,Forward,9700,0.0819322
W-2/RB3/11+,Forward,9700,0.798976
W-2/RB3/11-,Forward,9700,0.078175
W-2/RB4/11,Backward,9700,0.0475931
W-2/RB3/11+,Backward,9700,0.435981
W-2/RB3/11-,Backward,9700,0.0993913
W-2/RB2out/11,Forward,9700,0.114079
W-2/RB2out/11,Central,9700,0.253162
W-2/RB2out/11,Backward,9700,0.149655
W-2/RB2in/11,Forward,9700,0.000224023
W-2/RB1out/11,Forward,9700,0.184577
W-2/RB1in/11,Forward,9700,0.273395
W-2/RB1out/11,Backward,9700,0.112324
W-2/RB1in/11,Backward,9700,0.119573
W-2/RB4/12+,Forward,9700,0.248885
W-2/RB4/12-,Forward,9700,0.102307
W-2/RB3/12+,Forward,9700,0.134907
W-2/RB3/12-,Forward,9700,0.188419
W-2/RB4/12+,Backward,9700,0.320628
W-2/RB4/12-,Backward,9700,0.0596429
W-2/RB3/12+,Backward,9700,0.149891
W-2/RB3/12-,Backward,9700,0.179809
W-2/RB2out/12,Forward,9700,0.115888
W-2/RB2out/12,Central,9700,0.182639
W-2/RB2out/12,Backward,9700,0.190991
W-2/RB2in/12,Forward,9700,0.66978
W-2/RB1out/12,Forward,9700,0
W-2/RB1in/12,Forward,9700,0.592935
W-2/RB2in/12,Backward,9700,0.518041
W-2/RB1out/12,Backward,9700,0
W-2/RB1in/12,Backward,9700,1.0339
W0/RB2out/8,Backward,9700,0.657888
W0/RB4/4+,Forward,9700,0.153681
W0/RB4/4++,Forward,9700,0.105062
W0/RB4/4--,Forward,9700,0.244209
W0/RB4/4-,Forward,9700,0.129143
W0/RB3/4+,Forward,9700,0.480481
W0/RB3/4-,Forward,9700,0.759129
W0/RB4/4+,Backward,9700,0.109089
W0/RB4/4++,Backward,9700,0.172751
W0/RB4/4--,Backward,9700,0.222719
W0/RB4/4-,Backward,9700,0.104344
W0/RB3/4+,Backward,9700,0.600821
W0/RB3/4-,Backward,9700,0.153935
W0/RB2in/4,Forward,9700,0.228775
W0/RB2in/4,Central,9700,0.399308
W0/RB2in/4,Backward,9700,0.596026
W0/RB2out/4,Forward,9700,0.101567
W0/RB1out/4,Forward,9700,0.211311
W0/RB1in/4,Forward,9700,0.0919604
W0/RB2out/4,Backward,9700,0.0567147
W0/RB1out/4,Backward,9700,0.285505
W0/RB1in/4,Backward,9700,0.09092
W0/RB4/5+,Forward,9700,0.231774
W0/RB4/5-,Forward,9700,0.150375
W0/RB3/5+,Forward,9700,0.147598
W0/RB3/5-,Forward,9700,0.0580302
W0/RB4/5+,Backward,9700,0.228487
W0/RB4/5-,Backward,9700,0.264182
W0/RB3/5+,Backward,9700,0.0768244
W0/RB3/5-,Backward,9700,0.0557391
W0/RB2in/5,Forward,9700,11.9826
W0/RB2in/5,Central,9700,0.230679
W0/RB2in/5,Backward,9700,0.152761
W0/RB2out/5,Forward,9700,0.719455
W0/RB1out/5,Forward,9700,1.02888
W0/RB1in/5,Forward,9700,3.30684
W0/RB2out/5,Backward,9700,0.703213
W0/RB1out/5,Backward,9700,3.50096
W0/RB1in/5,Backward,9700,0.800192
W0/RB4/6-,Forward,9700,0.0634389
W0/RB4/6+,Forward,9700,0.228825
W0/RB3/6-,Forward,9700,0.0563921
W0/RB3/6+,Forward,9700,0.173991
W0/RB4/6-,Backward,9700,0.0632028
W0/RB4/6+,Backward,9700,0.107521
W0/RB3/6-,Backward,9700,0.071826
W0/RB3/6+,Backward,9700,0.0603558
W0/RB2in/6,Forward,9700,2.06492
W0/RB2in/6,Central,9700,1.05942
W0/RB2in/6,Backward,9700,0.199649
W0/RB2out/6,Forward,9700,9.83404
W0/RB1out/6,Forward,9700,0.26253
W0/RB1in/6,Forward,9700,0.0648837
W0/RB2out/6,Backward,9700,1.53696
W0/RB1out/6,Backward,9700,0.0624392
W0/RB1in/6,Backward,9700,0.0652157
W0/RB4/7-,Forward,9700,0.0149155
W0/RB4/7+,Forward,9700,0.0449
W0/RB3/7-,Forward,9700,0.199371
W0/RB3/7+,Forward,9700,0.663548
W0/RB4/7-,Backward,9700,0.0134144
W0/RB4/7+,Backward,9700,0.0401959
W0/RB3/7-,Backward,9700,0.0523906
W0/RB3/7+,Backward,9700,0.138873
W0/RB2in/7,Forward,9700,0.356977
W0/RB2in/7,Central,9700,0.360144
W0/RB2in/7,Backward,9700,0.0750056
W0/RB2out/7,Forward,9700,0.234826
W0/RB1out/7,Forward,9700,0.0391094
W0/RB1in/7,Forward,9700,0.0304791
W0/RB2out/7,Backward,9700,0.0758424
W0/RB1out/7,Backward,9700,0.0249623
W0/RB1in/7,Backward,9700,1.21126
W0/RB4/8+,Forward,9700,0.0685077
W0/RB4/8-,Forward,9700,0.172944
W0/RB3/8+,Forward,9700,0.0525708
W0/RB3/8-,Forward,9700,0.403006
W0/RB4/8+,Backward,9700,0.0504152
W0/RB4/8-,Backward,9700,0.128774
W0/RB3/8+,Backward,9700,0.276368
W0/RB3/8-,Backward,9700,0.575075
W0/RB2in/8,Forward,9700,1.25803
W0/RB2in/8,Central,9700,0.358592
W0/RB2in/8,Backward,9700,0.191243
W0/RB2out/8,Forward,9700,4.75875
W0/RB1out/8,Forward,9700,0.0857652
W0/RB1in/8,Forward,9700,0.0571123
W0/RB1out/8,Backward,9700,0.0393154
W0/RB1in/8,Backward,9700,0.0662082
W0/RB4/9,Forward,9700,4.49974
W0/RB3/9+,Forward,9700,0.116987
W0/RB3/9-,Forward,9700,5.09969
W0/RB4/9,Backward,9700,4.95073
W0/RB3/9+,Backward,9700,0.102727
W0/RB3/9-,Backward,9700,6.2993
W0/RB2in/9,Forward,9700,3.67949
W0/RB2in/9,Central,9700,1.43496
W0/RB2in/9,Backward,9700,0.954168
W0/RB2out/9,Forward,9700,2.40257
W0/RB1out/9,Forward,9700,0.0622345
W0/RB1in/9,Forward,9700,0.343288
W0/RB2out/9,Backward,9700,3.51024
W0/RB1out/9,Backward,9700,0.0529218
W0/RB1in/9,Backward,9700,0.371692
W0/RB2out/11,Backward,9700,0.291935
W0/RB4/1+,Forward,9700,0.0501329
W0/RB4/1-,Forward,9700,0.0629375
W0/RB3/1+,Forward,9700,0.600938
W0/RB3/1-,Forward,9700,0.139009
W0/RB4/1+,Backward,9700,0.0626991
W0/RB4/1-,Backward,9700,0.0371976
W0/RB3/1+,Backward,9700,0.242949
W0/RB3/1-,Backward,9700,0.0718156
W0/RB2in/1,Forward,9700,0.276344
W0/RB2in/1,Central,9700,0.0642212
W0/RB2in/1,Backward,9700,0.0519302
W0/RB2out/1,Forward,9700,0.0611699
W0/RB1out/1,Forward,9700,0.0968716
W0/RB1in/1,Forward,9700,0.0178838
W0/RB2out/1,Backward,9700,0.0302351
W0/RB1out/1,Backward,9700,0.0299945
W0/RB1in/1,Backward,9700,0.0113681
W0/RB4/2-,Forward,9700,0.272928
W0/RB4/2+,Forward,9700,0.189815
W0/RB3/2-,Forward,9700,3.96134
W0/RB3/2+,Forward,9700,0.152961
W0/RB4/2-,Backward,9700,0.192378
W0/RB4/2+,Backward,9700,0.16548
W0/RB3/2-,Backward,9700,0.672923
W0/RB3/2+,Backward,9700,0.178432
W0/RB2in/2,Forward,9700,0.203619
W0/RB2in/2,Central,9700,0.575226
W0/RB2in/2,Backward,9700,0.166614
W0/RB2out/2,Forward,9700,0.0993619
W0/RB1out/2,Forward,9700,0.206949
W0/RB1in/2,Forward,9700,0.217089
W0/RB2out/2,Backward,9700,0.11566
W0/RB1out/2,Backward,9700,0.13221
W0/RB1in/2,Backward,9700,1.18725
W0/RB4/3-,Forward,9700,0.137995
W0/RB4/3+,Forward,9700,0.144857
W0/RB3/3-,Forward,9700,0.144165
W0/RB3/3+,Forward,9700,3.42883
W0/RB4/3-,Backward,9700,0.0856319
W0/RB4/3+,Backward,9700,0.117914
W0/RB3/3-,Backward,9700,0.128757
W0/RB3/3+,Backward,9700,0.136446
W0/RB2in/3,Forward,9700,0.275216
W0/RB2in/3,Central,9700,0.154808
W0/RB2in/3,Backward,9700,0.157898
W0/RB2out/3,Forward,9700,0.0434148
W0/RB1out/3,Forward,9700,0.100101
W0/RB1in/3,Forward,9700,0.0677327
W0/RB2out/3,Backward,9700,0.879637
W0/RB1out/3,Backward,9700,0.0742881
W0/RB1in/3,Backward,9700,0.0971089
W0/RB4/10-,Forward,9700,0.0977536
W0/RB4/10+,Forward,9700,0.0402613
W0/RB3/10-,Forward,9700,0.573069
W0/RB3/10+,Forward,9700,0.428639
W0/RB4/10-,Backward,9700,0.0604098
W0/RB4/10+,Backward,9700,0.0416604
W0/RB3/10-,Backward,9700,0.0856892
W0/RB3/10+,Backward,9700,0.588668
W0/RB2in/10,Forward,9700,0.239434
W0/RB2in/10,Central,9700,0.27637
W0/RB2in/10,Backward,9700,0.185922
W0/RB2out/10,Forward,9700,0.502622
W0/RB1out/10,Forward,9700,0.0866021
W0/RB1in/10,Forward,9700,0.0985535
W0/RB2out/10,Backward,9700,0.082951
W0/RB1out/10,Backward,9700,0.0816244
W0/RB1in/10,Backward,9700,0.0503898
W0/RB4/11,Forward,9700,0.179858
W0/RB3/11-,Forward,9700,0.0567318
W0/RB3/11+,Forward,9700,0.0804139
W0/RB4/11,Backward,9700,0.0931242
W0/RB3/11-,Backward,9700,1.15323
W0/RB3/11+,Backward,9700,0.0718365
W0/RB2in/11,Forward,9700,0.502716
W0/RB2in/11,Central,9700,0.20649
W0/RB2in/11,Backward,9700,0.110446
W0/RB2out/11,Forward,9700,0.687374
W0/RB1out/11,Forward,9700,0.455838
W0/RB1in/11,Forward,9700,0.352763
W0/RB1out/11,Backward,9700,0.18839
W0/RB1in/11,Backward,9700,0.286879
W0/RB4/12+,Forward,9700,0.124513
W0/RB4/12-,Forward,9700,0.213197
W0/RB3/12+,Forward,9700,0.269501
W0/RB3/12-,Forward,9700,0.125759
W0/RB4/12+,Backward,9700,0.144772
W0/RB4/12-,Backward,9700,0.297472
W0/RB3/12+,Backward,9700,0.328234
W0/RB3/12-,Backward,9700,0.22126
W0/RB2in/12,Forward,9700,0.195798
W0/RB2in/12,Central,9700,0.80071
W0/RB2in/12,Backward,9700,0.143115
W0/RB2out/12,Forward,9700,0.894622
W0/RB1out/12,Forward,9700,0.139671
W0/RB1in/12,Forward,9700,0.191716
W0/RB2out/12,Backward,9700,0.335686
W0/RB1out/12,Backward,9700,0.074043
W0/RB1in/12,Backward,9700,0.0955077
RE-1/3/25,A,9700,0.0830928
RE-1/3/25,B,9700,0.0842729
RE-1/3/25,C,9700,0.0469428
RE-1/2/9,A,9700,0.108108
RE-1/2/9,B,9700,1.10678
RE-1/2/9,C,9700,0.065927
RE-1/2/10,A,9700,0.0664789
RE-1/2/10,B,9700,0.0999264
RE-1/2/10,C,9700,0.0601351
RE-1/2/11,A,9700,0.126444
RE-1/2/11,B,9700,0.12324
RE-1/2/11,C,9700,0.0650474
RE-1/3/9,A,9700,0.103797
RE-1/3/9,B,9700,0.115968
RE-1/3/9,C,9700,0.0986869
RE-1/3/10,A,9700,0
RE-1/3/10,B,9700,0.0755091
RE-1/3/10,C,9700,0.0735983
RE-1/3/11,A,9700,0.0942833
RE-1/3/11,B,9700,0.118039
RE-1/3/11,C,9700,0.147746
RE-2/2/11,A,9700,0.117918
RE-2/2/11,B,9700,0.144279
RE-2/2/11,C,9700,0.112923
RE-2/2/12,A,9700,0.176113
RE-2/2/12,B,9700,0.319534
RE-2/2/12,C,9700,0.166097
RE-2/2/13,A,9700,0.117344
RE-2/2/13,B,9700,2.36178
RE-2/2/13,C,9700,0.140879
RE-2/3/11,A,9700,0.152272
RE-2/3/11,B,9700,0.134268
RE-2/3/11,C,9700,0.104333
RE-2/3/12,A,9700,0.11559
RE-2/3/12,B,9700,0.181231
RE-2/3/12,C,9700,0.185559
RE-2/3/13,A,9700,0.142395
RE-2/3/13,B,9700,0.142523
RE-2/3/13,C,9700,0.115771
RE-1/2/12,A,9700,0.122782
RE-1/2/12,B,9700,0.0803178
RE-1/2/12,C,9700,0.0757648
RE-1/2/13,A,9700,0.0841491
RE-1/2/13,B,9700,0.0918967
RE-1/2/13,C,9700,0.0750798
RE-1/2/14,A,9700,0.200053
RE-1/2/14,B,9700,0.286183
RE-1/2/14,C,9700,0.146383
RE-1/3/12,A,9700,0.0656913
RE-1/3/12,B,9700,0.0609526
RE-1/3/12,C,9700,0.0272176
RE-1/3/13,A,9700,0.0768935
RE-1/3/13,B,9700,0.130418
RE-1/3/13,C,9700,0.10314
RE-1/3/14,A,9700,0.134287
RE-1/3/14,B,9700,0.0816869
RE-1/3/14,C,9700,0.0632351
RE-2/2/14,A,9700,0.105348
RE-2/2/14,B,9700,0.155413
RE-2/2/14,C,9700,0.0917472
RE-2/2/15,A,9700,0.148258
RE-2/2/15,B,9700,0.223092
RE-2/2/15,C,9700,0.147414
RE-2/2/16,A,9700,0.152919
RE-2/2/16,B,9700,0.206196
RE-2/2/16,C,9700,0.237777
RE-2/3/14,A,9700,0.107874
RE-2/3/14,B,9700,0.111613
RE-2/3/14,C,9700,0.0662555
RE-2/3/15,A,9700,0.0996961
RE-2/3/15,B,9700,0.115104
RE-2/3/15,C,9700,0.103844
RE-2/3/16,A,9700,0.094436
RE-2/3/16,B,9700,0.10679
RE-2/3/16,C,9700,0.133116
RE-1/2/15,A,9700,0.22733
RE-1/2/15,B,9700,0.261866
RE-1/2/15,C,9700,0.182446
RE-1/2/16,A,9700,0.110805
RE-1/2/16,B,9700,0.144294
RE-1/2/16,C,9700,0.109187
RE-1/2/17,A,9700,0.0991492
RE-1/2/17,B,9700,0.0992197
RE-1/2/17,C,9700,0.0445169
RE-1/3/15,A,9700,0.0851755
RE-1/3/15,B,9700,0.0558821
RE-1/3/15,C,9700,0.0502549
RE-1/3/16,A,9700,0.0558948
RE-1/3/16,B,9700,0.0642578
RE-1/3/16,C,9700,0.0524533
RE-1/3/17,A,9700,0.0443979
RE-1/3/17,B,9700,0.0359066
RE-1/3/17,C,9700,0.0292436
RE-2/2/17,A,9700,0.105619
RE-2/2/17,B,9700,0.152783
RE-2/2/17,C,9700,0.0883403
RE-2/2/18,A,9700,0.15918
RE-2/2/18,B,9700,0.187797
RE-2/2/18,C,9700,0.12167
RE-2/2/19,A,9700,0.191115
RE-2/2/19,B,9700,0.233537
RE-2/2/19,C,9700,0.156696
RE-2/3/17,A,9700,0.171852
RE-2/3/17,B,9700,0.186955
RE-2/3/17,C,9700,0.20052
RE-2/3/18,A,9700,0.101544
RE-2/3/18,B,9700,0.139456
RE-2/3/18,C,9700,0.118676
RE-2/3/19,A,9700,0.145682
RE-2/3/19,B,9700,0.159171
RE-2/3/19,C,9700,0.153299
RE-1/2/18,A,9700,0.0557858
RE-1/2/18,B,9700,0.0964711
RE-1/2/18,C,9700,0.75286
RE-1/2/19,A,9700,0.0812096
RE-1/2/19,B,9700,0.130525
RE-1/2/19,C,9700,0.0972375
RE-1/2/20,A,9700,0.10509
RE-1/2/20,B,9700,0.134077
RE-1/2/20,C,9700,0.221193
RE-1/3/18,A,9700,0.073932
RE-1/3/18,B,9700,0.0947109
RE-1/3/18,C,9700,0.0526722
RE-1/3/19,A,9700,0.609351
RE-1/3/19,B,9700,0.191333
RE-1/3/19,C,9700,0.175424
RE-1/3/20,A,9700,0.0749001
RE-1/3/20,B,9700,0.0604411
RE-1/3/20,C,9700,0.0531545
RE-2/2/20,A,9700,0.0861109
RE-2/2/20,B,9700,0.109637
RE-2/2/20,C,9700,0.0937049
RE-2/2/21,A,9700,0.457164
RE-2/2/21,B,9700,0.186363
RE-2/2/21,C,9700,0.365134
RE-2/2/22,A,9700,0.195577
RE-2/2/22,B,9700,0.262637
RE-2/2/22,C,9700,0.208951
RE-2/3/20,A,9700,0.14613
RE-2/3/20,B,9700,0.170397
RE-2/3/20,C,9700,0.136011
RE-2/3/21,A,9700,0.099907
RE-2/3/21,B,9700,0.121143
RE-2/3/21,C,9700,0.126167
RE-2/3/22,A,9700,0.169364
RE-2/3/22,B,9700,0.201501
RE-2/3/22,C,9700,0.194806
RE-1/2/21,A,9700,0.103264
RE-1/2/21,B,9700,0.100522
RE-1/2/21,C,9700,0.0771649
RE-1/2/22,A,9700,0.0652301
RE-1/2/22,B,9700,0.0817289
RE-1/2/22,C,9700,0.0657608
RE-1/2/23,A,9700,0.0601621
RE-1/2/23,B,9700,0.0799485
RE-1/2/23,C,9700,0.0499656
RE-1/3/21,A,9700,0.0750624
RE-1/3/21,B,9700,0.0622421
RE-1/3/21,C,9700,0.0652212
RE-1/3/22,A,9700,0.0872861
RE-1/3/22,B,9700,0.0780918
RE-1/3/22,C,9700,0.0637612
RE-1/3/23,A,9700,0.0992419
RE-1/3/23,B,9700,0.0578482
RE-1/3/23,C,9700,0.0361211
RE-2/2/23,A,9700,0.181294
RE-2/2/23,B,9700,0.123684
RE-2/2/23,C,9700,0.135998
RE-2/2/24,A,9700,0.13263
RE-2/2/24,B,9700,0.218634
RE-2/2/24,C,9700,0.188897
RE-2/2/25,A,9700,0.205203
RE-2/2/25,B,9700,0.256694
RE-2/2/25,C,9700,0.166566
RE-2/3/23,A,9700,0.193145
RE-2/3/23,B,9700,0.208231
RE-2/3/23,C,9700,0.160845
RE-2/3/24,A,9700,0.139401
RE-2/3/24,B,9700,0.207639
RE-2/3/24,C,9700,0.194036
RE-2/3/25,A,9700,0.221248
RE-2/3/25,B,9700,0.141046
RE-2/3/25,C,9700,0.101106
RE-1/2/24,A,9700,0.0708324
RE-1/2/24,B,9700,0.108954
RE-1/2/24,C,9700,0.137447
RE-1/2/25,A,9700,0.0810642
RE-1/2/25,B,9700,0.111662
RE-1/2/25,C,9700,0.0602299
RE-1/2/26,A,9700,0.0723447
RE-1/2/26,B,9700,0.140283
RE-1/2/26,C,9700,0.0595236
RE-1/3/24,A,9700,1.78957
RE-1/3/24,B,9700,0.0903864
RE-1/3/24,C,9700,0.0316126
RE-1/3/26,A,9700,0.100045
RE-1/3/26,B,9700,0.0840507
RE-1/3/26,C,9700,0.0620975
RE-2/2/26,A,9700,0.190547
RE-2/2/26,B,9700,0.158311
RE-2/2/26,C,9700,0.112748
RE-2/2/27,A,9700,0.446666
RE-2/2/27,B,9700,1.70684
RE-2/2/27,C,9700,1.00729
RE-2/2/28,A,9700,0.239831
RE-2/2/28,B,9700,0.323379
RE-2/2/28,C,9700,0.853471
RE-2/3/26,A,9700,0.172988
RE-2/3/26,B,9700,0.169621
RE-2/3/26,C,9700,0.209386
RE-2/3/27,A,9700,0.199207
RE-2/3/27,B,9700,0.178027
RE-2/3/27,C,9700,0.668158
RE-2/3/28,A,9700,0.155183
RE-2/3/28,B,9700,0.162025
RE-2/3/28,C,9700,0.266384
RE-1/3/34,A,9700,1.14964
RE-1/3/34,B,9700,0.107522
RE-1/3/34,C,9700,0.0609804
RE-1/2/36,A,9700,0.0916303
RE-1/2/36,B,9700,0.0850538
RE-1/2/36,C,9700,0.941212
RE-1/2/1,A,9700,0.129706
RE-1/2/1,B,9700,0.114404
RE-1/2/1,C,9700,0.0941215
RE-1/2/2,A,9700,0.0803758
RE-1/2/2,B,9700,0.0750568
RE-1/2/2,C,9700,0.0884489
RE-1/3/36,A,9700,0.158528
RE-1/3/36,B,9700,0.140885
RE-1/3/36,C,9700,0.0853018
RE-1/3/1,A,9700,0.183984
RE-1/3/1,B,9700,0.0870353
RE-1/3/1,C,9700,0.0648725
RE-1/3/2,A,9700,0.0451398
RE-1/3/2,B,9700,0.03639
RE-1/3/2,C,9700,0.0321829
RE-2/2/2,A,9700,0.111015
RE-2/2/2,B,9700,0.160449
RE-2/2/2,C,9700,0.105683
RE-2/2/3,A,9700,0.168805
RE-2/2/3,B,9700,0.194302
RE-2/2/3,C,9700,1.01019
RE-2/2/4,A,9700,0.105207
RE-2/2/4,B,9700,0.193396
RE-2/2/4,C,9700,0.16732
RE-2/3/2,A,9700,0.129333
RE-2/3/2,B,9700,0.186295
RE-2/3/2,C,9700,0.615014
RE-2/3/3,A,9700,0.218677
RE-2/3/3,B,9700,0.23273
RE-2/3/3,C,9700,0.316575
RE-2/3/4,A,9700,0.181753
RE-2/3/4,B,9700,0.205773
RE-2/3/4,C,9700,0.179848
RE-1/2/3,A,9700,0.0850104
RE-1/2/3,B,9700,0.168365
RE-1/2/3,C,9700,0.099964
RE-1/2/4,A,9700,0.0770376
RE-1/2/4,B,9700,0.0780071
RE-1/2/4,C,9700,0.0646739
RE-1/2/5,A,9700,0.477085
RE-1/2/5,B,9700,0.145804
RE-1/2/5,C,9700,0.182159
RE-1/3/3,A,9700,0.10754
RE-1/3/3,B,9700,0.106919
RE-1/3/3,C,9700,0.0717915
RE-1/3/4,A,9700,6.74773
RE-1/3/4,B,9700,0.151633
RE-1/3/4,C,9700,0.108851
RE-1/3/5,A,9700,0.0554723
RE-1/3/5,B,9700,0.049598
RE-1/3/5,C,9700,0.0441373
RE-2/2/5,A,9700,0.0872725
RE-2/2/5,B,9700,0.138872
RE-2/2/5,C,9700,0.106182
RE-2/2/6,A,9700,0.160125
RE-2/2/6,B,9700,0.163289
RE-2/2/6,C,9700,0.22226
RE-2/2/7,A,9700,0.215003
RE-2/2/7,B,9700,0.248396
RE-2/2/7,C,9700,0.138519
RE-2/3/5,A,9700,0.177212
RE-2/3/5,B,9700,0.127794
RE-2/3/5,C,9700,0.125683
RE-2/3/6,A,9700,0.146063
RE-2/3/6,B,9700,0.197278
RE-2/3/6,C,9700,0.180339
RE-2/3/7,A,9700,1.01758
RE-2/3/7,B,9700,0.166619
RE-2/3/7,C,9700,0.144231
RE-1/2/6,A,9700,0.155254
RE-1/2/6,B,9700,0.251358
RE-1/2/6,C,9700,0.0777308
RE-1/2/7,A,9700,0.140228
RE-1/2/7,B,9700,0.301573
RE-1/2/7,C,9700,0.0891813
RE-1/2/8,A,9700,0.198011
RE-1/2/8,B,9700,0.276752
RE-1/2/8,C,9700,0.207733
RE-1/3/6,A,9700,0.0884275
RE-1/3/6,B,9700,0.0729873
RE-1/3/6,C,9700,0.0344005
RE-1/3/7,A,9700,0.154712
RE-1/3/7,B,9700,0.201419
RE-1/3/7,C,9700,0.157272
RE-1/3/8,A,9700,0.0788641
RE-1/3/8,B,9700,0.046956
RE-1/3/8,C,9700,0.0357215
RE-2/2/8,A,9700,0.151155
RE-2/2/8,B,9700,0.164927
RE-2/2/8,C,9700,0.0742174
RE-2/2/9,A,9700,0.115809
RE-2/2/9,B,9700,0.138205
RE-2/2/9,C,9700,0.292628
RE-2/2/10,A,9700,0.140628
RE-2/2/10,B,9700,0.190879
RE-2/2/10,C,9700,0.247859
RE-2/3/8,A,9700,0.120332
RE-2/3/8,B,9700,0.152529
RE-2/3/8,C,9700,0.130994
RE-2/3/9,A,9700,0.132655
RE-2/3/9,B,9700,0.158953
RE-2/3/9,C,9700,0.135959
RE-2/3/10,A,9700,0.194975
RE-2/3/10,B,9700,0.22914
RE-2/3/10,C,9700,0.178846
RE-1/2/27,A,9700,0.0798318
RE-1/2/27,B,9700,0.112431
RE-1/2/27,C,9700,0.147498
RE-1/2/28,A,9700,0.0586887
RE-1/2/28,B,9700,0.0760389
RE-1/2/28,C,9700,0.0415386
RE-1/2/29,A,9700,0.0539065
RE-1/2/29,B,9700,0.0469495
RE-1/2/29,C,9700,0.0354871
RE-1/3/27,A,9700,0.158731
RE-1/3/27,B,9700,0.183251
RE-1/3/27,C,9700,0.102688
RE-1/3/28,A,9700,0.103582
RE-1/3/28,B,9700,0.0753326
RE-1/3/28,C,9700,0.0612355
RE-1/3/29,A,9700,0.199995
RE-1/3/29,B,9700,0.126996
RE-1/3/29,C,9700,0.129102
RE-2/2/29,A,9700,0.0848918
RE-2/2/29,B,9700,0.121219
RE-2/2/29,C,9700,0.109796
RE-2/2/30,A,9700,0.173048
RE-2/2/30,B,9700,0.210319
RE-2/2/30,C,9700,0.201985
RE-2/2/31,A,9700,0.144619
RE-2/2/31,B,9700,0.136643
RE-2/2/31,C,9700,0.118332
RE-2/3/29,A,9700,0.149502
RE-2/3/29,B,9700,0.167752
RE-2/3/29,C,9700,0.0782761
RE-2/3/30,A,9700,0.114969
RE-2/3/30,B,9700,0.157993
RE-2/3/30,C,9700,0.188298
RE-2/3/31,A,9700,0.150433
RE-2/3/31,B,9700,0.192486
RE-2/3/31,C,9700,0.185079
RE-1/2/30,A,9700,0.0882301
RE-1/2/30,B,9700,0.268568
RE-1/2/30,C,9700,0.104497
RE-1/2/31,A,9700,0.0193597
RE-1/2/31,B,9700,0.0584655
RE-1/2/31,C,9700,0.0135702
RE-1/2/32,A,9700,0.128288
RE-1/2/32,B,9700,0.199368
RE-1/2/32,C,9700,0.0719041
RE-1/3/30,A,9700,0.192107
RE-1/3/30,B,9700,0.0675763
RE-1/3/30,C,9700,0.0854025
RE-1/3/31,A,9700,0.416898
RE-1/3/31,B,9700,0.231547
RE-1/3/31,C,9700,0.129204
RE-1/3/32,A,9700,14.8414
RE-1/3/32,B,9700,0.0594537
RE-1/3/32,C,9700,0.0743191
RE-2/2/32,A,9700,0.0967524
RE-2/2/32,B,9700,0.102446
RE-2/2/32,C,9700,0.0987355
RE-2/2/33,A,9700,0.148217
RE-2/2/33,B,9700,0.223259
RE-2/2/33,C,9700,0.210224
RE-2/2/34,A,9700,34.0111
RE-2/2/34,B,9700,0.223861
RE-2/2/34,C,9700,0.232427
RE-2/3/32,A,9700,0.135958
RE-2/3/32,B,9700,0.119645
RE-2/3/32,C,9700,0.117211
RE-2/3/33,A,9700,0.160455
RE-2/3/33,B,9700,0.250607
RE-2/3/33,C,9700,0.179857
RE-2/3/34,A,9700,0.150933
RE-2/3/34,B,9700,0.206887
RE-2/3/34,C,9700,0.173031
RE-1/2/33,A,9700,0.078314
RE-1/2/33,B,9700,0.114658
RE-1/2/33,C,9700,0.103173
RE-1/2/34,A,9700,0.0628983
RE-1/2/34,B,9700,0.135077
RE-1/2/34,C,9700,0.058961
RE-1/2/35,A,9700,0.0700442
RE-1/2/35,B,9700,0.0905031
RE-1/2/35,C,9700,0.098918
RE-1/3/33,A,9700,0.0925714
RE-1/3/33,B,9700,0.111857
RE-1/3/33,C,9700,0.0723595
RE-1/3/35,A,9700,0.0373009
RE-1/3/35,B,9700,0.0552285
RE-1/3/35,C,9700,0.0576459
RE-2/2/35,A,9700,0.135953
RE-2/2/35,B,9700,0.14703
RE-2/2/35,C,9700,0.132022
RE-2/2/36,A,9700,0.257824
RE-2/2/36,B,9700,0.262934
RE-2/2/36,C,9700,0.144781
RE-2/2/1,A,9700,0.145109
RE-2/2/1,B,9700,0.186705
RE-2/2/1,C,9700,0.177355
RE-2/3/35,A,9700,0.151651
RE-2/3/35,B,9700,0.189745
RE-2/3/35,C,9700,0.143203
RE-2/3/36,A,9700,0.118992
RE-2/3/36,B,9700,0.118199
RE-2/3/36,C,9700,0.148999
RE-2/3/1,A,9700,0.151676
RE-2/3/1,B,9700,0.154727
RE-2/3/1,C,9700,0.152493
RE-3/3/22,A,9700,0.0606763
RE-3/3/22,B,9700,0.041124
RE-3/3/22,C,9700,0.0259846
RE-4/2/9,A,9700,0.0736375
RE-4/2/9,B,9700,0.550974
RE-4/2/9,C,9700,0.0857079
RE-4/2/10,A,9700,0.0455351
RE-4/2/10,B,9700,0.0612553
RE-4/2/10,C,9700,0.0640707
RE-4/2/11,A,9700,0.070128
RE-4/2/11,B,9700,0.107243
RE-4/2/11,C,9700,2.19041
RE-4/3/9,A,9700,0.0529945
RE-4/3/9,B,9700,0.0851935
RE-4/3/9,C,9700,0.0807178
RE-4/3/10,A,9700,0.0535949
RE-4/3/10,B,9700,0.0573433
RE-4/3/10,C,9700,0.0462917
RE-4/3/11,A,9700,0.0502691
RE-4/3/11,B,9700,0.11535
RE-4/3/11,C,9700,0.0313933
RE-4/2/12,A,9700,0.0439335
RE-4/2/12,B,9700,0.0537514
RE-4/2/12,C,9700,0.0578248
RE-4/2/13,A,9700,0.169646
RE-4/2/13,B,9700,0.072395
RE-4/2/13,C,9700,0.0738368
RE-4/2/14,A,9700,0.0596433
RE-4/2/14,B,9700,0.0526926
RE-4/2/14,C,9700,0.168312
RE-4/3/12,A,9700,0.0423696
RE-4/3/12,B,9700,0.065761
RE-4/3/12,C,9700,0.0343492
RE-4/3/13,A,9700,0.292754
RE-4/3/13,B,9700,0.0457761
RE-4/3/13,C,9700,0.0357815
RE-4/3/14,A,9700,0.078617
RE-4/3/14,B,9700,0.108658
RE-4/3/14,C,9700,0.0697421
RE-4/2/15,A,9700,0.0441234
RE-4/2/15,B,9700,0.058331
RE-4/2/15,C,9700,0.0343075
RE-4/2/16,A,9700,0.0420937
RE-4/2/16,B,9700,0.136181
RE-4/2/16,C,9700,0.532758
RE-4/2/17,A,9700,0.292146
RE-4/2/17,B,9700,0.116875
RE-4/2/17,C,9700,0.0834033
RE-4/3/15,A,9700,0.0307124
RE-4/3/15,B,9700,0.0687351
RE-4/3/15,C,9700,0.0386052
RE-4/3/16,A,9700,0.0875859
RE-4/3/16,B,9700,0.106092
RE-4/3/16,C,9700,0.0798925
RE-4/3/17,A,9700,0.0424099
RE-4/3/17,B,9700,0.0749027
RE-4/3/17,C,9700,0.0863817
RE-4/2/18,A,9700,0.267159
RE-4/2/18,B,9700,0.0463006
RE-4/2/18,C,9700,0.152343
RE-4/2/19,A,9700,0.0899545
RE-4/2/19,B,9700,0.127227
RE-4/2/19,C,9700,0.055096
RE-4/2/20,A,9700,0.155982
RE-4/2/20,B,9700,0.144861
RE-4/2/20,C,9700,0.284793
RE-4/3/18,A,9700,0.0430076
RE-4/3/18,B,9700,0.0337915
RE-4/3/18,C,9700,0.0284766
RE-4/3/19,A,9700,0.0652154
RE-4/3/19,B,9700,0.209264
RE-4/3/19,C,9700,0.105696
RE-4/3/20,A,9700,0.0976118
RE-4/3/20,B,9700,0.0703834
RE-4/3/20,C,9700,0.0541929
RE-4/2/21,A,9700,0.104473
RE-4/2/21,B,9700,0.0946566
RE-4/2/21,C,9700,0.104669
RE-4/2/22,A,9700,0.0544209
RE-4/2/22,B,9700,0.026323
RE-4/2/22,C,9700,0.0125899
RE-4/2/23,A,9700,0.0676994
RE-4/2/23,B,9700,0.0568182
RE-4/2/23,C,9700,0.0525119
RE-4/3/21,A,9700,0.0700812
RE-4/3/21,B,9700,0.14348
RE-4/3/21,C,9700,0.754176
RE-4/3/22,A,9700,0.0459349
RE-4/3/22,B,9700,0.0529566
RE-4/3/22,C,9700,0.056221
RE-4/3/23,A,9700,0.864423
RE-4/3/23,B,9700,0.188004
RE-4/3/23,C,9700,0.0453104
RE-4/2/24,A,9700,0.12162
RE-4/2/24,B,9700,0.0757827
RE-4/2/24,C,9700,0.0445868
RE-4/2/25,A,9700,0.085236
RE-4/2/25,B,9700,0.124452
RE-4/2/25,C,9700,0.0729207
RE-4/2/26,A,9700,0.0797814
RE-4/2/26,B,9700,0.114564
RE-4/2/26,C,9700,0.0727389
RE-4/3/24,A,9700,0.376549
RE-4/3/24,B,9700,0.191577
RE-4/3/24,C,9700,1.01871
RE-4/3/25,A,9700,0.0339923
RE-4/3/25,B,9700,0.140272
RE-4/3/25,C,9700,0.0846113
RE-4/3/26,A,9700,19.3351
RE-4/3/26,B,9700,0.0762162
RE-4/3/26,C,9700,0.0867644
RE-3/2/9,A,9700,0.060606
RE-3/2/9,B,9700,0.0761109
RE-3/2/9,C,9700,0.0664185
RE-3/2/10,A,9700,0.131417
RE-3/2/10,B,9700,0.153771
RE-3/2/10,C,9700,0.0617164
RE-3/2/11,A,9700,0.065455
RE-3/2/11,B,9700,0.0969507
RE-3/2/11,C,9700,0.0982751
RE-3/3/9,A,9700,0.0633807
RE-3/3/9,B,9700,0.0831748
RE-3/3/9,C,9700,0.040047
RE-3/3/10,A,9700,0.0692824
RE-3/3/10,B,9700,0.0932444
RE-3/3/10,C,9700,0.073225
RE-3/3/11,A,9700,0.081354
RE-3/3/11,B,9700,0.0951313
RE-3/3/11,C,9700,0.0672153
RE-3/2/12,A,9700,0.063051
RE-3/2/12,B,9700,0.115716
RE-3/2/12,C,9700,0.0674056
RE-3/2/13,A,9700,0.070874
RE-3/2/13,B,9700,0.103465
RE-3/2/13,C,9700,0.0854126
RE-3/2/14,A,9700,0.0857854
RE-3/2/14,B,9700,0.0645725
RE-3/2/14,C,9700,0.251988
RE-3/3/12,A,9700,0.0677421
RE-3/3/12,B,9700,0.0870838
RE-3/3/12,C,9700,0.0649822
RE-3/3/13,A,9700,0.0528001
RE-3/3/13,B,9700,0.098147
RE-3/3/13,C,9700,0.0849502
RE-3/3/14,A,9700,0.0543708
RE-3/3/14,B,9700,0.103894
RE-3/3/14,C,9700,0.0737674
RE-3/2/15,A,9700,0.0846775
RE-3/2/15,B,9700,0.0696706
RE-3/2/15,C,9700,0.0467564
RE-3/2/16,A,9700,0.0595443
RE-3/2/16,B,9700,0.0887133
RE-3/2/16,C,9700,0.122683
RE-3/2/17,A,9700,0.0302146
RE-3/2/17,B,9700,0.0553573
RE-3/2/17,C,9700,0.035449
RE-3/3/15,A,9700,0.125122
RE-3/3/15,B,9700,0.181298
RE-3/3/15,C,9700,0.137395
RE-3/3/16,A,9700,0.0759543
RE-3/3/16,B,9700,0.119366
RE-3/3/16,C,9700,0.134374
RE-3/3/17,A,9700,0.12352
RE-3/3/17,B,9700,0.101574
RE-3/3/17,C,9700,0.0730253
RE-3/2/18,A,9700,0.0564635
RE-3/2/18,B,9700,0.0486196
RE-3/2/18,C,9700,0.0416664
RE-3/2/19,A,9700,0.0699483
RE-3/2/19,B,9700,0.06684
RE-3/2/19,C,9700,0.084949
RE-3/2/20,A,9700,0.0865694
RE-3/2/20,B,9700,0.134675
RE-3/2/20,C,9700,0.148199
RE-3/3/18,A,9700,0.0575115
RE-3/3/18,B,9700,0.0831535
RE-3/3/18,C,9700,0.0530773
RE-3/3/19,A,9700,0.109696
RE-3/3/19,B,9700,0.0946145
RE-3/3/19,C,9700,0.101416
RE-3/3/20,A,9700,0.0613464
RE-3/3/20,B,9700,0.0883189
RE-3/3/20,C,9700,0.0554115
RE-3/2/21,A,9700,0.0817832
RE-3/2/21,B,9700,0.100527
RE-3/2/21,C,9700,0.104947
RE-3/2/22,A,9700,0.0400559
RE-3/2/22,B,9700,0.089252
RE-3/2/22,C,9700,0.0735006
RE-3/2/23,A,9700,0.0512046
RE-3/2/23,B,9700,0.0900165
RE-3/2/23,C,9700,0.0593097
RE-3/3/21,A,9700,0.0654996
RE-3/3/21,B,9700,0.0885332
RE-3/3/21,C,9700,0.0487032
RE-3/3/23,A,9700,0.0411806
RE-3/3/23,B,9700,0.0490504
RE-3/3/23,C,9700,0.0458007
RE-3/2/24,A,9700,0.035129
RE-3/2/24,B,9700,0.0491382
RE-3/2/24,C,9700,0.0395915
RE-3/2/25,A,9700,0.0427303
RE-3/2/25,B,9700,0.0487214
RE-3/2/25,C,9700,0.0744331
RE-3/2/26,A,9700,0.0526582
RE-3/2/26,B,9700,0.0719357
RE-3/2/26,C,9700,0.0727465
RE-3/3/24,A,9700,0.0448497
RE-3/3/24,B,9700,0.0627091
RE-3/3/24,C,9700,0.0556269
RE-3/3/25,A,9700,0.0515094
RE-3/3/25,B,9700,0.0517473
RE-3/3/25,C,9700,0.055913
RE-3/3/26,A,9700,0.125367
RE-3/3/26,B,9700,0.174762
RE-3/3/26,C,9700,0.118845
RE-3/3/28,A,9700,0.0449085
RE-3/3/28,B,9700,0.0479163
RE-3/3/28,C,9700,0.0487944
RE-4/2/33,A,9700,0.0547542
RE-4/2/33,B,9700,0.0468711
RE-4/2/33,C,9700,0.0288162
RE-4/2/34,A,9700,0.0794635
RE-4/2/34,B,9700,0.0835633
RE-4/2/34,C,9700,0.0855398
RE-4/2/35,A,9700,0.507168
RE-4/2/35,B,9700,0.161397
RE-4/2/35,C,9700,0.330508
RE-4/3/33,A,9700,0.0381292
RE-4/3/33,B,9700,0.126746
RE-4/3/33,C,9700,0.0603134
RE-4/3/34,A,9700,0.0898058
RE-4/3/34,B,9700,0.0702006
RE-4/3/34,C,9700,0.0705779
RE-4/3/35,A,9700,0.0849967
RE-4/3/35,B,9700,0.264986
RE-4/3/35,C,9700,5.32404
RE-4/2/36,A,9700,0.163628
RE-4/2/36,B,9700,0.247214
RE-4/2/36,C,9700,0.425478
RE-4/2/1,A,9700,0.0790259
RE-4/2/1,B,9700,0.0826397
RE-4/2/1,C,9700,0.0655116
RE-4/2/2,A,9700,0.0810325
RE-4/2/2,B,9700,0.11049
RE-4/2/2,C,9700,0.211434
RE-4/3/36,A,9700,0.206906
RE-4/3/36,B,9700,0.114601
RE-4/3/36,C,9700,0.371525
RE-4/3/1,A,9700,0.0449136
RE-4/3/1,B,9700,0.0731408
RE-4/3/1,C,9700,0.0759512
RE-4/3/2,A,9700,0.410818
RE-4/3/2,B,9700,0.12563
RE-4/3/2,C,9700,0.0638564
RE-4/2/3,A,9700,0.136913
RE-4/2/3,B,9700,0.0812511
RE-4/2/3,C,9700,1.74356
RE-4/2/4,A,9700,0.149125
RE-4/2/4,B,9700,0.244838
RE-4/2/4,C,9700,0.694536
RE-4/2/5,A,9700,0.042212
RE-4/2/5,B,9700,0.0668684
RE-4/2/5,C,9700,0.0521844
RE-4/3/3,A,9700,0.0430778
RE-4/3/3,B,9700,0.0955255
RE-4/3/3,C,9700,0.194794
RE-4/3/4,A,9700,0.0565846
RE-4/3/4,B,9700,0.0511573
RE-4/3/4,C,9700,0.075538
RE-4/3/5,A,9700,0.0425109
RE-4/3/5,B,9700,0.0445903
RE-4/3/5,C,9700,0.0331074
RE-4/2/6,A,9700,0.0709844
RE-4/2/6,B,9700,0.0774015
RE-4/2/6,C,9700,0.0362105
RE-4/2/7,A,9700,0.147225
RE-4/2/7,B,9700,0.0521031
RE-4/2/7,C,9700,0.0487509
RE-4/2/8,A,9700,0.724944
RE-4/2/8,B,9700,0.447478
RE-4/2/8,C,9700,0.249329
RE-4/3/6,A,9700,0.0418952
RE-4/3/6,B,9700,0.0528802
RE-4/3/6,C,9700,0.0441756
RE-4/3/7,A,9700,0.062365
RE-4/3/7,B,9700,0.130093
RE-4/3/7,C,9700,0.0920188
RE-4/3/8,A,9700,0.799324
RE-4/3/8,B,9700,0.506401
RE-4/3/8,C,9700,0.519112
RE-4/2/27,A,9700,0.139801
RE-4/2/27,B,9700,1.0225
RE-4/2/27,C,9700,0.030669
RE-4/2/28,A,9700,0.29662
RE-4/2/28,B,9700,0.0366142
RE-4/2/28,C,9700,0.0470017
RE-4/2/29,A,9700,0.355366
RE-4/2/29,B,9700,0.0746677
RE-4/2/29,C,9700,0.0445433
RE-4/3/27,A,9700,0.0444623
RE-4/3/27,B,9700,0.110267
RE-4/3/27,C,9700,0.0868736
RE-4/3/28,A,9700,0.33324
RE-4/3/28,B,9700,0.138353
RE-4/3/28,C,9700,0.0618929
RE-4/3/29,A,9700,0.0766465
RE-4/3/29,B,9700,0.47108
RE-4/3/29,C,9700,0.106111
RE-4/2/30,A,9700,0.052104
RE-4/2/30,B,9700,0.0925394
RE-4/2/30,C,9700,0.145899
RE-4/2/31,A,9700,0.366179
RE-4/2/31,B,9700,0.0445169
RE-4/2/31,C,9700,0.0327079
RE-4/2/32,A,9700,0.104205
RE-4/2/32,B,9700,0.106809
RE-4/2/32,C,9700,0.087472
RE-4/3/30,A,9700,5.01556
RE-4/3/30,B,9700,0.0370618
RE-4/3/30,C,9700,0.0315966
RE-4/3/31,A,9700,0.130395
RE-4/3/31,B,9700,0.0826126
RE-4/3/31,C,9700,0.0625971
RE-4/3/32,A,9700,0.0387636
RE-4/3/32,B,9700,0.0603668
RE-4/3/32,C,9700,0.0613938
RE-3/2/33,A,9700,0.065785
RE-3/2/33,B,9700,0.168616
RE-3/2/33,C,9700,0.105331
RE-3/2/34,A,9700,0.0378107
RE-3/2/34,B,9700,0.0615013
RE-3/2/34,C,9700,0.0507638
RE-3/2/35,A,9700,0
RE-3/2/35,B,9700,0
RE-3/2/35,C,9700,0
RE-3/3/33,A,9700,0.0467335
RE-3/3/33,B,9700,0.0926696
RE-3/3/33,C,9700,0.049862
RE-3/3/34,A,9700,0.0717653
RE-3/3/34,B,9700,0.0768472
RE-3/3/34,C,9700,0.0529259
RE-3/3/35,A,9700,0
RE-3/3/35,B,9700,0
RE-3/3/35,C,9700,0
RE-3/2/36,A,9700,0.484272
RE-3/2/36,B,9700,0.244018
RE-3/2/36,C,9700,0.179406
RE-3/2/1,A,9700,0.0673056
RE-3/2/1,B,9700,0.0860918
RE-3/2/1,C,9700,0.064013
RE-3/2/2,A,9700,0.0526018
RE-3/2/2,B,9700,0.0525447
RE-3/2/2,C,9700,0.0597533
RE-3/3/36,A,9700,0.046946
RE-3/3/36,B,9700,0.0715255
RE-3/3/36,C,9700,0.0482163
RE-3/3/1,A,9700,0.0459227
RE-3/3/1,B,9700,0.0415981
RE-3/3/1,C,9700,0.0422766
RE-3/3/2,A,9700,0.0458886
RE-3/3/2,B,9700,0.0610906
RE-3/3/2,C,9700,0.0441828
RE-3/2/3,A,9700,0.0662133
RE-3/2/3,B,9700,0.0797053
RE-3/2/3,C,9700,0.0688469
RE-3/2/4,A,9700,0.0505649
RE-3/2/4,B,9700,0.0639334
RE-3/2/4,C,9700,0.0328502
RE-3/2/5,A,9700,0.0673406
RE-3/2/5,B,9700,0.0737642
RE-3/2/5,C,9700,0.0727224
RE-3/3/3,A,9700,0.0697331
RE-3/3/3,B,9700,0.0793582
RE-3/3/3,C,9700,0.0540006
RE-3/3/4,A,9700,0.0580153
RE-3/3/4,B,9700,0.0805462
RE-3/3/4,C,9700,0.0623093
RE-3/3/5,A,9700,0.572557
RE-3/3/5,B,9700,0.0692341
RE-3/3/5,C,9700,0.0850664
RE-3/2/6,A,9700,0.0703176
RE-3/2/6,B,9700,0.0800069
RE-3/2/6,C,9700,0.0697309
RE-3/2/7,A,9700,0.0826318
RE-3/2/7,B,9700,0.119036
RE-3/2/7,C,9700,0.103438
RE-3/2/8,A,9700,0.984954
RE-3/2/8,B,9700,0.122809
RE-3/2/8,C,9700,0.0827069
RE-3/3/6,A,9700,0.0807756
RE-3/3/6,B,9700,0.101339
RE-3/3/6,C,9700,0.0938531
RE-3/3/7,A,9700,0.0522603
RE-3/3/7,B,9700,0.0875112
RE-3/3/7,C,9700,0.0681937
RE-3/3/8,A,9700,0.0665529
RE-3/3/8,B,9700,0.116065
RE-3/3/8,C,9700,0.0797759
RE-3/2/27,A,9700,0.0848292
RE-3/2/27,B,9700,0.098045
RE-3/2/27,C,9700,0.0573355
RE-3/2/28,A,9700,0.0380809
RE-3/2/28,B,9700,0.0466822
RE-3/2/28,C,9700,0.041169
RE-3/2/29,A,9700,0.0644576
RE-3/2/29,B,9700,0.0795599
RE-3/2/29,C,9700,0.0598947
RE-3/3/27,A,9700,0.0513291
RE-3/3/27,B,9700,0.108005
RE-3/3/27,C,9700,0.105059
RE-3/3/29,A,9700,0.0488099
RE-3/3/29,B,9700,0.0935713
RE-3/3/29,C,9700,0.0748315
RE-3/2/30,A,9700,0.0484155
RE-3/2/30,B,9700,0.0556089
RE-3/2/30,C,9700,0.0550636
RE-3/2/31,A,9700,0.0381723
RE-3/2/31,B,9700,0.0727033
RE-3/2/31,C,9700,0.0555358
RE-3/2/32,A,9700,0.0269464
RE-3/2/32,B,9700,0.0377758
RE-3/2/32,C,9700,0.028858
RE-3/3/30,A,9700,0.0622341
RE-3/3/30,B,9700,0.0918093
RE-3/3/30,C,9700,0.0488405
RE-3/3/31,A,9700,0.11851
RE-3/3/31,B,9700,0.16756
RE-3/3/31,C,9700,0.240074
RE-3/3/32,A,9700,0.0615462
RE-3/3/32,B,9700,0.0722795
RE-3/3/32,C,9700,0.0478791
RE+1/3/25,A,9700,0.000113699
RE+1/3/25,B,9700,1.0005e-05
RE+1/3/25,C,9700,0.000151901
RE+1/2/9,A,9700,0.0744036
RE+1/2/9,B,9700,0.0957229
RE+1/2/9,C,9700,0.449187
RE+1/2/10,A,9700,0.922211
RE+1/2/10,B,9700,0.659784
RE+1/2/10,C,9700,0.267642
RE+1/2/11,A,9700,0.428586
RE+1/2/11,B,9700,0.810101
RE+1/2/11,C,9700,0.138709
RE+1/3/9,A,9700,0.232529
RE+1/3/9,B,9700,0.156861
RE+1/3/9,C,9700,0.160722
RE+1/3/10,A,9700,0.0589077
RE+1/3/10,B,9700,0.0611313
RE+1/3/10,C,9700,0.0383215
RE+1/3/11,A,9700,0.197917
RE+1/3/11,B,9700,0.151845
RE+1/3/11,C,9700,0.0703116
RE+2/2/11,A,9700,0.29141
RE+2/2/11,B,9700,0.211253
RE+2/2/11,C,9700,0.943411
RE+2/2/12,A,9700,0.140543
RE+2/2/12,B,9700,0.0962769
RE+2/2/12,C,9700,0.11087
RE+2/2/13,A,9700,0.120755
RE+2/2/13,B,9700,0.142089
RE+2/2/13,C,9700,0.218837
RE+2/3/11,A,9700,0.0394628
RE+2/3/11,B,9700,0.115824
RE+2/3/11,C,9700,0.142083
RE+2/3/12,A,9700,0.130697
RE+2/3/12,B,9700,0.0787738
RE+2/3/12,C,9700,0.101505
RE+2/3/13,A,9700,0.482628
RE+2/3/13,B,9700,0.13339
RE+2/3/13,C,9700,0.0998569
RE+1/2/12,A,9700,0.300045
RE+1/2/12,B,9700,0.344795
RE+1/2/12,C,9700,0.453817
RE+1/2/13,A,9700,0.118191
RE+1/2/13,B,9700,0.148912
RE+1/2/13,C,9700,0.0876211
RE+1/2/14,A,9700,0.738676
RE+1/2/14,B,9700,0.613544
RE+1/2/14,C,9700,0.477242
RE+1/3/12,A,9700,0.0985127
RE+1/3/12,B,9700,0.124771
RE+1/3/12,C,9700,0.113304
RE+1/3/13,A,9700,0.261997
RE+1/3/13,B,9700,0.233273
RE+1/3/13,C,9700,0.156099
RE+1/3/14,A,9700,0.0862717
RE+1/3/14,B,9700,0.0845445
RE+1/3/14,C,9700,0.0528795
RE+2/2/14,A,9700,0.134021
RE+2/2/14,B,9700,0.253457
RE+2/2/14,C,9700,0.35739
RE+2/2/15,A,9700,0.10292
RE+2/2/15,B,9700,0.116514
RE+2/2/15,C,9700,0.11534
RE+2/2/16,A,9700,0.135554
RE+2/2/16,B,9700,0.160829
RE+2/2/16,C,9700,0.193215
RE+2/3/14,A,9700,1.81248
RE+2/3/14,B,9700,0.273023
RE+2/3/14,C,9700,0.104845
RE+2/3/15,A,9700,0.154391
RE+2/3/15,B,9700,0.116833
RE+2/3/15,C,9700,0.135205
RE+2/3/16,A,9700,0.242654
RE+2/3/16,B,9700,0.0964059
RE+2/3/16,C,9700,0.110618
RE+1/2/15,A,9700,0.319998
RE+1/2/15,B,9700,0.517206
RE+1/2/15,C,9700,0.363196
RE+1/2/16,A,9700,0.905568
RE+1/2/16,B,9700,0.970988
RE+1/2/16,C,9700,0.482541
RE+1/2/17,A,9700,0.767833
RE+1/2/17,B,9700,0.688464
RE+1/2/17,C,9700,0.633804
RE+1/3/15,A,9700,0.137361
RE+1/3/15,B,9700,0.160257
RE+1/3/15,C,9700,0.117067
RE+1/3/16,A,9700,0.117085
RE+1/3/16,B,9700,0.111046
RE+1/3/16,C,9700,0.0842042
RE+1/3/17,A,9700,0.189314
RE+1/3/17,B,9700,0.209775
RE+1/3/17,C,9700,0.110557
RE+2/2/17,A,9700,0.160575
RE+2/2/17,B,9700,0.314694
RE+2/2/17,C,9700,0.120185
RE+2/2/18,A,9700,0.152408
RE+2/2/18,B,9700,0.175497
RE+2/2/18,C,9700,0.181134
RE+2/2/19,A,9700,0.15043
RE+2/2/19,B,9700,0.135414
RE+2/2/19,C,9700,0.137451
RE+2/3/17,A,9700,1.47653
RE+2/3/17,B,9700,0.373362
RE+2/3/17,C,9700,0.754558
RE+2/3/18,A,9700,0.236392
RE+2/3/18,B,9700,0.196897
RE+2/3/18,C,9700,0.13212
RE+2/3/19,A,9700,0.112564
RE+2/3/19,B,9700,0.259499
RE+2/3/19,C,9700,0.12893
RE+1/2/18,A,9700,0.196418
RE+1/2/18,B,9700,0.0820758
RE+1/2/18,C,9700,0.0580047
RE+1/2/19,A,9700,0.162701
RE+1/2/19,B,9700,0.27404
RE+1/2/19,C,9700,0.16203
RE+1/2/20,A,9700,0.103209
RE+1/2/20,B,9700,0.165751
RE+1/2/20,C,9700,0.0785698
RE+1/3/18,A,9700,0.324983
RE+1/3/18,B,9700,0.152784
RE+1/3/18,C,9700,0.119793
RE+1/3/19,A,9700,0.23255
RE+1/3/19,B,9700,0.167178
RE+1/3/19,C,9700,0.117085
RE+1/3/20,A,9700,0.337082
RE+1/3/20,B,9700,0.320422
RE+1/3/20,C,9700,0.177792
RE+2/2/20,A,9700,0.117759
RE+2/2/20,B,9700,0.186245
RE+2/2/20,C,9700,0.176405
RE+2/2/21,A,9700,0.0957781
RE+2/2/21,B,9700,0.126764
RE+2/2/21,C,9700,0.138818
RE+2/2/22,A,9700,0.114769
RE+2/2/22,B,9700,0.154127
RE+2/2/22,C,9700,0.220294
RE+2/3/20,A,9700,0.21836
RE+2/3/20,B,9700,0.251744
RE+2/3/20,C,9700,0.19097
RE+2/3/21,A,9700,1.46412
RE+2/3/21,B,9700,0.711157
RE+2/3/21,C,9700,0.158972
RE+2/3/22,A,9700,0.167076
RE+2/3/22,B,9700,0.0581105
RE+2/3/22,C,9700,0.101727
RE+1/2/21,A,9700,0.332116
RE+1/2/21,B,9700,0.375632
RE+1/2/21,C,9700,0.261357
RE+1/2/22,A,9700,1.07924
RE+1/2/22,B,9700,0.684889
RE+1/2/22,C,9700,0.176191
RE+1/2/23,A,9700,0.682028
RE+1/2/23,B,9700,0.786985
RE+1/2/23,C,9700,0.425909
RE+1/3/21,A,9700,0.557412
RE+1/3/21,B,9700,0.370717
RE+1/3/21,C,9700,0.113068
RE+1/3/22,A,9700,5.14635
RE+1/3/22,B,9700,0.0488036
RE+1/3/22,C,9700,0.036265
RE+1/3/23,A,9700,0.194834
RE+1/3/23,B,9700,0.150121
RE+1/3/23,C,9700,0.124782
RE+2/2/23,A,9700,0.0385399
RE+2/2/23,B,9700,0.0391892
RE+2/2/23,C,9700,0.0267368
RE+2/2/24,A,9700,0.128078
RE+2/2/24,B,9700,0.194723
RE+2/2/24,C,9700,0.18618
RE+2/2/25,A,9700,0.11052
RE+2/2/25,B,9700,0.137593
RE+2/2/25,C,9700,0.137847
RE+2/3/23,A,9700,0.0758089
RE+2/3/23,B,9700,0.0990587
RE+2/3/23,C,9700,0.236257
RE+2/3/24,A,9700,0.847442
RE+2/3/24,B,9700,0.104256
RE+2/3/24,C,9700,0.174749
RE+2/3/25,A,9700,0.427085
RE+2/3/25,B,9700,0.0825918
RE+2/3/25,C,9700,0.0760201
RE+1/2/24,A,9700,0.0729774
RE+1/2/24,B,9700,0.0768147
RE+1/2/24,C,9700,0.0640789
RE+1/2/25,A,9700,0.496069
RE+1/2/25,B,9700,1.24896
RE+1/2/25,C,9700,1.02441
RE+1/2/26,A,9700,0.0516016
RE+1/2/26,B,9700,0.0685765
RE+1/2/26,C,9700,0.0763064
RE+1/3/24,A,9700,0.249952
RE+1/3/24,B,9700,0.099615
RE+1/3/24,C,9700,0.0790806
RE+1/3/26,A,9700,0.388518
RE+1/3/26,B,9700,0.215648
RE+1/3/26,C,9700,0.230611
RE+2/2/26,A,9700,0.462613
RE+2/2/26,B,9700,0.219821
RE+2/2/26,C,9700,0.2524
RE+2/2/27,A,9700,0.0570677
RE+2/2/27,B,9700,0.0442303
RE+2/2/27,C,9700,0.0426132
RE+2/2/28,A,9700,0.210013
RE+2/2/28,B,9700,0.143449
RE+2/2/28,C,9700,0.128428
RE+2/3/26,A,9700,0.294867
RE+2/3/26,B,9700,0.537384
RE+2/3/26,C,9700,0.162691
RE+2/3/27,A,9700,1.23673
RE+2/3/27,B,9700,0.920857
RE+2/3/27,C,9700,0.0898831
RE+2/3/28,A,9700,0.201011
RE+2/3/28,B,9700,0.141356
RE+2/3/28,C,9700,0.0978494
RE+1/2/33,A,9700,0.0493198
RE+1/2/33,B,9700,0.142356
RE+1/2/33,C,9700,0.0540213
RE+1/2/36,A,9700,0.191902
RE+1/2/36,B,9700,0.22487
RE+1/2/36,C,9700,0.114383
RE+1/2/1,A,9700,0.109001
RE+1/2/1,B,9700,0.0938433
RE+1/2/1,C,9700,0.078433
RE+1/2/2,A,9700,0.0686474
RE+1/2/2,B,9700,0.164445
RE+1/2/2,C,9700,0.106764
RE+1/3/36,A,9700,0.198506
RE+1/3/36,B,9700,0.185234
RE+1/3/36,C,9700,0.0914951
RE+1/3/1,A,9700,0.521452
RE+1/3/1,B,9700,0.158016
RE+1/3/1,C,9700,0.14201
RE+1/3/2,A,9700,0.230587
RE+1/3/2,B,9700,0.156142
RE+1/3/2,C,9700,0.152426
RE+2/2/2,A,9700,0.116057
RE+2/2/2,B,9700,0.184465
RE+2/2/2,C,9700,0.227355
RE+2/2/3,A,9700,0.115047
RE+2/2/3,B,9700,0.387758
RE+2/2/3,C,9700,6.52114
RE+2/2/4,A,9700,0.159572
RE+2/2/4,B,9700,0.149722
RE+2/2/4,C,9700,0.226528
RE+2/3/2,A,9700,0.118768
RE+2/3/2,B,9700,0.0874126
RE+2/3/2,C,9700,0.116124
RE+2/3/3,A,9700,0.178175
RE+2/3/3,B,9700,0.116082
RE+2/3/3,C,9700,0.12073
RE+2/3/4,A,9700,0.0864573
RE+2/3/4,B,9700,0.079774
RE+2/3/4,C,9700,0.104258
RE+1/2/3,A,9700,0.0933923
RE+1/2/3,B,9700,0.159814
RE+1/2/3,C,9700,0.0813075
RE+1/2/4,A,9700,0.691855
RE+1/2/4,B,9700,0.88327
RE+1/2/4,C,9700,0.290385
RE+1/2/5,A,9700,0.241195
RE+1/2/5,B,9700,0.182875
RE+1/2/5,C,9700,0.104915
RE+1/3/3,A,9700,0.1362
RE+1/3/3,B,9700,0.121786
RE+1/3/3,C,9700,0.0877836
RE+1/3/4,A,9700,0.181924
RE+1/3/4,B,9700,0.160761
RE+1/3/4,C,9700,0.0838021
RE+1/3/5,A,9700,0.425005
RE+1/3/5,B,9700,0.29295
RE+1/3/5,C,9700,0.167048
RE+2/2/5,A,9700,0.183949
RE+2/2/5,B,9700,0.128994
RE+2/2/5,C,9700,0.13697
RE+2/2/6,A,9700,0.137139
RE+2/2/6,B,9700,0.2006
RE+2/2/6,C,9700,0.208919
RE+2/2/7,A,9700,0.160534
RE+2/2/7,B,9700,0.199321
RE+2/2/7,C,9700,0.12165
RE+2/3/5,A,9700,0.674077
RE+2/3/5,B,9700,0.255139
RE+2/3/5,C,9700,0.151223
RE+2/3/6,A,9700,0.159424
RE+2/3/6,B,9700,0.0888068
RE+2/3/6,C,9700,0.501551
RE+2/3/7,A,9700,0.128053
RE+2/3/7,B,9700,0.135036
RE+2/3/7,C,9700,0.141541
RE+1/1/3,E,9700,0
RE+1/1/3,F,9700,0
RE+1/1/3,A,9700,0.0295107
RE+1/1/3,B,9700,0.0667766
RE+1/1/3,C,9700,0.0491807
RE+1/1/3,D,9700,0.325464
RE+1/1/4,E,9700,0
RE+1/1/4,F,9700,0
RE+1/1/4,A,9700,0.0581308
RE+1/1/4,B,9700,0.0347973
RE+1/1/4,C,9700,0.0648632
RE+1/1/4,D,9700,0.0466218
RE+1/2/6,A,9700,0.409949
RE+1/2/6,B,9700,0.543922
RE+1/2/6,C,9700,0.479334
RE+1/2/7,A,9700,0.209033
RE+1/2/7,B,9700,0.393039
RE+1/2/7,C,9700,0.0466478
RE+1/2/8,A,9700,0.071352
RE+1/2/8,B,9700,0.0535792
RE+1/2/8,C,9700,0.0724203
RE+1/3/6,A,9700,0.163065
RE+1/3/6,B,9700,0.124888
RE+1/3/6,C,9700,0.0900102
RE+1/3/7,A,9700,0.286008
RE+1/3/7,B,9700,0.187922
RE+1/3/7,C,9700,0.14348
RE+1/3/8,A,9700,0.308877
RE+1/3/8,B,9700,0.231341
RE+1/3/8,C,9700,0.133684
RE+1/1/1,E,9700,0
RE+1/1/1,F,9700,0
RE+1/1/1,A,9700,0.0581373
RE+1/1/1,B,9700,0.0261814
RE+1/1/1,C,9700,0.028189
RE+1/1/1,D,9700,0.0243024
RE+1/1/2,E,9700,0
RE+1/1/2,F,9700,0
RE+1/1/2,A,9700,0.0883276
RE+1/1/2,B,9700,0.0292794
RE+1/1/2,C,9700,0.0586849
RE+1/1/2,D,9700,0.0277757
RE+2/2/8,A,9700,0.18082
RE+2/2/8,B,9700,0.155893
RE+2/2/8,C,9700,0.162988
RE+2/2/9,A,9700,0.17288
RE+2/2/9,B,9700,0.260278
RE+2/2/9,C,9700,0.2641
RE+2/2/10,A,9700,0.157988
RE+2/2/10,B,9700,0.189509
RE+2/2/10,C,9700,0.169605
RE+2/3/8,A,9700,0.241066
RE+2/3/8,B,9700,0.213485
RE+2/3/8,C,9700,0.211586
RE+2/3/9,A,9700,0.10991
RE+2/3/9,B,9700,0.191663
RE+2/3/9,C,9700,0.263386
RE+2/3/10,A,9700,0.225582
RE+2/3/10,B,9700,0.185686
RE+2/3/10,C,9700,0.176191
RE+1/2/27,A,9700,0.46796
RE+1/2/27,B,9700,0.748278
RE+1/2/27,C,9700,0.924467
RE+1/2/28,A,9700,0.220973
RE+1/2/28,B,9700,0.223504
RE+1/2/28,C,9700,0.0930419
RE+1/2/29,A,9700,62.3295
RE+1/2/29,B,9700,0
RE+1/2/29,C,9700,0.355149
RE+1/3/27,A,9700,0.246873
RE+1/3/27,B,9700,0.118921
RE+1/3/27,C,9700,0.184603
RE+1/3/28,A,9700,0.138812
RE+1/3/28,B,9700,0.104925
RE+1/3/28,C,9700,0.0546135
RE+1/3/29,A,9700,0.190941
RE+1/3/29,B,9700,0.0982732
RE+1/3/29,C,9700,0.0781002
RE+2/2/29,A,9700,0.276359
RE+2/2/29,B,9700,0.126212
RE+2/2/29,C,9700,0.166724
RE+2/2/30,A,9700,0.149569
RE+2/2/30,B,9700,0.098853
RE+2/2/30,C,9700,0.15081
RE+2/2/31,A,9700,0.089646
RE+2/2/31,B,9700,0.127529
RE+2/2/31,C,9700,0.189204
RE+2/3/29,A,9700,0.382306
RE+2/3/29,B,9700,0.37613
RE+2/3/29,C,9700,0.16271
RE+2/3/30,A,9700,1.29586
RE+2/3/30,B,9700,0.371599
RE+2/3/30,C,9700,0.117891
RE+2/3/31,A,9700,0.286228
RE+2/3/31,B,9700,0.0849615
RE+2/3/31,C,9700,0.0738795
RE+1/2/30,A,9700,0.0604649
RE+1/2/30,B,9700,0.0585904
RE+1/2/30,C,9700,0.0303811
RE+1/2/31,A,9700,0.328842
RE+1/2/31,B,9700,0.998345
RE+1/2/31,C,9700,0.18337
RE+1/2/32,A,9700,0.0254782
RE+1/2/32,B,9700,0.0441398
RE+1/2/32,C,9700,0.0380622
RE+1/3/30,A,9700,0.0350993
RE+1/3/30,B,9700,0.0510068
RE+1/3/30,C,9700,0.0330507
RE+1/3/31,A,9700,0.0879726
RE+1/3/31,B,9700,0.115642
RE+1/3/31,C,9700,0.766102
RE+1/3/32,A,9700,0.565548
RE+1/3/32,B,9700,0.300263
RE+1/3/32,C,9700,0.127747
RE+2/2/32,A,9700,0.158166
RE+2/2/32,B,9700,0.20485
RE+2/2/32,C,9700,0.329042
RE+2/2/33,A,9700,0.17328
RE+2/2/33,B,9700,0.103305
RE+2/2/33,C,9700,0.141335
RE+2/2/34,A,9700,0.131889
RE+2/2/34,B,9700,0.183182
RE+2/2/34,C,9700,0.130389
RE+2/3/32,A,9700,0.399575
RE+2/3/32,B,9700,0.181365
RE+2/3/32,C,9700,0.136404
RE+2/3/33,A,9700,0.0911179
RE+2/3/33,B,9700,0.104628
RE+2/3/33,C,9700,0.290088
RE+2/3/34,A,9700,0.139976
RE+2/3/34,B,9700,0.0939479
RE+2/3/34,C,9700,0.101013
RE+1/2/34,A,9700,0.425522
RE+1/2/34,B,9700,0.761792
RE+1/2/34,C,9700,0.278396
RE+1/2/35,A,9700,0
RE+1/2/35,B,9700,0.0431871
RE+1/2/35,C,9700,0
RE+1/3/33,A,9700,0.617745
RE+1/3/33,B,9700,0.128712
RE+1/3/33,C,9700,0.0370767
RE+1/3/34,A,9700,0.112737
RE+1/3/34,B,9700,0.117864
RE+1/3/34,C,9700,0.0827279
RE+1/3/35,A,9700,0.092369
RE+1/3/35,B,9700,0.0834338
RE+1/3/35,C,9700,0.0806473
RE+2/2/35,A,9700,0.177715
RE+2/2/35,B,9700,0.177925
RE+2/2/35,C,9700,0.253178
RE+2/2/36,A,9700,0.0390298
RE+2/2/36,B,9700,0.0262737
RE+2/2/36,C,9700,0.0221054
RE+2/2/1,A,9700,0.643309
RE+2/2/1,B,9700,0.0689663
RE+2/2/1,C,9700,0.0694357
RE+2/3/35,A,9700,0.146816
RE+2/3/35,B,9700,0.0993961
RE+2/3/35,C,9700,0.145416
RE+2/3/36,A,9700,0.156637
RE+2/3/36,B,9700,0.141009
RE+2/3/36,C,9700,0.137123
RE+2/3/1,A,9700,0.102479
RE+2/3/1,B,9700,0.0639919
RE+2/3/1,C,9700,0.0817279
RE+3/3/22,A,9700,0.300192
RE+3/3/22,B,9700,0.27326
RE+3/3/22,C,9700,0.181598
RE+4/2/9,A,9700,0.15274
RE+4/2/9,B,9700,0.0619959
RE+4/2/9,C,9700,0.0337141
RE+4/2/10,A,9700,0.0829484
RE+4/2/10,B,9700,0.212885
RE+4/2/10,C,9700,0.0427327
RE+4/2/11,A,9700,0.07107
RE+4/2/11,B,9700,0.189803
RE+4/2/11,C,9700,0.0670023
RE+4/3/9,A,9700,0.159812
RE+4/3/9,B,9700,0.51416
RE+4/3/9,C,9700,0.0420357
RE+4/3/10,A,9700,0.718556
RE+4/3/10,B,9700,0.100147
RE+4/3/10,C,9700,0.184688
RE+4/3/11,A,9700,0.463815
RE+4/3/11,B,9700,0.677009
RE+4/3/11,C,9700,1.21168
RE+4/2/12,A,9700,0.0375514
RE+4/2/12,B,9700,0.307898
RE+4/2/12,C,9700,0.0397085
RE+4/2/13,A,9700,0.149619
RE+4/2/13,B,9700,0.201776
RE+4/2/13,C,9700,0.140766
RE+4/2/14,A,9700,0.113092
RE+4/2/14,B,9700,0.0868744
RE+4/2/14,C,9700,0.0499158
RE+4/3/12,A,9700,0.0569482
RE+4/3/12,B,9700,0.0501707
RE+4/3/12,C,9700,0.0451257
RE+4/3/13,A,9700,0.0417315
RE+4/3/13,B,9700,0.0467057
RE+4/3/13,C,9700,0.414042
RE+4/3/14,A,9700,0.634106
RE+4/3/14,B,9700,0.0303207
RE+4/3/14,C,9700,0.0270323
RE+4/2/15,A,9700,0.22666
RE+4/2/15,B,9700,0.116611
RE+4/2/15,C,9700,0.0746409
RE+4/2/16,A,9700,0.0735034
RE+4/2/16,B,9700,0.0561936
RE+4/2/16,C,9700,0.0446919
RE+4/2/17,A,9700,0.97167
RE+4/2/17,B,9700,2.65009
RE+4/2/17,C,9700,3.037
RE+4/3/15,A,9700,0.0540218
RE+4/3/15,B,9700,0.0280318
RE+4/3/15,C,9700,0.555852
RE+4/3/16,A,9700,0.0380474
RE+4/3/16,B,9700,0.0482942
RE+4/3/16,C,9700,0.575795
RE+4/3/17,A,9700,0.0703319
RE+4/3/17,B,9700,0.0545258
RE+4/3/17,C,9700,0.0826686
RE+4/2/18,A,9700,0.0877635
RE+4/2/18,B,9700,0.0422774
RE+4/2/18,C,9700,0.0313897
RE+4/2/19,A,9700,0.152891
RE+4/2/19,B,9700,0.0941609
RE+4/2/19,C,9700,0.0556589
RE+4/2/20,A,9700,0.0498578
RE+4/2/20,B,9700,0.115743
RE+4/2/20,C,9700,0.0631316
RE+4/3/18,A,9700,0.0366931
RE+4/3/18,B,9700,0.0416271
RE+4/3/18,C,9700,0.034845
RE+4/3/19,A,9700,0.0186318
RE+4/3/19,B,9700,0.0365067
RE+4/3/19,C,9700,0.0513498
RE+4/3/20,A,9700,0.0607441
RE+4/3/20,B,9700,0.0271602
RE+4/3/20,C,9700,0.0464158
RE+4/2/21,A,9700,0.0564861
RE+4/2/21,B,9700,0.278557
RE+4/2/21,C,9700,0.169745
RE+4/2/22,A,9700,0.107963
RE+4/2/22,B,9700,0.098987
RE+4/2/22,C,9700,0.0383795
RE+4/2/23,A,9700,0.0488208
RE+4/2/23,B,9700,0.10015
RE+4/2/23,C,9700,0.461223
RE+4/3/21,A,9700,0.0456526
RE+4/3/21,B,9700,0.0900328
RE+4/3/21,C,9700,0.0396563
RE+4/3/22,A,9700,3.74138
RE+4/3/22,B,9700,0.117748
RE+4/3/22,C,9700,0.0823581
RE+4/3/23,A,9700,2.96483
RE+4/3/23,B,9700,0.0307885
RE+4/3/23,C,9700,0.0429561
RE+4/2/24,A,9700,1.13619
RE+4/2/24,B,9700,0.470099
RE+4/2/24,C,9700,2.16667
RE+4/2/25,A,9700,0.712924
RE+4/2/25,B,9700,0.457248
RE+4/2/25,C,9700,0.317018
RE+4/2/26,A,9700,0.065474
RE+4/2/26,B,9700,0.219057
RE+4/2/26,C,9700,0.126228
RE+4/3/24,A,9700,0.117897
RE+4/3/24,B,9700,0.0364074
RE+4/3/24,C,9700,0.0352904
RE+4/3/25,A,9700,0.034214
RE+4/3/25,B,9700,0.0317109
RE+4/3/25,C,9700,0.0453614
RE+4/3/26,A,9700,0.0622416
RE+4/3/26,B,9700,0.0977836
RE+4/3/26,C,9700,0.118623
RE+3/2/9,A,9700,0.148828
RE+3/2/9,B,9700,0.206255
RE+3/2/9,C,9700,0.205763
RE+3/2/10,A,9700,0.371868
RE+3/2/10,B,9700,0.386014
RE+3/2/10,C,9700,0.206132
RE+3/2/11,A,9700,0.175556
RE+3/2/11,B,9700,0.276802
RE+3/2/11,C,9700,0.228208
RE+3/3/9,A,9700,0.260794
RE+3/3/9,B,9700,0.307107
RE+3/3/9,C,9700,0.251561
RE+3/3/10,A,9700,0.277004
RE+3/3/10,B,9700,0.235879
RE+3/3/10,C,9700,0.181559
RE+3/3/11,A,9700,0.267183
RE+3/3/11,B,9700,0.456404
RE+3/3/11,C,9700,0.379612
RE+3/2/12,A,9700,0.154483
RE+3/2/12,B,9700,0.12526
RE+3/2/12,C,9700,0.189644
RE+3/2/13,A,9700,0.126295
RE+3/2/13,B,9700,0.187488
RE+3/2/13,C,9700,0.138866
RE+3/2/14,A,9700,0.12288
RE+3/2/14,B,9700,0.17894
RE+3/2/14,C,9700,0.108596
RE+3/3/12,A,9700,0.468197
RE+3/3/12,B,9700,0.226041
RE+3/3/12,C,9700,0.231861
RE+3/3/13,A,9700,0.343248
RE+3/3/13,B,9700,0.194657
RE+3/3/13,C,9700,0.209295
RE+3/3/14,A,9700,0.156842
RE+3/3/14,B,9700,0.225525
RE+3/3/14,C,9700,0.184492
RE+3/2/15,A,9700,0.131294
RE+3/2/15,B,9700,0.16222
RE+3/2/15,C,9700,0.161461
RE+3/2/16,A,9700,0.12308
RE+3/2/16,B,9700,0.162669
RE+3/2/16,C,9700,0.144308
RE+3/2/17,A,9700,0.133154
RE+3/2/17,B,9700,0.22051
RE+3/2/17,C,9700,0.150425
RE+3/3/15,A,9700,0.157062
RE+3/3/15,B,9700,0.243789
RE+3/3/15,C,9700,0.216537
RE+3/3/16,A,9700,0.294457
RE+3/3/16,B,9700,0.174561
RE+3/3/16,C,9700,0.18258
RE+3/3/17,A,9700,0.237477
RE+3/3/17,B,9700,0.227729
RE+3/3/17,C,9700,0.213591
RE+3/2/18,A,9700,0.107608
RE+3/2/18,B,9700,0.0934219
RE+3/2/18,C,9700,0.126189
RE+3/2/19,A,9700,0.225894
RE+3/2/19,B,9700,0.165915
RE+3/2/19,C,9700,0.150767
RE+3/2/20,A,9700,0.177801
RE+3/2/20,B,9700,0.220024
RE+3/2/20,C,9700,0.156751
RE+3/3/18,A,9700,0.0953839
RE+3/3/18,B,9700,0.0704247
RE+3/3/18,C,9700,0.0738989
RE+3/3/19,A,9700,0.096863
RE+3/3/19,B,9700,0.110563
RE+3/3/19,C,9700,0.635885
RE+3/3/20,A,9700,0.164954
RE+3/3/20,B,9700,0.187121
RE+3/3/20,C,9700,0.141543
RE+3/2/21,A,9700,0.14549
RE+3/2/21,B,9700,0.191449
RE+3/2/21,C,9700,0.233893
RE+3/2/22,A,9700,0.132318
RE+3/2/22,B,9700,0.167504
RE+3/2/22,C,9700,0.175224
RE+3/2/23,A,9700,0.18894
RE+3/2/23,B,9700,0.258418
RE+3/2/23,C,9700,0.163611
RE+3/3/21,A,9700,0.213609
RE+3/3/21,B,9700,0.174824
RE+3/3/21,C,9700,0.178017
RE+3/3/23,A,9700,0.201659
RE+3/3/23,B,9700,0.210406
RE+3/3/23,C,9700,0.176209
RE+3/2/24,A,9700,0.121868
RE+3/2/24,B,9700,0.228156
RE+3/2/24,C,9700,0.174205
RE+3/2/25,A,9700,0.196374
RE+3/2/25,B,9700,0.293052
RE+3/2/25,C,9700,0.222499
RE+3/2/26,A,9700,0.373352
RE+3/2/26,B,9700,0.364799
RE+3/2/26,C,9700,0.193025
RE+3/3/24,A,9700,0.0627846
RE+3/3/24,B,9700,0.0851956
RE+3/3/24,C,9700,0.174245
RE+3/3/25,A,9700,0.182479
RE+3/3/25,B,9700,0.172409
RE+3/3/25,C,9700,0.218147
RE+3/3/26,A,9700,0.294448
RE+3/3/26,B,9700,0.321246
RE+3/3/26,C,9700,0.278362
RE+3/3/28,A,9700,0.227554
RE+3/3/28,B,9700,0.260364
RE+3/3/28,C,9700,0.159842
RE+4/2/33,A,9700,0.03893
RE+4/2/33,B,9700,0.063541
RE+4/2/33,C,9700,0.0383392
RE+4/2/34,A,9700,0.215152
RE+4/2/34,B,9700,0.168604
RE+4/2/34,C,9700,0.077928
RE+4/2/35,A,9700,0.0636366
RE+4/2/35,B,9700,0.0623312
RE+4/2/35,C,9700,0.0628533
RE+4/3/33,A,9700,0.141701
RE+4/3/33,B,9700,0.0926115
RE+4/3/33,C,9700,1.15934
RE+4/3/34,A,9700,0.0641642
RE+4/3/34,B,9700,0.0590398
RE+4/3/34,C,9700,0.059863
RE+4/3/35,A,9700,0.0259694
RE+4/3/35,B,9700,1.09648
RE+4/3/35,C,9700,0.129806
RE+4/2/36,A,9700,0.066194
RE+4/2/36,B,9700,0.0600588
RE+4/2/36,C,9700,0.0569379
RE+4/2/1,A,9700,0.529832
RE+4/2/1,B,9700,0.070036
RE+4/2/1,C,9700,0.160882
RE+4/2/2,A,9700,0.0554987
RE+4/2/2,B,9700,0.0591043
RE+4/2/2,C,9700,0.0433753
RE+4/3/36,A,9700,0.0411759
RE+4/3/36,B,9700,0.048715
RE+4/3/36,C,9700,0.0333657
RE+4/3/1,A,9700,0.210501
RE+4/3/1,B,9700,0.0341137
RE+4/3/1,C,9700,0.0573389
RE+4/3/2,A,9700,0.333652
RE+4/3/2,B,9700,0.0319282
RE+4/3/2,C,9700,0.0310186
RE+4/2/3,A,9700,0.0421457
RE+4/2/3,B,9700,0.0549381
RE+4/2/3,C,9700,0.0545508
RE+4/2/4,A,9700,0.0493877
RE+4/2/4,B,9700,0.0487311
RE+4/2/4,C,9700,0.030966
RE+4/2/5,A,9700,0.28109
RE+4/2/5,B,9700,0.335869
RE+4/2/5,C,9700,0.180286
RE+4/3/3,A,9700,0.108652
RE+4/3/3,B,9700,0.0491753
RE+4/3/3,C,9700,0.0414352
RE+4/3/4,A,9700,0.0623293
RE+4/3/4,B,9700,0.0380496
RE+4/3/4,C,9700,0.0342017
RE+4/3/5,A,9700,0.0809093
RE+4/3/5,B,9700,0.0626972
RE+4/3/5,C,9700,0.0534678
RE+4/2/6,A,9700,0.0488643
RE+4/2/6,B,9700,0.0587326
RE+4/2/6,C,9700,0.0376479
RE+4/2/7,A,9700,0.0856307
RE+4/2/7,B,9700,0.109198
RE+4/2/7,C,9700,0.0455965
RE+4/2/8,A,9700,8.25343
RE+4/2/8,B,9700,0.111592
RE+4/2/8,C,9700,1.10063
RE+4/3/6,A,9700,0.0333854
RE+4/3/6,B,9700,0.0404546
RE+4/3/6,C,9700,0.0376457
RE+4/3/7,A,9700,0.112248
RE+4/3/7,B,9700,0.312884
RE+4/3/7,C,9700,0.0453915
RE+4/3/8,A,9700,0.0585427
RE+4/3/8,B,9700,0.0837888
RE+4/3/8,C,9700,0.0319951
RE+4/2/27,A,9700,0.048582
RE+4/2/27,B,9700,0.168579
RE+4/2/27,C,9700,1.32916
RE+4/2/28,A,9700,0.0603789
RE+4/2/28,B,9700,0.0785561
RE+4/2/28,C,9700,0.0909183
RE+4/2/29,A,9700,2.30143
RE+4/2/29,B,9700,0.0591466
RE+4/2/29,C,9700,1.75354
RE+4/3/27,A,9700,0.0975466
RE+4/3/27,B,9700,0.0435687
RE+4/3/27,C,9700,0.0511574
RE+4/3/28,A,9700,0.295016
RE+4/3/28,B,9700,0.0475797
RE+4/3/28,C,9700,0.0427339
RE+4/3/29,A,9700,0.0455885
RE+4/3/29,B,9700,0.0614016
RE+4/3/29,C,9700,0.051408
RE+4/2/30,A,9700,0.384375
RE+4/2/30,B,9700,0.0182056
RE+4/2/30,C,9700,0.0200666
RE+4/2/31,A,9700,0.0444627
RE+4/2/31,B,9700,0.0735229
RE+4/2/31,C,9700,0.04549
RE+4/2/32,A,9700,0.04844
RE+4/2/32,B,9700,0.0778943
RE+4/2/32,C,9700,0.0829372
RE+4/3/30,A,9700,2.19575
RE+4/3/30,B,9700,0.0880497
RE+4/3/30,C,9700,0.0270372
RE+4/3/31,A,9700,0.0276947
RE+4/3/31,B,9700,0.0262616
RE+4/3/31,C,9700,0.046364
RE+4/3/32,A,9700,0.0376771
RE+4/3/32,B,9700,0.0390653
RE+4/3/32,C,9700,0.0345961
RE+3/2/3,A,9700,0.500483
RE+3/2/3,B,9700,0.901161
RE+3/2/3,C,9700,2.01758
RE+3/2/4,A,9700,0.0576793
RE+3/2/4,B,9700,0.0860317
RE+3/2/4,C,9700,0.0617688
RE+3/2/5,A,9700,0.154864
RE+3/2/5,B,9700,0.194167
RE+3/2/5,C,9700,0.157259
RE+3/3/3,A,9700,0.262941
RE+3/3/3,B,9700,0.128961
RE+3/3/3,C,9700,0.100825
RE+3/3/4,A,9700,0.203064
RE+3/3/4,B,9700,0.216803
RE+3/3/4,C,9700,0.190632
RE+3/3/5,A,9700,0.179964
RE+3/3/5,B,9700,0.214479
RE+3/3/5,C,9700,0.205824
RE+3/2/6,A,9700,0.236202
RE+3/2/6,B,9700,0.12793
RE+3/2/6,C,9700,0.119817
RE+3/2/7,A,9700,0.114273
RE+3/2/7,B,9700,0.160576
RE+3/2/7,C,9700,0.198132
RE+3/2/8,A,9700,0.162409
RE+3/2/8,B,9700,0.181612
RE+3/2/8,C,9700,0.118713
RE+3/3/6,A,9700,0.122564
RE+3/3/6,B,9700,0.0768743
RE+3/3/6,C,9700,0.101602
RE+3/3/7,A,9700,0.309386
RE+3/3/7,B,9700,0.264884
RE+3/3/7,C,9700,0.285519
RE+3/3/8,A,9700,0.209546
RE+3/3/8,B,9700,0.265089
RE+3/3/8,C,9700,0.234531
RE+3/2/33,A,9700,0.327456
RE+3/2/33,B,9700,0.357153
RE+3/2/33,C,9700,0.200581
RE+3/2/34,A,9700,0.114235
RE+3/2/34,B,9700,0.221392
RE+3/2/34,C,9700,0.246666
RE+3/2/35,A,9700,0.124901
RE+3/2/35,B,9700,0.314505
RE+3/2/35,C,9700,0.180986
RE+3/3/33,A,9700,0.705913
RE+3/3/33,B,9700,0.377
RE+3/3/33,C,9700,0.380217
RE+3/3/34,A,9700,0.182654
RE+3/3/34,B,9700,0.139384
RE+3/3/34,C,9700,0.183198
RE+3/3/35,A,9700,0.241194
RE+3/3/35,B,9700,0.247959
RE+3/3/35,C,9700,0.209051
RE+3/2/36,A,9700,0.106149
RE+3/2/36,B,9700,0.233685
RE+3/2/36,C,9700,0.120889
RE+3/2/1,A,9700,0.164548
RE+3/2/1,B,9700,0.283612
RE+3/2/1,C,9700,0.252251
RE+3/2/2,A,9700,0.146125
RE+3/2/2,B,9700,0.219114
RE+3/2/2,C,9700,0.179452
RE+3/3/36,A,9700,0.111056
RE+3/3/36,B,9700,0.0658567
RE+3/3/36,C,9700,0.105192
RE+3/3/1,A,9700,0.297003
RE+3/3/1,B,9700,0.245263
RE+3/3/1,C,9700,0.212269
RE+3/3/2,A,9700,0.152381
RE+3/3/2,B,9700,0.203396
RE+3/3/2,C,9700,0.243771
RE+3/2/27,A,9700,0.102187
RE+3/2/27,B,9700,0.179961
RE+3/2/27,C,9700,0.145441
RE+3/2/28,A,9700,0.158896
RE+3/2/28,B,9700,0.397599
RE+3/2/28,C,9700,0.203094
RE+3/2/29,A,9700,0.127759
RE+3/2/29,B,9700,0.209152
RE+3/2/29,C,9700,0.189084
RE+3/3/27,A,9700,0.145962
RE+3/3/27,B,9700,0.192059
RE+3/3/27,C,9700,0.211015
RE+3/3/29,A,9700,0.199493
RE+3/3/29,B,9700,0.210248
RE+3/3/29,C,9700,0.192852
RE+3/2/30,A,9700,0.136838
RE+3/2/30,B,9700,0.156827
RE+3/2/30,C,9700,0.14268
RE+3/2/31,A,9700,0.797705
RE+3/2/31,B,9700,1.50305
RE+3/2/31,C,9700,2.83827
RE+3/2/32,A,9700,0.253183
RE+3/2/32,B,9700,0.353785
RE+3/2/32,C,9700,0.487629
RE+3/3/30,A,9700,0.380823
RE+3/3/30,B,9700,0.260866
RE+3/3/30,C,9700,0.185529
RE+3/3/31,A,9700,0.17945
RE+3/3/31,B,9700,0.153649
RE+3/3/31,C,9700,0.114272
RE+3/3/32,A,9700,0.503119
RE+3/3/32,B,9700,0.45936
RE+3/3/32,C,9700,1.61867
