W+1/RB2out/8,Backward,9000,0.103835
W+1/RB4/4--,Forward,9000,0.00864915
W+1/RB4/4-,Forward,9000,0.0316877
W+1/RB4/4+,Forward,9000,0.0366457
W+1/RB4/4++,Forward,9000,0.000357626
W+1/RB3/4-,Forward,9000,0.0155348
W+1/RB3/4+,Forward,9000,0.0224099
W+1/RB4/4--,Backward,9000,0.00834721
W+1/RB4/4-,Backward,9000,0.0202386
W+1/RB4/4+,Backward,9000,0.0656254
W+1/RB4/4++,Backward,9000,0.000225057
W+1/RB3/4-,Backward,9000,0.0324777
W+1/RB3/4+,Backward,9000,0.0181938
W+1/RB2in/4,Forward,9000,0.0417713
W+1/RB2in/4,Central,9000,0.0435072
W+1/RB2in/4,Backward,9000,0.496767
W+1/RB2out/4,Forward,9000,0.02467
W+1/RB1out/4,Forward,9000,0.0497575
W+1/RB1in/4,Forward,9000,0.0376265
W+1/RB2out/4,Backward,9000,0.0225479
W+1/RB1out/4,Backward,9000,0.016286
W+1/RB1in/4,Backward,9000,0.0475488
W+1/RB4/5-,Forward,9000,0.046996
W+1/RB4/5+,Forward,9000,0.0888874
W+1/RB3/5-,Forward,9000,0.0465845
W+1/RB3/5+,Forward,9000,0.0109016
W+1/RB4/5-,Backward,9000,0.0927931
W+1/RB4/5+,Backward,9000,0.0802975
W+1/RB3/5-,Backward,9000,0.039504
W+1/RB3/5+,Backward,9000,0.00820901
W+1/RB2in/5,Forward,9000,0.284315
W+1/RB2in/5,Central,9000,0.084421
W+1/RB2in/5,Backward,9000,0.0509972
W+1/RB2out/5,Forward,9000,0.0185958
W+1/RB1out/5,Forward,9000,0.188811
W+1/RB1in/5,Forward,9000,0.0378416
W+1/RB2out/5,Backward,9000,0.0148552
W+1/RB1out/5,Backward,9000,0.0775692
W+1/RB1in/5,Backward,9000,0.0129495
W+1/RB4/6-,Forward,9000,0.0548729
W+1/RB4/6+,Forward,9000,0.0502086
W+1/RB3/6-,Forward,9000,0.213267
W+1/RB3/6+,Forward,9000,0.0604627
W+1/RB4/6-,Backward,9000,0.0345843
W+1/RB4/6+,Backward,9000,0.0712651
W+1/RB3/6-,Backward,9000,0.145266
W+1/RB3/6+,Backward,9000,0.0372865
W+1/RB2in/6,Forward,9000,0.189451
W+1/RB2in/6,Central,9000,0.150588
W+1/RB2in/6,Backward,9000,0.115654
W+1/RB2out/6,Forward,9000,0.281773
W+1/RB1out/6,Forward,9000,0.0443665
W+1/RB1in/6,Forward,9000,0.0366351
W+1/RB2out/6,Backward,9000,0.233775
W+1/RB1out/6,Backward,9000,0.0361119
W+1/RB1in/6,Backward,9000,0.0233932
W+1/RB4/7-,Forward,9000,0.0378596
W+1/RB4/7+,Forward,9000,0.130613
W+1/RB3/7-,Forward,9000,7.35768
W+1/RB3/7+,Forward,9000,0.0389683
W+1/RB4/7-,Backward,9000,0.0542302
W+1/RB4/7+,Backward,9000,0.0864992
W+1/RB3/7-,Backward,9000,14.2388
W+1/RB3/7+,Backward,9000,0.0383619
W+1/RB2in/7,Forward,9000,0.143163
W+1/RB2in/7,Central,9000,0.0511379
W+1/RB2in/7,Backward,9000,0.0211159
W+1/RB2out/7,Forward,9000,0.0248637
W+1/RB1out/7,Forward,9000,0.011993
W+1/RB1in/7,Forward,9000,0.0863375
W+1/RB2out/7,Backward,9000,0.0116008
W+1/RB1out/7,Backward,9000,0.0137669
W+1/RB1in/7,Backward,9000,0.0455901
W+1/RB4/8-,Forward,9000,0.0752428
W+1/RB4/8+,Forward,9000,0.0545005
W+1/RB3/8-,Forward,9000,0.0416643
W+1/RB3/8+,Forward,9000,0.144308
W+1/RB4/8-,Backward,9000,0.146051
W+1/RB4/8+,Backward,9000,0.0489233
W+1/RB3/8-,Backward,9000,0.0419647
W+1/RB3/8+,Backward,9000,0.20607
W+1/RB2in/8,Forward,9000,0.10728
W+1/RB2in/8,Central,9000,0.0954568
W+1/RB2in/8,Backward,9000,0.0573591
W+1/RB2out/8,Forward,9000,0.0865992
W+1/RB1out/8,Forward,9000,0.0655724
W+1/RB1in/8,Forward,9000,0.116084
W+1/RB1out/8,Backward,9000,0.13567
W+1/RB1in/8,Backward,9000,2.19527
W+1/RB4/9,Forward,9000,0.0923163
W+1/RB3/9-,Forward,9000,0.030802
W+1/RB3/9+,Forward,9000,0.0627126
W+1/RB4/9,Backward,9000,0.108543
W+1/RB3/9-,Backward,9000,0.0387551
W+1/RB3/9+,Backward,9000,0.0524686
W+1/RB2in/9,Forward,9000,0.110811
W+1/RB2in/9,Central,9000,0.127044
W+1/RB2in/9,Backward,9000,0.0983515
W+1/RB2out/9,Forward,9000,0.101845
W+1/RB1out/9,Forward,9000,0.036318
W+1/RB1in/9,Forward,9000,0.0898278
W+1/RB2out/9,Backward,9000,0.0862552
W+1/RB1out/9,Backward,9000,0.0297245
W+1/RB1in/9,Backward,9000,0.0543085
W+1/RB2out/11,Backward,9000,0.0656095
W+1/RB4/1-,Forward,9000,0.0351586
W+1/RB4/1+,Forward,9000,0.208365
W+1/RB3/1-,Forward,9000,0.0469075
W+1/RB3/1+,Forward,9000,0.388813
W+1/RB4/1-,Backward,9000,0.0620983
W+1/RB4/1+,Backward,9000,0.265638
W+1/RB3/1-,Backward,9000,0.0450768
W+1/RB3/1+,Backward,9000,0.0794681
W+1/RB2in/1,Forward,9000,0.134548
W+1/RB2in/1,Central,9000,0.303659
W+1/RB2in/1,Backward,9000,0.0134215
W+1/RB2out/1,Forward,9000,0.0435408
W+1/RB1out/1,Forward,9000,0.00903619
W+1/RB1in/1,Forward,9000,0.00283894
W+1/RB2out/1,Backward,9000,0.0395053
W+1/RB1out/1,Backward,9000,0.0165442
W+1/RB1in/1,Backward,9000,0.00273948
W+1/RB4/2-,Forward,9000,0.0154195
W+1/RB4/2+,Forward,9000,0.0394747
W+1/RB3/2-,Forward,9000,0.132443
W+1/RB3/2+,Forward,9000,0.131811
W+1/RB4/2-,Backward,9000,0.0278549
W+1/RB4/2+,Backward,9000,0.0483571
W+1/RB3/2-,Backward,9000,0.12277
W+1/RB3/2+,Backward,9000,0.3008
W+1/RB2in/2,Forward,9000,0.095952
W+1/RB2in/2,Central,9000,0.0855187
W+1/RB2in/2,Backward,9000,0.0438289
W+1/RB2out/2,Forward,9000,0.133169
W+1/RB1out/2,Forward,9000,0.112866
W+1/RB1in/2,Forward,9000,0.140556
W+1/RB2out/2,Backward,9000,0.162792
W+1/RB1out/2,Backward,9000,0.0296276
W+1/RB1in/2,Backward,9000,0.110043
W+1/RB4/3-,Forward,9000,0.0242482
W+1/RB4/3+,Forward,9000,0.108198
W+1/RB3/3-,Forward,9000,0.0561945
W+1/RB3/3+,Forward,9000,0.037
W+1/RB4/3-,Backward,9000,0.0251435
W+1/RB4/3+,Backward,9000,0.0898173
W+1/RB3/3-,Backward,9000,0.0271709
W+1/RB3/3+,Backward,9000,0.0286861
W+1/RB2in/3,Forward,9000,0.191406
W+1/RB2in/3,Central,9000,0.115409
W+1/RB2in/3,Backward,9000,0.0826673
W+1/RB2out/3,Forward,9000,0.145221
W+1/RB1out/3,Forward,9000,0.106774
W+1/RB1in/3,Forward,9000,0.0900212
W+1/RB2out/3,Backward,9000,0.089121
W+1/RB1out/3,Backward,9000,0.106564
W+1/RB1in/3,Backward,9000,0.0276462
W+1/RB4/10-,Forward,9000,0.0935152
W+1/RB4/10+,Forward,9000,0.0156229
W+1/RB3/10-,Forward,9000,0.101784
W+1/RB3/10+,Forward,9000,0.0286822
W+1/RB4/10-,Backward,9000,0.0667557
W+1/RB4/10+,Backward,9000,0.0130015
W+1/RB3/10-,Backward,9000,0.086365
W+1/RB3/10+,Backward,9000,0.0310721
W+1/RB2in/10,Forward,9000,0.0738897
W+1/RB2in/10,Central,9000,0.066169
W+1/RB2in/10,Backward,9000,0.0448743
W+1/RB2out/10,Forward,9000,0.0876798
W+1/RB1out/10,Forward,9000,0.0226866
W+1/RB1in/10,Forward,9000,0.0132226
W+1/RB2out/10,Backward,9000,0.1567
W+1/RB1out/10,Backward,9000,0.0244901
W+1/RB1in/10,Backward,9000,0.0204136
W+1/RB4/11,Forward,9000,0.0379484
W+1/RB3/11-,Forward,9000,0.0908131
W+1/RB3/11+,Forward,9000,0.0452633
W+1/RB4/11,Backward,9000,0.0245987
W+1/RB3/11-,Backward,9000,0.0531143
W+1/RB3/11+,Backward,9000,0.0377784
W+1/RB2in/11,Forward,9000,0.069763
W+1/RB2in/11,Central,9000,0.0568491
W+1/RB2in/11,Backward,9000,0.0156979
W+1/RB2out/11,Forward,9000,0.147719
W+1/RB1out/11,Forward,9000,0.0362643
W+1/RB1in/11,Forward,9000,0.0411188
W+1/RB1out/11,Backward,9000,0.110984
W+1/RB1in/11,Backward,9000,0.0190922
W+1/RB4/12-,Forward,9000,0.0202558
W+1/RB4/12+,Forward,9000,0.0997581
W+1/RB3/12-,Forward,9000,0.0973886
W+1/RB3/12+,Forward,9000,0.0602046
W+1/RB4/12-,Backward,9000,0.0576619
W+1/RB4/12+,Backward,9000,0.0404736
W+1/RB3/12-,Backward,9000,0.0828392
W+1/RB3/12+,Backward,9000,0.0333258
W+1/RB2in/12,Forward,9000,0.122577
W+1/RB2in/12,Central,9000,0.165363
W+1/RB2in/12,Backward,9000,0.123939
W+1/RB2out/12,Forward,9000,0.143805
W+1/RB1out/12,Forward,9000,0.199713
W+1/RB1in/12,Forward,9000,0.0654211
W+1/RB2out/12,Backward,9000,0.100721
W+1/RB1out/12,Backward,9000,0.0501634
W+1/RB1in/12,Backward,9000,0.0685904
W+2/RB2in/8,Backward,9000,0.0869037
W+2/RB4/4--,Forward,9000,0.104078
W+2/RB4/4-,Forward,9000,0.0485994
W+2/RB4/4+,Forward,9000,0.0482741
W+2/RB4/4++,Forward,9000,0.0938863
W+2/RB3/4-,Forward,9000,0.136487
W+2/RB3/4+,Forward,9000,0.0957191
W+2/RB4/4--,Backward,9000,0.0977542
W+2/RB4/4-,Backward,9000,0.100997
W+2/RB4/4+,Backward,9000,0.0264826
W+2/RB4/4++,Backward,9000,0.0580848
W+2/RB3/4-,Backward,9000,0.0534774
W+2/RB3/4+,Backward,9000,0.0866955
W+2/RB2out/4,Forward,9000,0.0404858
W+2/RB2out/4,Central,9000,0.0742526
W+2/RB2out/4,Backward,9000,0.022337
W+2/RB2in/4,Forward,9000,0.0648676
W+2/RB1out/4,Forward,9000,0.407838
W+2/RB1in/4,Forward,9000,0.0557379
W+2/RB2in/4,Backward,9000,0.110527
W+2/RB1out/4,Backward,9000,0.0698157
W+2/RB1in/4,Backward,9000,0.0787016
W+2/RB4/5-,Forward,9000,0.0451804
W+2/RB4/5+,Forward,9000,0.0772454
W+2/RB3/5-,Forward,9000,0.13279
W+2/RB3/5+,Forward,9000,0.0870051
W+2/RB4/5-,Backward,9000,0.044597
W+2/RB4/5+,Backward,9000,0.0505656
W+2/RB3/5-,Backward,9000,0.0922474
W+2/RB3/5+,Backward,9000,0.102389
W+2/RB2out/5,Forward,9000,0.0616275
W+2/RB2out/5,Central,9000,0.0521021
W+2/RB2out/5,Backward,9000,0.0276936
W+2/RB2in/5,Forward,9000,0.120712
W+2/RB1out/5,Forward,9000,0.111916
W+2/RB1in/5,Forward,9000,0.171226
W+2/RB2in/5,Backward,9000,0.0315876
W+2/RB1out/5,Backward,9000,0.0864813
W+2/RB1in/5,Backward,9000,0.0527535
W+2/RB4/6-,Forward,9000,0.102881
W+2/RB4/6+,Forward,9000,0.040623
W+2/RB3/6-,Forward,9000,0.0781012
W+2/RB3/6+,Forward,9000,0.0878809
W+2/RB4/6-,Backward,9000,0.0463692
W+2/RB4/6+,Backward,9000,0.0784341
W+2/RB3/6-,Backward,9000,0.0989687
W+2/RB3/6+,Backward,9000,0.118943
W+2/RB2out/6,Forward,9000,0.0399644
W+2/RB2out/6,Central,9000,0.0441708
W+2/RB2out/6,Backward,9000,0.0347297
W+2/RB2in/6,Forward,9000,0.0230109
W+2/RB1out/6,Forward,9000,0.0609418
W+2/RB1in/6,Forward,9000,0.112384
W+2/RB2in/6,Backward,9000,0.0215424
W+2/RB1out/6,Backward,9000,0.0410241
W+2/RB1in/6,Backward,9000,0.0661241
W+2/RB4/7-,Forward,9000,0.075695
W+2/RB4/7+,Forward,9000,0.122252
W+2/RB3/7-,Forward,9000,0.0605923
W+2/RB3/7+,Forward,9000,0.0197637
W+2/RB4/7-,Backward,9000,0.114328
W+2/RB4/7+,Backward,9000,0.103649
W+2/RB3/7-,Backward,9000,0.109418
W+2/RB3/7+,Backward,9000,0.0173143
W+2/RB2out/7,Forward,9000,0.0186517
W+2/RB2out/7,Central,9000,0.0361619
W+2/RB2out/7,Backward,9000,0.0162074
W+2/RB2in/7,Forward,9000,0.0148112
W+2/RB1out/7,Forward,9000,0.10033
W+2/RB1in/7,Forward,9000,0.165008
W+2/RB2in/7,Backward,9000,0.0162836
W+2/RB1out/7,Backward,9000,0.131797
W+2/RB1in/7,Backward,9000,0.114482
W+2/RB4/8-,Forward,9000,0.07675
W+2/RB4/8+,Forward,9000,0.00893114
W+2/RB3/8-,Forward,9000,0.114611
W+2/RB3/8+,Forward,9000,0.097777
W+2/RB4/8-,Backward,9000,0.0936213
W+2/RB4/8+,Backward,9000,0.00333708
W+2/RB3/8-,Backward,9000,0.115763
W+2/RB3/8+,Backward,9000,0.115117
W+2/RB2out/8,Forward,9000,0.0405512
W+2/RB2out/8,Central,9000,0.207464
W+2/RB2out/8,Backward,9000,0
W+2/RB2in/8,Forward,9000,0.593269
W+2/RB1out/8,Forward,9000,0.193935
W+2/RB1in/8,Forward,9000,0.0625371
W+2/RB1out/8,Backward,9000,0.339637
W+2/RB1in/8,Backward,9000,0.0541605
W+2/RB4/9,Forward,9000,0.0516314
W+2/RB3/9-,Forward,9000,0.179193
W+2/RB3/9+,Forward,9000,0.0980919
W+2/RB4/9,Backward,9000,0.0714595
W+2/RB3/9-,Backward,9000,0.128189
W+2/RB3/9+,Backward,9000,0.175378
W+2/RB2out/9,Forward,9000,0.14141
W+2/RB2out/9,Central,9000,0.187946
W+2/RB2out/9,Backward,9000,0.0928758
W+2/RB2in/9,Forward,9000,0.0713883
W+2/RB1out/9,Forward,9000,0.046393
W+2/RB1in/9,Forward,9000,0.793425
W+2/RB2in/9,Backward,9000,0.0810979
W+2/RB1out/9,Backward,9000,0.0391299
W+2/RB1in/9,Backward,9000,0.0299999
W+2/RB2in/11,Backward,9000,1.20687
W+2/RB4/1-,Forward,9000,0.12396
W+2/RB4/1+,Forward,9000,0.204062
W+2/RB3/1-,Forward,9000,0.127491
W+2/RB3/1+,Forward,9000,0.0642809
W+2/RB4/1-,Backward,9000,0.0910595
W+2/RB4/1+,Backward,9000,0.190832
W+2/RB3/1-,Backward,9000,0.0682783
W+2/RB3/1+,Backward,9000,0.564672
W+2/RB2out/1,Forward,9000,0.119727
W+2/RB2out/1,Central,9000,0.220943
W+2/RB2out/1,Backward,9000,0.0432796
W+2/RB2in/1,Forward,9000,0.32818
W+2/RB1out/1,Forward,9000,0.010939
W+2/RB1in/1,Forward,9000,0.0143309
W+2/RB2in/1,Backward,9000,0.0116743
W+2/RB1out/1,Backward,9000,0.0166468
W+2/RB1in/1,Backward,9000,0.00919685
W+2/RB4/2-,Forward,9000,1.03818
W+2/RB4/2+,Forward,9000,1.33042
W+2/RB3/2-,Forward,9000,0.132413
W+2/RB3/2+,Forward,9000,0.0860291
W+2/RB4/2-,Backward,9000,0.202169
W+2/RB4/2+,Backward,9000,0.0338974
W+2/RB3/2-,Backward,9000,0.134662
W+2/RB3/2+,Backward,9000,0.0752337
W+2/RB2out/2,Forward,9000,0.026255
W+2/RB2out/2,Central,9000,0.0597613
W+2/RB2out/2,Backward,9000,0.0318728
W+2/RB2in/2,Forward,9000,0.0799371
W+2/RB1out/2,Forward,9000,0.0924973
W+2/RB1in/2,Forward,9000,0.0795967
W+2/RB2in/2,Backward,9000,0.0231767
W+2/RB1out/2,Backward,9000,0.0438271
W+2/RB1in/2,Backward,9000,0.134255
W+2/RB4/3-,Forward,9000,0.0129837
W+2/RB4/3+,Forward,9000,0.0943206
W+2/RB3/3-,Forward,9000,0.0657322
W+2/RB3/3+,Forward,9000,0.00327452
W+2/RB4/3-,Backward,9000,0.00720759
W+2/RB4/3+,Backward,9000,0.0806667
W+2/RB3/3-,Backward,9000,0.0491826
W+2/RB3/3+,Backward,9000,0.00319737
W+2/RB2out/3,Forward,9000,0.066794
W+2/RB2out/3,Central,9000,0.0744531
W+2/RB2out/3,Backward,9000,26.3651
W+2/RB2in/3,Forward,9000,0.0295514
W+2/RB1out/3,Forward,9000,0.0902266
W+2/RB1in/3,Forward,9000,0.148843
W+2/RB2in/3,Backward,9000,0.0133219
W+2/RB1out/3,Backward,9000,0.0187412
W+2/RB1in/3,Backward,9000,0.0969904
W+2/RB4/10-,Forward,9000,0.0305275
W+2/RB4/10+,Forward,9000,0.0676224
W+2/RB3/10-,Forward,9000,0.0857881
W+2/RB3/10+,Forward,9000,0.146327
W+2/RB4/10-,Backward,9000,0.0265758
W+2/RB4/10+,Backward,9000,0.0372365
W+2/RB3/10-,Backward,9000,0.0579944
W+2/RB3/10+,Backward,9000,0.0800447
W+2/RB2out/10,Forward,9000,0.0676819
W+2/RB2out/10,Central,9000,0.0600358
W+2/RB2out/10,Backward,9000,0.0647405
W+2/RB2in/10,Forward,9000,0.160755
W+2/RB1out/10,Forward,9000,0.0208316
W+2/RB1in/10,Forward,9000,0.0973508
W+2/RB2in/10,Backward,9000,0.0882253
W+2/RB1out/10,Backward,9000,0.0357585
W+2/RB1in/10,Backward,9000,0.0381953
W+2/RB4/11,Forward,9000,0.884873
W+2/RB3/11-,Forward,9000,28.9923
W+2/RB3/11+,Forward,9000,1.68419
W+2/RB4/11,Backward,9000,0.00965614
W+2/RB3/11-,Backward,9000,0.0284388
W+2/RB3/11+,Backward,9000,0.0590853
W+2/RB2out/11,Forward,9000,0.0189324
W+2/RB2out/11,Central,9000,0.0232297
W+2/RB2out/11,Backward,9000,0.0251888
W+2/RB2in/11,Forward,9000,0.0251413
W+2/RB1out/11,Forward,9000,0.248667
W+2/RB1in/11,Forward,9000,0.115872
W+2/RB1out/11,Backward,9000,0.191044
W+2/RB1in/11,Backward,9000,0.535393
W+2/RB4/12-,Forward,9000,4.45407
W+2/RB4/12+,Forward,9000,27.2762
W+2/RB3/12-,Forward,9000,14.1553
W+2/RB3/12+,Forward,9000,0.444372
W+2/RB4/12-,Backward,9000,0.0500923
W+2/RB4/12+,Backward,9000,0.223194
W+2/RB3/12-,Backward,9000,0.000522276
W+2/RB3/12+,Backward,9000,0.0420108
W+2/RB2out/12,Forward,9000,0.407237
W+2/RB2out/12,Central,9000,0.157912
W+2/RB2out/12,Backward,9000,0.0717185
W+2/RB2in/12,Forward,9000,8.33608
W+2/RB1out/12,Forward,9000,0.121804
W+2/RB1in/12,Forward,9000,0.124302
W+2/RB2in/12,Backward,9000,0.0745076
W+2/RB1out/12,Backward,9000,0.0704284
W+2/RB1in/12,Backward,9000,0.144803
W-1/RB2out/8,Backward,9000,0.075117
W-1/RB4/4++,Forward,9000,0.0544243
W-1/RB4/4+,Forward,9000,0.0343868
W-1/RB4/4-,Forward,9000,0.0529198
W-1/RB4/4--,Forward,9000,0.0427899
W-1/RB3/4+,Forward,9000,0.0687481
W-1/RB3/4-,Forward,9000,0.212624
W-1/RB4/4++,Backward,9000,0.0582313
W-1/RB4/4+,Backward,9000,0.195501
W-1/RB4/4-,Backward,9000,0.0339728
W-1/RB4/4--,Backward,9000,0.0345175
W-1/RB3/4+,Backward,9000,0.210687
W-1/RB3/4-,Backward,9000,0.0892428
W-1/RB2in/4,Forward,9000,0.425678
W-1/RB2in/4,Central,9000,1.67016
W-1/RB2in/4,Backward,9000,1.63843
W-1/RB2out/4,Forward,9000,0.166236
W-1/RB1out/4,Forward,9000,0.00435019
W-1/RB1in/4,Forward,9000,0.0473245
W-1/RB2out/4,Backward,9000,0.222865
W-1/RB1out/4,Backward,9000,1.56426e-05
W-1/RB1in/4,Backward,9000,0.0313222
W-1/RB4/5+,Forward,9000,0.0407159
W-1/RB4/5-,Forward,9000,0.0473635
W-1/RB3/5+,Forward,9000,0.0487931
W-1/RB3/5-,Forward,9000,0.0246483
W-1/RB4/5+,Backward,9000,0.0763717
W-1/RB4/5-,Backward,9000,0.0522081
W-1/RB3/5+,Backward,9000,0.0401572
W-1/RB3/5-,Backward,9000,0.0191297
W-1/RB2in/5,Forward,9000,0.0152478
W-1/RB2in/5,Central,9000,0.00989963
W-1/RB2in/5,Backward,9000,0.0075412
W-1/RB2out/5,Forward,9000,0.052027
W-1/RB1out/5,Forward,9000,0.0352909
W-1/RB1in/5,Forward,9000,0.0566361
W-1/RB2out/5,Backward,9000,0.0256541
W-1/RB1out/5,Backward,9000,0.0270047
W-1/RB1in/5,Backward,9000,0.0294241
W-1/RB4/6+,Forward,9000,0.0305279
W-1/RB4/6-,Forward,9000,5.34657
W-1/RB3/6+,Forward,9000,0.0508706
W-1/RB3/6-,Forward,9000,0.0226586
W-1/RB4/6+,Backward,9000,0.0272935
W-1/RB4/6-,Backward,9000,2.32955
W-1/RB3/6+,Backward,9000,0.0377092
W-1/RB3/6-,Backward,9000,0.0131685
W-1/RB2in/6,Forward,9000,0.0248772
W-1/RB2in/6,Central,9000,0.0294861
W-1/RB2in/6,Backward,9000,0.0199324
W-1/RB2out/6,Forward,9000,0.0337087
W-1/RB1out/6,Forward,9000,0.0455324
W-1/RB1in/6,Forward,9000,0.0158208
W-1/RB2out/6,Backward,9000,0.0293233
W-1/RB1out/6,Backward,9000,0.0247426
W-1/RB1in/6,Backward,9000,0.0250811
W-1/RB4/7+,Forward,9000,0.0128958
W-1/RB4/7-,Forward,9000,0.0212867
W-1/RB3/7+,Forward,9000,0.0146803
W-1/RB3/7-,Forward,9000,0.035388
W-1/RB4/7+,Backward,9000,0.0166044
W-1/RB4/7-,Backward,9000,0.0125214
W-1/RB3/7+,Backward,9000,0.0317309
W-1/RB3/7-,Backward,9000,0.0585152
W-1/RB2in/7,Forward,9000,0.0535649
W-1/RB2in/7,Central,9000,0.102859
W-1/RB2in/7,Backward,9000,0.0553064
W-1/RB2out/7,Forward,9000,0.672467
W-1/RB1out/7,Forward,9000,0.0115157
W-1/RB1in/7,Forward,9000,0.0125631
W-1/RB2out/7,Backward,9000,0.0117094
W-1/RB1out/7,Backward,9000,0.0122275
W-1/RB1in/7,Backward,9000,0.00542822
W-1/RB4/8+,Forward,9000,0.000128049
W-1/RB4/8-,Forward,9000,0.190487
W-1/RB3/8+,Forward,9000,0.131289
W-1/RB3/8-,Forward,9000,0.114556
W-1/RB4/8+,Backward,9000,4.742e-05
W-1/RB4/8-,Backward,9000,0.228922
W-1/RB3/8+,Backward,9000,0.0675537
W-1/RB3/8-,Backward,9000,0.106436
W-1/RB2in/8,Forward,9000,0.0651576
W-1/RB2in/8,Central,9000,0.0614548
W-1/RB2in/8,Backward,9000,0.0436511
W-1/RB2out/8,Forward,9000,0.128624
W-1/RB1out/8,Forward,9000,0.129442
W-1/RB1in/8,Forward,9000,0.0871887
W-1/RB1out/8,Backward,9000,0.0296109
W-1/RB1in/8,Backward,9000,0.0587631
W-1/RB4/9,Forward,9000,0.0710562
W-1/RB3/9+,Forward,9000,0.110217
W-1/RB3/9-,Forward,9000,0.00509872
W-1/RB4/9,Backward,9000,0.095851
W-1/RB3/9+,Backward,9000,0.139413
W-1/RB3/9-,Backward,9000,0.00595474
W-1/RB2in/9,Forward,9000,0.0471468
W-1/RB2in/9,Central,9000,0.037607
W-1/RB2in/9,Backward,9000,0.0632722
W-1/RB2out/9,Forward,9000,0.025429
W-1/RB1out/9,Forward,9000,0.031621
W-1/RB1in/9,Forward,9000,0.117434
W-1/RB2out/9,Backward,9000,0.0282961
W-1/RB1out/9,Backward,9000,0.030899
W-1/RB1in/9,Backward,9000,0.0160615
W-1/RB2out/11,Backward,9000,0.040921
W-1/RB4/1+,Forward,9000,0.064752
W-1/RB4/1-,Forward,9000,0.0765379
W-1/RB3/1+,Forward,9000,0.0570813
W-1/RB3/1-,Forward,9000,0.177241
W-1/RB4/1+,Backward,9000,0.0624459
W-1/RB4/1-,Backward,9000,0.0193293
W-1/RB3/1+,Backward,9000,0.0516398
W-1/RB3/1-,Backward,9000,0.0732651
W-1/RB2in/1,Forward,9000,0.0315877
W-1/RB2in/1,Central,9000,0.0289504
W-1/RB2in/1,Backward,9000,0.0111511
W-1/RB2out/1,Forward,9000,0.0242901
W-1/RB1out/1,Forward,9000,0.0262481
W-1/RB1in/1,Forward,9000,0.0238634
W-1/RB2out/1,Backward,9000,0.0187136
W-1/RB1out/1,Backward,9000,0.00619108
W-1/RB1in/1,Backward,9000,0.00848372
W-1/RB4/2+,Forward,9000,0.0781539
W-1/RB4/2-,Forward,9000,0.0273086
W-1/RB3/2+,Forward,9000,0.0336002
W-1/RB3/2-,Forward,9000,0.025255
W-1/RB4/2+,Backward,9000,0.056018
W-1/RB4/2-,Backward,9000,0.0233896
W-1/RB3/2+,Backward,9000,0.0247142
W-1/RB3/2-,Backward,9000,0.0273127
W-1/RB2in/2,Forward,9000,0.0434469
W-1/RB2in/2,Central,9000,0.065333
W-1/RB2in/2,Backward,9000,0.0431548
W-1/RB2out/2,Forward,9000,0.035457
W-1/RB1out/2,Forward,9000,0.449056
W-1/RB1in/2,Forward,9000,0.167071
W-1/RB2out/2,Backward,9000,0.0162327
W-1/RB1out/2,Backward,9000,0.464364
W-1/RB1in/2,Backward,9000,0.0891892
W-1/RB4/3+,Forward,9000,0.0398658
W-1/RB4/3-,Forward,9000,0.0346556
W-1/RB3/3+,Forward,9000,0.0259647
W-1/RB3/3-,Forward,9000,0.0260881
W-1/RB4/3+,Backward,9000,0.0493778
W-1/RB4/3-,Backward,9000,0.0405961
W-1/RB3/3+,Backward,9000,0.019693
W-1/RB3/3-,Backward,9000,0.019807
W-1/RB2in/3,Forward,9000,0.0430384
W-1/RB2in/3,Central,9000,0.0465477
W-1/RB2in/3,Backward,9000,0.024612
W-1/RB2out/3,Forward,9000,0.0217979
W-1/RB1out/3,Forward,9000,0.0603391
W-1/RB1in/3,Forward,9000,0.0190812
W-1/RB2out/3,Backward,9000,0.0197703
W-1/RB1out/3,Backward,9000,0.0213462
W-1/RB1in/3,Backward,9000,0.0272394
W-1/RB4/10+,Forward,9000,0.0811643
W-1/RB4/10-,Forward,9000,0.0415069
W-1/RB3/10+,Forward,9000,0.130932
W-1/RB3/10-,Forward,9000,0.0383751
W-1/RB4/10+,Backward,9000,0.041118
W-1/RB4/10-,Backward,9000,0.0430039
W-1/RB3/10+,Backward,9000,0.177921
W-1/RB3/10-,Backward,9000,0.0295758
W-1/RB2in/10,Forward,9000,0.0209653
W-1/RB2in/10,Central,9000,0.0201075
W-1/RB2in/10,Backward,9000,0.0189542
W-1/RB2out/10,Forward,9000,0.0309455
W-1/RB1out/10,Forward,9000,0.0811586
W-1/RB1in/10,Forward,9000,0.0301006
W-1/RB2out/10,Backward,9000,0.0225759
W-1/RB1out/10,Backward,9000,0.110973
W-1/RB1in/10,Backward,9000,0.0188323
W-1/RB4/11,Forward,9000,0.0262699
W-1/RB3/11+,Forward,9000,0.088863
W-1/RB3/11-,Forward,9000,0.0320039
W-1/RB4/11,Backward,9000,0.0227541
W-1/RB3/11+,Backward,9000,0.00061489
W-1/RB3/11-,Backward,9000,0.0251466
W-1/RB2in/11,Forward,9000,0.0272654
W-1/RB2in/11,Central,9000,0.0759541
W-1/RB2in/11,Backward,9000,0.0237746
W-1/RB2out/11,Forward,9000,0.0443968
W-1/RB1out/11,Forward,9000,0.156632
W-1/RB1in/11,Forward,9000,0.0331864
W-1/RB1out/11,Backward,9000,0.608321
W-1/RB1in/11,Backward,9000,0.0553126
W-1/RB4/12+,Forward,9000,0.840129
W-1/RB4/12-,Forward,9000,0.161729
W-1/RB3/12+,Forward,9000,0.0274765
W-1/RB3/12-,Forward,9000,0.0424717
W-1/RB4/12+,Backward,9000,0.584528
W-1/RB4/12-,Backward,9000,0.102668
W-1/RB3/12+,Backward,9000,0.0285413
W-1/RB3/12-,Backward,9000,0.0372211
W-1/RB2in/12,Forward,9000,0.0523946
W-1/RB2in/12,Central,9000,0.0777931
W-1/RB2in/12,Backward,9000,0.0713406
W-1/RB2out/12,Forward,9000,0.0700772
W-1/RB1out/12,Forward,9000,0.0128228
W-1/RB1in/12,Forward,9000,0.0449011
W-1/RB2out/12,Backward,9000,0.0831272
W-1/RB1out/12,Backward,9000,0.0211268
W-1/RB1in/12,Backward,9000,0.0240208
W-2/RB2in/8,Backward,9000,0.123846
W-2/RB4/4++,Forward,9000,0.0141813
W-2/RB4/4+,Forward,9000,0.0339304
W-2/RB4/4-,Forward,9000,0.0282438
W-2/RB4/4--,Forward,9000,0.0980037
W-2/RB3/4+,Forward,9000,0.0119662
W-2/RB3/4-,Forward,9000,0.0285419
W-2/RB4/4++,Backward,9000,0.012972
W-2/RB4/4+,Backward,9000,0.0349121
W-2/RB4/4-,Backward,9000,0.0388022
W-2/RB4/4--,Backward,9000,0.0404275
W-2/RB3/4+,Backward,9000,0.0164916
W-2/RB3/4-,Backward,9000,0.0353332
W-2/RB2out/4,Forward,9000,0.0547174
W-2/RB2out/4,Central,9000,0.377962
W-2/RB2out/4,Backward,9000,0.0456045
W-2/RB2in/4,Forward,9000,0.0870671
W-2/RB1out/4,Forward,9000,0.0438881
W-2/RB1in/4,Forward,9000,0.0276026
W-2/RB2in/4,Backward,9000,0.118918
W-2/RB1out/4,Backward,9000,0.871661
W-2/RB1in/4,Backward,9000,0.0220515
W-2/RB4/5+,Forward,9000,0.0200569
W-2/RB4/5-,Forward,9000,0.0181662
W-2/RB3/5+,Forward,9000,0.0345275
W-2/RB3/5-,Forward,9000,0.0262796
W-2/RB4/5+,Backward,9000,0.00273019
W-2/RB4/5-,Backward,9000,0.0214575
W-2/RB3/5+,Backward,9000,0.0300326
W-2/RB3/5-,Backward,9000,0.0160772
W-2/RB2out/5,Forward,9000,0.0589929
W-2/RB2out/5,Central,9000,0.0416912
W-2/RB2out/5,Backward,9000,0.0397967
W-2/RB2in/5,Forward,9000,0.0467
W-2/RB1out/5,Forward,9000,0.022505
W-2/RB1in/5,Forward,9000,0.040074
W-2/RB2in/5,Backward,9000,0.00142093
W-2/RB1out/5,Backward,9000,0.0131691
W-2/RB1in/5,Backward,9000,0.0205075
W-2/RB4/6+,Forward,9000,0.191867
W-2/RB4/6-,Forward,9000,0.0485465
W-2/RB3/6+,Forward,9000,0.0263463
W-2/RB3/6-,Forward,9000,0.0299122
W-2/RB4/6+,Backward,9000,0.193031
W-2/RB4/6-,Backward,9000,0.0120978
W-2/RB3/6+,Backward,9000,0.0145699
W-2/RB3/6-,Backward,9000,0.0307104
W-2/RB2out/6,Forward,9000,0.0465259
W-2/RB2out/6,Central,9000,0.0457607
W-2/RB2out/6,Backward,9000,0.0309
W-2/RB2in/6,Forward,9000,0.0752574
W-2/RB1out/6,Forward,9000,0.141287
W-2/RB1in/6,Forward,9000,0.0198672
W-2/RB2in/6,Backward,9000,0.0856382
W-2/RB1out/6,Backward,9000,0.0164984
W-2/RB1in/6,Backward,9000,0.0200514
W-2/RB4/7+,Forward,9000,0.0340274
W-2/RB4/7-,Forward,9000,0.0263429
W-2/RB3/7+,Forward,9000,0.085311
W-2/RB3/7-,Forward,9000,0.0396905
W-2/RB4/7+,Backward,9000,0.0222584
W-2/RB4/7-,Backward,9000,0.0107107
W-2/RB3/7+,Backward,9000,0.0949694
W-2/RB3/7-,Backward,9000,0.0290023
W-2/RB2out/7,Forward,9000,0.0241505
W-2/RB2out/7,Central,9000,0.029175
W-2/RB2out/7,Backward,9000,0.0218766
W-2/RB2in/7,Forward,9000,0.285526
W-2/RB1out/7,Forward,9000,0.0157018
W-2/RB1in/7,Forward,9000,0.0465239
W-2/RB2in/7,Backward,9000,0.0868604
W-2/RB1out/7,Backward,9000,0.00637365
W-2/RB1in/7,Backward,9000,0.0723314
W-2/RB4/8+,Forward,9000,0.0246154
W-2/RB4/8-,Forward,9000,0.039818
W-2/RB3/8+,Forward,9000,0.03216
W-2/RB3/8-,Forward,9000,0.0595954
W-2/RB4/8+,Backward,9000,0.0516916
W-2/RB4/8-,Backward,9000,0.0520766
W-2/RB3/8+,Backward,9000,0.0288856
W-2/RB3/8-,Backward,9000,0.0301262
W-2/RB2out/8,Forward,9000,0.0645367
W-2/RB2out/8,Central,9000,0.136798
W-2/RB2out/8,Backward,9000,0.0362532
W-2/RB2in/8,Forward,9000,0.0857259
W-2/RB1out/8,Forward,9000,0.365029
W-2/RB1in/8,Forward,9000,0.0168018
W-2/RB1out/8,Backward,9000,0.0735744
W-2/RB1in/8,Backward,9000,0.0074867
W-2/RB4/9,Forward,9000,0.0655917
W-2/RB3/9+,Forward,9000,0.0456321
W-2/RB3/9-,Forward,9000,0.0661918
W-2/RB4/9,Backward,9000,0.0543652
W-2/RB3/9+,Backward,9000,0.0306682
W-2/RB3/9-,Backward,9000,0.0311353
W-2/RB2out/9,Forward,9000,0.0387411
W-2/RB2out/9,Central,9000,0.0240243
W-2/RB2out/9,Backward,9000,0.0253339
W-2/RB2in/9,Forward,9000,0.151471
W-2/RB1out/9,Forward,9000,0.0695163
W-2/RB1in/9,Forward,9000,0.0111165
W-2/RB2in/9,Backward,9000,0.0669011
W-2/RB1out/9,Backward,9000,0.0249489
W-2/RB1in/9,Backward,9000,2.17336
W-2/RB2in/11,Backward,9000,0.0700067
W-2/RB4/1+,Forward,9000,0.0241474
W-2/RB4/1-,Forward,9000,0.022094
W-2/RB3/1+,Forward,9000,0.0395103
W-2/RB3/1-,Forward,9000,0.0331077
W-2/RB4/1+,Backward,9000,0.0236451
W-2/RB4/1-,Backward,9000,0.0377018
W-2/RB3/1+,Backward,9000,0.0630665
W-2/RB3/1-,Backward,9000,0.0382885
W-2/RB2out/1,Forward,9000,0.0380821
W-2/RB2out/1,Central,9000,0.109616
W-2/RB2out/1,Backward,9000,0.0297669
W-2/RB2in/1,Forward,9000,0.0602141
W-2/RB1out/1,Forward,9000,0.0220403
W-2/RB1in/1,Forward,9000,0.0112045
W-2/RB2in/1,Backward,9000,0.0424541
W-2/RB1out/1,Backward,9000,0.00912929
W-2/RB1in/1,Backward,9000,0.012492
W-2/RB4/2+,Forward,9000,0.221758
W-2/RB4/2-,Forward,9000,0.175676
W-2/RB3/2+,Forward,9000,0.0281011
W-2/RB3/2-,Forward,9000,0.0382817
W-2/RB4/2+,Backward,9000,0.108619
W-2/RB4/2-,Backward,9000,0.118529
W-2/RB3/2+,Backward,9000,0.0339127
W-2/RB3/2-,Backward,9000,0.021354
W-2/RB2out/2,Forward,9000,0.0459709
W-2/RB2out/2,Central,9000,0.0398554
W-2/RB2out/2,Backward,9000,0.0451289
W-2/RB2in/2,Forward,9000,0.00916823
W-2/RB1out/2,Forward,9000,0.0699203
W-2/RB1in/2,Forward,9000,0.0257066
W-2/RB2in/2,Backward,9000,0.0130751
W-2/RB1out/2,Backward,9000,0.0327968
W-2/RB1in/2,Backward,9000,0.0101868
W-2/RB4/3+,Forward,9000,0.0625117
W-2/RB4/3-,Forward,9000,0.390816
W-2/RB3/3+,Forward,9000,0.0600887
W-2/RB3/3-,Forward,9000,0.0451277
W-2/RB4/3+,Backward,9000,0.0631448
W-2/RB4/3-,Backward,9000,0.995361
W-2/RB3/3+,Backward,9000,0.0239845
W-2/RB3/3-,Backward,9000,0.0317095
W-2/RB2out/3,Forward,9000,0.0422026
W-2/RB2out/3,Central,9000,0.0733349
W-2/RB2out/3,Backward,9000,0.052814
W-2/RB2in/3,Forward,9000,0.156202
W-2/RB1out/3,Forward,9000,0.0384271
W-2/RB1in/3,Forward,9000,0.0896685
W-2/RB2in/3,Backward,9000,0.101985
W-2/RB1out/3,Backward,9000,0.0308086
W-2/RB1in/3,Backward,9000,0.072673
W-2/RB4/10+,Forward,9000,0.0278559
W-2/RB4/10-,Forward,9000,0.0400751
W-2/RB3/10+,Forward,9000,0.0157224
W-2/RB3/10-,Forward,9000,0.0853335
W-2/RB4/10+,Backward,9000,0.0141681
W-2/RB4/10-,Backward,9000,0.0599636
W-2/RB3/10+,Backward,9000,0.0140396
W-2/RB3/10-,Backward,9000,1.3093
W-2/RB2out/10,Forward,9000,0.113549
W-2/RB2out/10,Central,9000,0.103727
W-2/RB2out/10,Backward,9000,0.0724586
W-2/RB2in/10,Forward,9000,0.0304104
W-2/RB1out/10,Forward,9000,0.0655916
W-2/RB1in/10,Forward,9000,0.0215117
W-2/RB2in/10,Backward,9000,0.0266854
W-2/RB1out/10,Backward,9000,0.0398096
W-2/RB1in/10,Backward,9000,0.0215616
W-2/RB4/11,Forward,9000,0.0263395
W-2/RB3/11+,Forward,9000,0.0962962
W-2/RB3/11-,Forward,9000,0.0332828
W-2/RB4/11,Backward,9000,0.00730847
W-2/RB3/11+,Backward,9000,0.0822838
W-2/RB3/11-,Backward,9000,0.0433947
W-2/RB2out/11,Forward,9000,0.0336194
W-2/RB2out/11,Central,9000,0.0937917
W-2/RB2out/11,Backward,9000,0.0642347
W-2/RB2in/11,Forward,9000,0.078959
W-2/RB1out/11,Forward,9000,0.0682969
W-2/RB1in/11,Forward,9000,0.0798077
W-2/RB1out/11,Backward,9000,0.0444403
W-2/RB1in/11,Backward,9000,0.0461185
W-2/RB4/12+,Forward,9000,0.0609341
W-2/RB4/12-,Forward,9000,0.034245
W-2/RB3/12+,Forward,9000,0.0262774
W-2/RB3/12-,Forward,9000,0.040935
W-2/RB4/12+,Backward,9000,0.0809838
W-2/RB4/12-,Backward,9000,0.0198019
W-2/RB3/12+,Backward,9000,0.0344081
W-2/RB3/12-,Backward,9000,0.0523307
W-2/RB2out/12,Forward,9000,0.0414553
W-2/RB2out/12,Central,9000,0.0447644
W-2/RB2out/12,Backward,9000,0.0706281
W-2/RB2in/12,Forward,9000,0.153691
W-2/RB1out/12,Forward,9000,0
W-2/RB1in/12,Forward,9000,0.180313
W-2/RB2in/12,Backward,9000,0.166934
W-2/RB1out/12,Backward,9000,0
W-2/RB1in/12,Backward,9000,0.205661
W0/RB2out/8,Backward,9000,0.167064
W0/RB4/4+,Forward,9000,0.0476761
W0/RB4/4++,Forward,9000,0.0329672
W0/RB4/4--,Forward,9000,0.0845802
W0/RB4/4-,Forward,9000,0.0443942
W0/RB3/4+,Forward,9000,0.0870691
W0/RB3/4-,Forward,9000,0.0471813
W0/RB4/4+,Backward,9000,0.0325861
W0/RB4/4++,Backward,9000,0.063337
W0/RB4/4--,Backward,9000,0.0624086
W0/RB4/4-,Backward,9000,0.0323673
W0/RB3/4+,Backward,9000,0.10935
W0/RB3/4-,Backward,9000,0.0664157
W0/RB2in/4,Forward,9000,0.0882134
W0/RB2in/4,Central,9000,0.156934
W0/RB2in/4,Backward,9000,0.235503
W0/RB2out/4,Forward,9000,0.0394585
W0/RB1out/4,Forward,9000,0.0394638
W0/RB1in/4,Forward,9000,0.0371451
W0/RB2out/4,Backward,9000,0.0171597
W0/RB1out/4,Backward,9000,0.0402826
W0/RB1in/4,Backward,9000,0.0324121
W0/RB4/5+,Forward,9000,0.0644066
W0/RB4/5-,Forward,9000,0.041469
W0/RB3/5+,Forward,9000,0.0452533
W0/RB3/5-,Forward,9000,0.0193748
W0/RB4/5+,Backward,9000,0.0642309
W0/RB4/5-,Backward,9000,0.0599032
W0/RB3/5+,Backward,9000,0.0265956
W0/RB3/5-,Backward,9000,0.0174842
W0/RB2in/5,Forward,9000,8.45858
W0/RB2in/5,Central,9000,0.07918
W0/RB2in/5,Backward,9000,0.056732
W0/RB2out/5,Forward,9000,0.0473145
W0/RB1out/5,Forward,9000,0.273739
W0/RB1in/5,Forward,9000,0.845365
W0/RB2out/5,Backward,9000,0.0460814
W0/RB1out/5,Backward,9000,1.0177
W0/RB1in/5,Backward,9000,0.195186
W0/RB4/6-,Forward,9000,0.0243595
W0/RB4/6+,Forward,9000,0.0318919
W0/RB3/6-,Forward,9000,0.0197832
W0/RB3/6+,Forward,9000,0.0252032
W0/RB4/6-,Backward,9000,0.023132
W0/RB4/6+,Backward,9000,0.0290683
W0/RB3/6-,Backward,9000,0.0271696
W0/RB3/6+,Backward,9000,0.0224785
W0/RB2in/6,Forward,9000,0.0347052
W0/RB2in/6,Central,9000,0.0776686
W0/RB2in/6,Backward,9000,0.0623007
W0/RB2out/6,Forward,9000,0.219597
W0/RB1out/6,Forward,9000,0.092623
W0/RB1in/6,Forward,9000,0.0230648
W0/RB2out/6,Backward,9000,0.185635
W0/RB1out/6,Backward,9000,0.0178984
W0/RB1in/6,Backward,9000,0.0164804
W0/RB4/7-,Forward,9000,0.00393159
W0/RB4/7+,Forward,9000,0.0123804
W0/RB3/7-,Forward,9000,0.0720036
W0/RB3/7+,Forward,9000,0.0999754
W0/RB4/7-,Backward,9000,0.00457386
W0/RB4/7+,Backward,9000,0.0129386
W0/RB3/7-,Backward,9000,0.0171817
W0/RB3/7+,Backward,9000,0.0410183
W0/RB2in/7,Forward,9000,0.334897
W0/RB2in/7,Central,9000,0.0551274
W0/RB2in/7,Backward,9000,0.0144917
W0/RB2out/7,Forward,9000,0.0614977
W0/RB1out/7,Forward,9000,0.0116773
W0/RB1in/7,Forward,9000,0.00684248
W0/RB2out/7,Backward,9000,0.0164871
W0/RB1out/7,Backward,9000,0.00676499
W0/RB1in/7,Backward,9000,0.00475306
W0/RB4/8+,Forward,9000,0.0285573
W0/RB4/8-,Forward,9000,0.0471502
W0/RB3/8+,Forward,9000,0.0159523
W0/RB3/8-,Forward,9000,0.746061
W0/RB4/8+,Backward,9000,0.0189687
W0/RB4/8-,Backward,9000,0.0410321
W0/RB3/8+,Backward,9000,0.0563093
W0/RB3/8-,Backward,9000,1.12067
W0/RB2in/8,Forward,9000,0.0932201
W0/RB2in/8,Central,9000,0.088694
W0/RB2in/8,Backward,9000,0.054991
W0/RB2out/8,Forward,9000,2.38503
W0/RB1out/8,Forward,9000,0.0253001
W0/RB1in/8,Forward,9000,0.0238428
W0/RB1out/8,Backward,9000,0.01288
W0/RB1in/8,Backward,9000,0.0289508
W0/RB4/9,Forward,9000,4.5571
W0/RB3/9+,Forward,9000,0.0404017
W0/RB3/9-,Forward,9000,0.0453461
W0/RB4/9,Backward,9000,4.94803
W0/RB3/9+,Backward,9000,0.0265245
W0/RB3/9-,Backward,9000,0.0540936
W0/RB2in/9,Forward,9000,0.0987517
W0/RB2in/9,Central,9000,0.028223
W0/RB2in/9,Backward,9000,0.0270955
W0/RB2out/9,Forward,9000,0.0630001
W0/RB1out/9,Forward,9000,0.0203862
W0/RB1in/9,Forward,9000,0.082486
W0/RB2out/9,Backward,9000,0.121364
W0/RB1out/9,Backward,9000,0.0214151
W0/RB1in/9,Backward,9000,0.0806831
W0/RB2out/11,Backward,9000,0.0877562
W0/RB4/1+,Forward,9000,0.0222812
W0/RB4/1-,Forward,9000,0.0135196
W0/RB3/1+,Forward,9000,0.20842
W0/RB3/1-,Forward,9000,0.0561449
W0/RB4/1+,Backward,9000,0.0274832
W0/RB4/1-,Backward,9000,0.0110568
W0/RB3/1+,Backward,9000,0.0832009
W0/RB3/1-,Backward,9000,0.0206018
W0/RB2in/1,Forward,9000,0.0574975
W0/RB2in/1,Central,9000,0.0193436
W0/RB2in/1,Backward,9000,0.0130246
W0/RB2out/1,Forward,9000,0.0229157
W0/RB1out/1,Forward,9000,0.0305542
W0/RB1in/1,Forward,9000,0.00621609
W0/RB2out/1,Backward,9000,0.00511185
W0/RB1out/1,Backward,9000,0.00993412
W0/RB1in/1,Backward,9000,0.00322401
W0/RB4/2-,Forward,9000,0.0963473
W0/RB4/2+,Forward,9000,0.0540034
W0/RB3/2-,Forward,9000,0.195015
W0/RB3/2+,Forward,9000,0.0467816
W0/RB4/2-,Backward,9000,0.0579621
W0/RB4/2+,Backward,9000,0.0394196
W0/RB3/2-,Backward,9000,0.0520118
W0/RB3/2+,Backward,9000,0.0377767
W0/RB2in/2,Forward,9000,0.0506219
W0/RB2in/2,Central,9000,0.158449
W0/RB2in/2,Backward,9000,0.0397433
W0/RB2out/2,Forward,9000,0.0343553
W0/RB1out/2,Forward,9000,0.0654354
W0/RB1in/2,Forward,9000,0.0659358
W0/RB2out/2,Backward,9000,0.0367497
W0/RB1out/2,Backward,9000,0.0415096
W0/RB1in/2,Backward,9000,0.181244
W0/RB4/3-,Forward,9000,0.0544612
W0/RB4/3+,Forward,9000,0.0465974
W0/RB3/3-,Forward,9000,0.0562994
W0/RB3/3+,Forward,9000,0.105508
W0/RB4/3-,Backward,9000,0.0379763
W0/RB4/3+,Backward,9000,0.0645175
W0/RB3/3-,Backward,9000,0.0405881
W0/RB3/3+,Backward,9000,0.0461441
W0/RB2in/3,Forward,9000,0.0993582
W0/RB2in/3,Central,9000,0.0453091
W0/RB2in/3,Backward,9000,0.0441134
W0/RB2out/3,Forward,9000,0.0113745
W0/RB1out/3,Forward,9000,0.0365683
W0/RB1in/3,Forward,9000,0.0216545
W0/RB2out/3,Backward,9000,0.207211
W0/RB1out/3,Backward,9000,0.0225239
W0/RB1in/3,Backward,9000,0.0282261
W0/RB4/10-,Forward,9000,0.0186028
W0/RB4/10+,Forward,9000,0.0132524
W0/RB3/10-,Forward,9000,0.114192
W0/RB3/10+,Forward,9000,0.0570427
W0/RB4/10-,Backward,9000,0.0164462
W0/RB4/10+,Backward,9000,0.0142874
W0/RB3/10-,Backward,9000,0.0296769
W0/RB3/10+,Backward,9000,0.0307725
W0/RB2in/10,Forward,9000,0.0725408
W0/RB2in/10,Central,9000,0.0794893
W0/RB2in/10,Backward,9000,0.0488655
W0/RB2out/10,Forward,9000,0.0518705
W0/RB1out/10,Forward,9000,0.0346275
W0/RB1in/10,Forward,9000,0.0451088
W0/RB2out/10,Backward,9000,0.0257842
W0/RB1out/10,Backward,9000,0.0234223
W0/RB1in/10,Backward,9000,0.0201599
W0/RB4/11,Forward,9000,0.0795841
W0/RB3/11-,Forward,9000,0.0246601
W0/RB3/11+,Forward,9000,0.0312882
W0/RB4/11,Backward,9000,0.0370851
W0/RB3/11-,Backward,9000,0.0208964
W0/RB3/11+,Backward,9000,0.0291137
W0/RB2in/11,Forward,9000,0.18293
W0/RB2in/11,Central,9000,0.0615765
W0/RB2in/11,Backward,9000,0.0259686
W0/RB2out/11,Forward,9000,0.0992969
W0/RB1out/11,Forward,9000,0.0702726
W0/RB1in/11,Forward,9000,0.126606
W0/RB1out/11,Backward,9000,0.0385997
W0/RB1in/11,Backward,9000,0.0809934
W0/RB4/12+,Forward,9000,0.031108
W0/RB4/12-,Forward,9000,0.0651246
W0/RB3/12+,Forward,9000,0.0854539
W0/RB3/12-,Forward,9000,0.0328675
W0/RB4/12+,Backward,9000,0.0358085
W0/RB4/12-,Backward,9000,0.0879506
W0/RB3/12+,Backward,9000,0.0915386
W0/RB3/12-,Backward,9000,0.0391312
W0/RB2in/12,Forward,9000,0.0370817
W0/RB2in/12,Central,9000,0.079946
W0/RB2in/12,Backward,9000,0.0390883
W0/RB2out/12,Forward,9000,0.117842
W0/RB1out/12,Forward,9000,0.0621376
W0/RB1in/12,Forward,9000,0.0591087
W0/RB2out/12,Backward,9000,0.120115
W0/RB1out/12,Backward,9000,0.0364634
W0/RB1in/12,Backward,9000,0.0255247
RE-1/3/25,A,9000,0.0349169
RE-1/3/25,B,9000,0.0327375
RE-1/3/25,C,9000,0.0168321
RE-1/2/9,A,9000,0.0351189
RE-1/2/9,B,9000,0.0319699
RE-1/2/9,C,9000,0.021881
RE-1/2/10,A,9000,0.0263789
RE-1/2/10,B,9000,0.0410602
RE-1/2/10,C,9000,0.0180979
RE-1/2/11,A,9000,0.0372963
RE-1/2/11,B,9000,0.0420088
RE-1/2/11,C,9000,0.0228407
RE-1/3/9,A,9000,0.0267782
RE-1/3/9,B,9000,0.0326507
RE-1/3/9,C,9000,0.0227614
RE-1/3/10,A,9000,0
RE-1/3/10,B,9000,0.0238221
RE-1/3/10,C,9000,0.0307026
RE-1/3/11,A,9000,0.0338478
RE-1/3/11,B,9000,0.0463292
RE-1/3/11,C,9000,0.0783922
RE-2/2/11,A,9000,0.0536777
RE-2/2/11,B,9000,0.0793231
RE-2/2/11,C,9000,0.0585686
RE-2/2/12,A,9000,0.0858126
RE-2/2/12,B,9000,0.120799
RE-2/2/12,C,9000,0.0615025
RE-2/2/13,A,9000,0.0574692
RE-2/2/13,B,9000,0.167407
RE-2/2/13,C,9000,0.0633925
RE-2/3/11,A,9000,0.0615997
RE-2/3/11,B,9000,0.0609505
RE-2/3/11,C,9000,0.0436826
RE-2/3/12,A,9000,0.0531158
RE-2/3/12,B,9000,0.0921744
RE-2/3/12,C,9000,0.0841748
RE-2/3/13,A,9000,0.0660871
RE-2/3/13,B,9000,0.0606838
RE-2/3/13,C,9000,0.0525455
RE-1/2/12,A,9000,0.0388101
RE-1/2/12,B,9000,0.0231183
RE-1/2/12,C,9000,0.0266728
RE-1/2/13,A,9000,0.0309722
RE-1/2/13,B,9000,0.0259586
RE-1/2/13,C,9000,0.0239012
RE-1/2/14,A,9000,0.0386335
RE-1/2/14,B,9000,0.0599285
RE-1/2/14,C,9000,0.0317857
RE-1/3/12,A,9000,0.0299598
RE-1/3/12,B,9000,0.0246549
RE-1/3/12,C,9000,0.00975166
RE-1/3/13,A,9000,0.0245682
RE-1/3/13,B,9000,0.0574355
RE-1/3/13,C,9000,0.0543626
RE-1/3/14,A,9000,0.0413455
RE-1/3/14,B,9000,0.0303165
RE-1/3/14,C,9000,0.0231277
RE-2/2/14,A,9000,0.0491172
RE-2/2/14,B,9000,0.0779612
RE-2/2/14,C,9000,0.0424618
RE-2/2/15,A,9000,0.0846958
RE-2/2/15,B,9000,0.08969
RE-2/2/15,C,9000,0.0723095
RE-2/2/16,A,9000,0.0752418
RE-2/2/16,B,9000,0.0923016
RE-2/2/16,C,9000,0.0946411
RE-2/3/14,A,9000,0.0418431
RE-2/3/14,B,9000,0.048617
RE-2/3/14,C,9000,0.0298829
RE-2/3/15,A,9000,0.0484665
RE-2/3/15,B,9000,0.0546355
RE-2/3/15,C,9000,0.0504878
RE-2/3/16,A,9000,0.0416948
RE-2/3/16,B,9000,0.045217
RE-2/3/16,C,9000,0.0504751
RE-1/2/15,A,9000,0.10911
RE-1/2/15,B,9000,0.107193
RE-1/2/15,C,9000,0.0990353
RE-1/2/16,A,9000,0.0416962
RE-1/2/16,B,9000,0.0544239
RE-1/2/16,C,9000,0.0434191
RE-1/2/17,A,9000,0.031454
RE-1/2/17,B,9000,0.0301946
RE-1/2/17,C,9000,0.0130097
RE-1/3/15,A,9000,0.0243485
RE-1/3/15,B,9000,0.0180921
RE-1/3/15,C,9000,0.0149763
RE-1/3/16,A,9000,0.0222509
RE-1/3/16,B,9000,0.0216248
RE-1/3/16,C,9000,0.0108165
RE-1/3/17,A,9000,0.0170709
RE-1/3/17,B,9000,0.0113165
RE-1/3/17,C,9000,0.0107843
RE-2/2/17,A,9000,0.0508806
RE-2/2/17,B,9000,0.0748606
RE-2/2/17,C,9000,0.0393486
RE-2/2/18,A,9000,0.0650183
RE-2/2/18,B,9000,0.0770337
RE-2/2/18,C,9000,0.0515417
RE-2/2/19,A,9000,0.0991829
RE-2/2/19,B,9000,0.106523
RE-2/2/19,C,9000,0.0735892
RE-2/3/17,A,9000,0.0751256
RE-2/3/17,B,9000,0.0756196
RE-2/3/17,C,9000,0.0969257
RE-2/3/18,A,9000,0.0462858
RE-2/3/18,B,9000,0.072245
RE-2/3/18,C,9000,0.0564665
RE-2/3/19,A,9000,0.0532706
RE-2/3/19,B,9000,0.0740266
RE-2/3/19,C,9000,0.0711299
RE-1/2/18,A,9000,0.0158
RE-1/2/18,B,9000,0.0318867
RE-1/2/18,C,9000,0.0127242
RE-1/2/19,A,9000,0.0345491
RE-1/2/19,B,9000,0.0527549
RE-1/2/19,C,9000,0.0397861
RE-1/2/20,A,9000,0.0628485
RE-1/2/20,B,9000,0.0608176
RE-1/2/20,C,9000,0.118578
RE-1/3/18,A,9000,0.0214854
RE-1/3/18,B,9000,0.028879
RE-1/3/18,C,9000,0.0171841
RE-1/3/19,A,9000,0.334163
RE-1/3/19,B,9000,0.115667
RE-1/3/19,C,9000,0.0962685
RE-1/3/20,A,9000,0.0243086
RE-1/3/20,B,9000,0.0176103
RE-1/3/20,C,9000,0.0129811
RE-2/2/20,A,9000,0.0403189
RE-2/2/20,B,9000,0.0486962
RE-2/2/20,C,9000,0.0439143
RE-2/2/21,A,9000,0.19401
RE-2/2/21,B,9000,0.0922543
RE-2/2/21,C,9000,0.057841
RE-2/2/22,A,9000,0.106745
RE-2/2/22,B,9000,0.111468
RE-2/2/22,C,9000,0.0945286
RE-2/3/20,A,9000,0.0757
RE-2/3/20,B,9000,0.0843331
RE-2/3/20,C,9000,0.0604108
RE-2/3/21,A,9000,0.0504608
RE-2/3/21,B,9000,0.0590838
RE-2/3/21,C,9000,0.0524446
RE-2/3/22,A,9000,0.0769206
RE-2/3/22,B,9000,0.0917102
RE-2/3/22,C,9000,0.0899724
RE-1/2/21,A,9000,0.0378093
RE-1/2/21,B,9000,0.0299889
RE-1/2/21,C,9000,0.0287115
RE-1/2/22,A,9000,0.0203097
RE-1/2/22,B,9000,0.0261036
RE-1/2/22,C,9000,0.0227957
RE-1/2/23,A,9000,0.0182532
RE-1/2/23,B,9000,0.0277432
RE-1/2/23,C,9000,0.0178487
RE-1/3/21,A,9000,0.0168275
RE-1/3/21,B,9000,0.0145267
RE-1/3/21,C,9000,0.0134288
RE-1/3/22,A,9000,0.0292635
RE-1/3/22,B,9000,0.0294551
RE-1/3/22,C,9000,0.0230566
RE-1/3/23,A,9000,0.0399741
RE-1/3/23,B,9000,0.0173708
RE-1/3/23,C,9000,0.00628649
RE-2/2/23,A,9000,0.0765806
RE-2/2/23,B,9000,0.0623276
RE-2/2/23,C,9000,0.0755158
RE-2/2/24,A,9000,0.0557279
RE-2/2/24,B,9000,0.0992211
RE-2/2/24,C,9000,0.0907211
RE-2/2/25,A,9000,0.0996021
RE-2/2/25,B,9000,0.0864692
RE-2/2/25,C,9000,0.0610515
RE-2/3/23,A,9000,0.100284
RE-2/3/23,B,9000,0.111679
RE-2/3/23,C,9000,0.0680341
RE-2/3/24,A,9000,0.0716047
RE-2/3/24,B,9000,0.108876
RE-2/3/24,C,9000,0.0926341
RE-2/3/25,A,9000,0.0686983
RE-2/3/25,B,9000,0.0633545
RE-2/3/25,C,9000,0.039189
RE-1/2/24,A,9000,0.0246466
RE-1/2/24,B,9000,0.0293627
RE-1/2/24,C,9000,0.0258357
RE-1/2/25,A,9000,0.0328807
RE-1/2/25,B,9000,0.0378256
RE-1/2/25,C,9000,0.0160676
RE-1/2/26,A,9000,0.0322155
RE-1/2/26,B,9000,0.0387424
RE-1/2/26,C,9000,0.0228642
RE-1/3/24,A,9000,0.0797245
RE-1/3/24,B,9000,0.0480276
RE-1/3/24,C,9000,0.00993491
RE-1/3/26,A,9000,0.038266
RE-1/3/26,B,9000,0.0284717
RE-1/3/26,C,9000,0.0206627
RE-2/2/26,A,9000,0.0893198
RE-2/2/26,B,9000,0.0825752
RE-2/2/26,C,9000,0.0621807
RE-2/2/27,A,9000,0.223532
RE-2/2/27,B,9000,0.850219
RE-2/2/27,C,9000,0.340162
RE-2/2/28,A,9000,0.132505
RE-2/2/28,B,9000,0.123338
RE-2/2/28,C,9000,0.158453
RE-2/3/26,A,9000,0.0746911
RE-2/3/26,B,9000,0.0736133
RE-2/3/26,C,9000,0.103466
RE-2/3/27,A,9000,0.082998
RE-2/3/27,B,9000,0.0749327
RE-2/3/27,C,9000,0.206775
RE-2/3/28,A,9000,0.0671123
RE-2/3/28,B,9000,0.075287
RE-2/3/28,C,9000,0.0578378
RE-1/3/34,A,9000,0.0355335
RE-1/3/34,B,9000,0.0465244
RE-1/3/34,C,9000,0.0266049
RE-1/2/36,A,9000,0.0342692
RE-1/2/36,B,9000,0.0286885
RE-1/2/36,C,9000,0.0183517
RE-1/2/1,A,9000,0.0526586
RE-1/2/1,B,9000,0.0402415
RE-1/2/1,C,9000,0.0359746
RE-1/2/2,A,9000,0.0361598
RE-1/2/2,B,9000,0.0223992
RE-1/2/2,C,9000,0.0358499
RE-1/3/36,A,9000,0.0574571
RE-1/3/36,B,9000,0.0532965
RE-1/3/36,C,9000,0.0419289
RE-1/3/1,A,9000,0.0232411
RE-1/3/1,B,9000,0.0323628
RE-1/3/1,C,9000,0.0230912
RE-1/3/2,A,9000,0.01645
RE-1/3/2,B,9000,0.0124421
RE-1/3/2,C,9000,0.00963354
RE-2/2/2,A,9000,0.0596458
RE-2/2/2,B,9000,0.091212
RE-2/2/2,C,9000,0.0576262
RE-2/2/3,A,9000,0.0683328
RE-2/2/3,B,9000,0.0874641
RE-2/2/3,C,9000,0.126251
RE-2/2/4,A,9000,0.0469268
RE-2/2/4,B,9000,0.0892398
RE-2/2/4,C,9000,0.0895002
RE-2/3/2,A,9000,0.0594908
RE-2/3/2,B,9000,0.0731158
RE-2/3/2,C,9000,0.0681378
RE-2/3/3,A,9000,0.116046
RE-2/3/3,B,9000,0.10586
RE-2/3/3,C,9000,0.125629
RE-2/3/4,A,9000,0.0974583
RE-2/3/4,B,9000,0.110334
RE-2/3/4,C,9000,0.0905988
RE-1/2/3,A,9000,0.0288891
RE-1/2/3,B,9000,0.0427529
RE-1/2/3,C,9000,0.0376797
RE-1/2/4,A,9000,0.0250131
RE-1/2/4,B,9000,0.0256393
RE-1/2/4,C,9000,0.0249638
RE-1/2/5,A,9000,0.261982
RE-1/2/5,B,9000,0.0526919
RE-1/2/5,C,9000,0.0913015
RE-1/3/3,A,9000,0.0414116
RE-1/3/3,B,9000,0.0421371
RE-1/3/3,C,9000,0.0262337
RE-1/3/4,A,9000,0.131098
RE-1/3/4,B,9000,0.0634313
RE-1/3/4,C,9000,0.054003
RE-1/3/5,A,9000,0.0137413
RE-1/3/5,B,9000,0.0141884
RE-1/3/5,C,9000,0.0155884
RE-2/2/5,A,9000,0.0380575
RE-2/2/5,B,9000,0.0571486
RE-2/2/5,C,9000,0.0561076
RE-2/2/6,A,9000,0.0879501
RE-2/2/6,B,9000,0.065253
RE-2/2/6,C,9000,0.124589
RE-2/2/7,A,9000,0.108544
RE-2/2/7,B,9000,0.102921
RE-2/2/7,C,9000,0.0452821
RE-2/3/5,A,9000,0.102874
RE-2/3/5,B,9000,0.0554706
RE-2/3/5,C,9000,0.0582873
RE-2/3/6,A,9000,0.0568494
RE-2/3/6,B,9000,0.0950708
RE-2/3/6,C,9000,0.0721857
RE-2/3/7,A,9000,2.95632
RE-2/3/7,B,9000,0.0796945
RE-2/3/7,C,9000,0.0706038
RE-1/2/6,A,9000,0.0658222
RE-1/2/6,B,9000,0.0931185
RE-1/2/6,C,9000,0.0301765
RE-1/2/7,A,9000,0.0435265
RE-1/2/7,B,9000,0.044042
RE-1/2/7,C,9000,0.0272444
RE-1/2/8,A,9000,0.0882007
RE-1/2/8,B,9000,0.109953
RE-1/2/8,C,9000,0.0908327
RE-1/3/6,A,9000,0.0325232
RE-1/3/6,B,9000,0.0283396
RE-1/3/6,C,9000,0.0136049
RE-1/3/7,A,9000,0.0579053
RE-1/3/7,B,9000,0.0769459
RE-1/3/7,C,9000,0.0734897
RE-1/3/8,A,9000,0.024416
RE-1/3/8,B,9000,0.0118946
RE-1/3/8,C,9000,0.00819918
RE-2/2/8,A,9000,0.0667288
RE-2/2/8,B,9000,0.090365
RE-2/2/8,C,9000,0.0338012
RE-2/2/9,A,9000,0.0554698
RE-2/2/9,B,9000,0.0642511
RE-2/2/9,C,9000,0.0703996
RE-2/2/10,A,9000,0.0771418
RE-2/2/10,B,9000,0.0844785
RE-2/2/10,C,9000,0.121343
RE-2/3/8,A,9000,0.0534406
RE-2/3/8,B,9000,0.0693637
RE-2/3/8,C,9000,0.0481414
RE-2/3/9,A,9000,0.0618764
RE-2/3/9,B,9000,0.0776996
RE-2/3/9,C,9000,0.0682373
RE-2/3/10,A,9000,0.0878904
RE-2/3/10,B,9000,0.103592
RE-2/3/10,C,9000,0.0827506
RE-1/2/27,A,9000,0.0242471
RE-1/2/27,B,9000,0.040087
RE-1/2/27,C,9000,0.06214
RE-1/2/28,A,9000,0.016726
RE-1/2/28,B,9000,0.0142626
RE-1/2/28,C,9000,0.0117184
RE-1/2/29,A,9000,0.0187289
RE-1/2/29,B,9000,0.0156385
RE-1/2/29,C,9000,0.0134153
RE-1/3/27,A,9000,0.0708639
RE-1/3/27,B,9000,0.0825308
RE-1/3/27,C,9000,0.045204
RE-1/3/28,A,9000,0.0492209
RE-1/3/28,B,9000,0.0309747
RE-1/3/28,C,9000,0.0170127
RE-1/3/29,A,9000,0.117615
RE-1/3/29,B,9000,0.0560761
RE-1/3/29,C,9000,0.0643233
RE-2/2/29,A,9000,0.0442787
RE-2/2/29,B,9000,0.056465
RE-2/2/29,C,9000,0.0508379
RE-2/2/30,A,9000,0.0874751
RE-2/2/30,B,9000,0.0881508
RE-2/2/30,C,9000,0.0567702
RE-2/2/31,A,9000,0.0640266
RE-2/2/31,B,9000,0.0544032
RE-2/2/31,C,9000,0.0532245
RE-2/3/29,A,9000,0.0714655
RE-2/3/29,B,9000,0.100979
RE-2/3/29,C,9000,0.0371264
RE-2/3/30,A,9000,0.0530154
RE-2/3/30,B,9000,0.0753245
RE-2/3/30,C,9000,0.0860101
RE-2/3/31,A,9000,0.0660827
RE-2/3/31,B,9000,0.0882411
RE-2/3/31,C,9000,0.0791781
RE-1/2/30,A,9000,0.0287289
RE-1/2/30,B,9000,0.11872
RE-1/2/30,C,9000,0.0444134
RE-1/2/31,A,9000,0.00666934
RE-1/2/31,B,9000,0.0106667
RE-1/2/31,C,9000,0.00408296
RE-1/2/32,A,9000,0.10477
RE-1/2/32,B,9000,0.0871811
RE-1/2/32,C,9000,0.0191879
RE-1/3/30,A,9000,0.0466953
RE-1/3/30,B,9000,0.0315979
RE-1/3/30,C,9000,0.0461058
RE-1/3/31,A,9000,0.0733233
RE-1/3/31,B,9000,0.0896039
RE-1/3/31,C,9000,0.0610966
RE-1/3/32,A,9000,0.0206597
RE-1/3/32,B,9000,0.0174709
RE-1/3/32,C,9000,0.0253535
RE-2/2/32,A,9000,0.0407073
RE-2/2/32,B,9000,0.0553562
RE-2/2/32,C,9000,0.0452749
RE-2/2/33,A,9000,0.064997
RE-2/2/33,B,9000,0.078334
RE-2/2/33,C,9000,0.101438
RE-2/2/34,A,9000,0.0654109
RE-2/2/34,B,9000,0.107967
RE-2/2/34,C,9000,0.0856264
RE-2/3/32,A,9000,0.0615828
RE-2/3/32,B,9000,0.0556991
RE-2/3/32,C,9000,0.0562379
RE-2/3/33,A,9000,0.0816004
RE-2/3/33,B,9000,0.129904
RE-2/3/33,C,9000,0.0884124
RE-2/3/34,A,9000,0.0704062
RE-2/3/34,B,9000,0.064135
RE-2/3/34,C,9000,0.0688164
RE-1/2/33,A,9000,0.0250584
RE-1/2/33,B,9000,0.0293824
RE-1/2/33,C,9000,0.0347535
RE-1/2/34,A,9000,0.0209917
RE-1/2/34,B,9000,0.0365898
RE-1/2/34,C,9000,0.0215475
RE-1/2/35,A,9000,0.0217139
RE-1/2/35,B,9000,0.0262942
RE-1/2/35,C,9000,0.0509715
RE-1/3/33,A,9000,0.0364025
RE-1/3/33,B,9000,0.0471762
RE-1/3/33,C,9000,0.0317011
RE-1/3/35,A,9000,0.0141433
RE-1/3/35,B,9000,0.0178219
RE-1/3/35,C,9000,0.0197163
RE-2/2/35,A,9000,0.0742546
RE-2/2/35,B,9000,0.0700773
RE-2/2/35,C,9000,0.0411735
RE-2/2/36,A,9000,0.0902324
RE-2/2/36,B,9000,0.107426
RE-2/2/36,C,9000,0.0680319
RE-2/2/1,A,9000,0.078825
RE-2/2/1,B,9000,0.0822469
RE-2/2/1,C,9000,0.0859063
RE-2/3/35,A,9000,0.0667296
RE-2/3/35,B,9000,0.0845695
RE-2/3/35,C,9000,0.0619211
RE-2/3/36,A,9000,0.0588345
RE-2/3/36,B,9000,0.0584603
RE-2/3/36,C,9000,0.0724753
RE-2/3/1,A,9000,0.0678914
RE-2/3/1,B,9000,0.0685791
RE-2/3/1,C,9000,0.0712471
RE-3/3/22,A,9000,0.0181139
RE-3/3/22,B,9000,0.0164127
RE-3/3/22,C,9000,0.0103128
RE-4/2/9,A,9000,0.0397801
RE-4/2/9,B,9000,0.0231531
RE-4/2/9,C,9000,0.0147108
RE-4/2/10,A,9000,0.0195156
RE-4/2/10,B,9000,0.0245309
RE-4/2/10,C,9000,0.0194958
RE-4/2/11,A,9000,0.0349494
RE-4/2/11,B,9000,0.0468604
RE-4/2/11,C,9000,0.0213804
RE-4/3/9,A,9000,0.0209569
RE-4/3/9,B,9000,0.0321303
RE-4/3/9,C,9000,0.0319329
RE-4/3/10,A,9000,0.0273296
RE-4/3/10,B,9000,0.0235985
RE-4/3/10,C,9000,0.0210713
RE-4/3/11,A,9000,0.0238178
RE-4/3/11,B,9000,0.103103
RE-4/3/11,C,9000,0.0129381
RE-4/2/12,A,9000,0.0214489
RE-4/2/12,B,9000,0.0210172
RE-4/2/12,C,9000,0.009546
RE-4/2/13,A,9000,0.0403187
RE-4/2/13,B,9000,0.0284269
RE-4/2/13,C,9000,0.0317779
RE-4/2/14,A,9000,0.067877
RE-4/2/14,B,9000,0.0288757
RE-4/2/14,C,9000,0.0190234
RE-4/3/12,A,9000,0.0193738
RE-4/3/12,B,9000,0.0290963
RE-4/3/12,C,9000,0.0156077
RE-4/3/13,A,9000,0.015114
RE-4/3/13,B,9000,0.0176764
RE-4/3/13,C,9000,0.0153137
RE-4/3/14,A,9000,0.0387301
RE-4/3/14,B,9000,0.0465712
RE-4/3/14,C,9000,0.0268602
RE-4/2/15,A,9000,0.0182129
RE-4/2/15,B,9000,0.0208646
RE-4/2/15,C,9000,0.0125156
RE-4/2/16,A,9000,0.0182963
RE-4/2/16,B,9000,0.0226123
RE-4/2/16,C,9000,0.019442
RE-4/2/17,A,9000,0.0236136
RE-4/2/17,B,9000,0.0399759
RE-4/2/17,C,9000,0.0390216
RE-4/3/15,A,9000,0.0113469
RE-4/3/15,B,9000,0.0294796
RE-4/3/15,C,9000,0.0155353
RE-4/3/16,A,9000,0.0467594
RE-4/3/16,B,9000,0.0295438
RE-4/3/16,C,9000,0.0431926
RE-4/3/17,A,9000,0.0219745
RE-4/3/17,B,9000,0.026665
RE-4/3/17,C,9000,0.0434034
RE-4/2/18,A,9000,0.0156977
RE-4/2/18,B,9000,0.0119728
RE-4/2/18,C,9000,0.0158935
RE-4/2/19,A,9000,0.0239941
RE-4/2/19,B,9000,0.0405877
RE-4/2/19,C,9000,0.0213224
RE-4/2/20,A,9000,0.0424967
RE-4/2/20,B,9000,0.0395522
RE-4/2/20,C,9000,0.0281428
RE-4/3/18,A,9000,0.0200378
RE-4/3/18,B,9000,0.0115422
RE-4/3/18,C,9000,0.0106381
RE-4/3/19,A,9000,0.0246998
RE-4/3/19,B,9000,0.0729087
RE-4/3/19,C,9000,0.0478404
RE-4/3/20,A,9000,0.0399504
RE-4/3/20,B,9000,0.0294838
RE-4/3/20,C,9000,0.022381
RE-4/2/21,A,9000,0.0440522
RE-4/2/21,B,9000,0.0283719
RE-4/2/21,C,9000,0.0375432
RE-4/2/22,A,9000,0.011482
RE-4/2/22,B,9000,0.00745003
RE-4/2/22,C,9000,0.00435188
RE-4/2/23,A,9000,0.0269341
RE-4/2/23,B,9000,0.0214973
RE-4/2/23,C,9000,0.0266078
RE-4/3/21,A,9000,0.0246095
RE-4/3/21,B,9000,0.0544003
RE-4/3/21,C,9000,0.386562
RE-4/3/22,A,9000,0.0450345
RE-4/3/22,B,9000,0.0177981
RE-4/3/22,C,9000,0.0167382
RE-4/3/23,A,9000,0.236931
RE-4/3/23,B,9000,0.0674215
RE-4/3/23,C,9000,0.0194855
RE-4/2/24,A,9000,0.0263437
RE-4/2/24,B,9000,0.027156
RE-4/2/24,C,9000,0.0189551
RE-4/2/25,A,9000,0.037228
RE-4/2/25,B,9000,0.0245445
RE-4/2/25,C,9000,0.0241139
RE-4/2/26,A,9000,0.0320588
RE-4/2/26,B,9000,0.0280133
RE-4/2/26,C,9000,0.0328312
RE-4/3/24,A,9000,0.0178502
RE-4/3/24,B,9000,0.0915986
RE-4/3/24,C,9000,0.0216289
RE-4/3/25,A,9000,0.012818
RE-4/3/25,B,9000,0.043262
RE-4/3/25,C,9000,0.0349546
RE-4/3/26,A,9000,0.208904
RE-4/3/26,B,9000,0.0391983
RE-4/3/26,C,9000,0.0382594
RE-3/2/9,A,9000,0.0303942
RE-3/2/9,B,9000,0.0408088
RE-3/2/9,C,9000,0.0384567
RE-3/2/10,A,9000,0.0718783
RE-3/2/10,B,9000,0.0739313
RE-3/2/10,C,9000,0.0333995
RE-3/2/11,A,9000,0.0346862
RE-3/2/11,B,9000,0.0482355
RE-3/2/11,C,9000,0.052238
RE-3/3/9,A,9000,0.0276799
RE-3/3/9,B,9000,0.0386662
RE-3/3/9,C,9000,0.017311
RE-3/3/10,A,9000,0.0273477
RE-3/3/10,B,9000,0.0430366
RE-3/3/10,C,9000,0.033321
RE-3/3/11,A,9000,0.0326005
RE-3/3/11,B,9000,0.0411232
RE-3/3/11,C,9000,0.0265966
RE-3/2/12,A,9000,0.0295227
RE-3/2/12,B,9000,0.0571628
RE-3/2/12,C,9000,0.0304147
RE-3/2/13,A,9000,0.0388522
RE-3/2/13,B,9000,0.0438167
RE-3/2/13,C,9000,0.0366721
RE-3/2/14,A,9000,0.0461227
RE-3/2/14,B,9000,0.031017
RE-3/2/14,C,9000,0.174601
RE-3/3/12,A,9000,0.0291983
RE-3/3/12,B,9000,0.0401781
RE-3/3/12,C,9000,0.027611
RE-3/3/13,A,9000,0.0256806
RE-3/3/13,B,9000,0.0406536
RE-3/3/13,C,9000,0.0389275
RE-3/3/14,A,9000,0.024142
RE-3/3/14,B,9000,0.0425499
RE-3/3/14,C,9000,0.0321783
RE-3/2/15,A,9000,0.0353884
RE-3/2/15,B,9000,0.0327536
RE-3/2/15,C,9000,0.0214066
RE-3/2/16,A,9000,0.0296041
RE-3/2/16,B,9000,0.0537497
RE-3/2/16,C,9000,0.0709157
RE-3/2/17,A,9000,0.0122398
RE-3/2/17,B,9000,0.0291584
RE-3/2/17,C,9000,0.0164276
RE-3/3/15,A,9000,0.0600703
RE-3/3/15,B,9000,0.105626
RE-3/3/15,C,9000,0.061005
RE-3/3/16,A,9000,0.0350499
RE-3/3/16,B,9000,0.0558406
RE-3/3/16,C,9000,0.0537032
RE-3/3/17,A,9000,0.0446228
RE-3/3/17,B,9000,0.0401354
RE-3/3/17,C,9000,0.037643
RE-3/2/18,A,9000,0.0283656
RE-3/2/18,B,9000,0.0285365
RE-3/2/18,C,9000,0.0225493
RE-3/2/19,A,9000,0.0341286
RE-3/2/19,B,9000,0.0321929
RE-3/2/19,C,9000,0.0409527
RE-3/2/20,A,9000,0.0468328
RE-3/2/20,B,9000,0.0580866
RE-3/2/20,C,9000,0.0566498
RE-3/3/18,A,9000,0.0267177
RE-3/3/18,B,9000,0.0395786
RE-3/3/18,C,9000,0.0232093
RE-3/3/19,A,9000,0.0539822
RE-3/3/19,B,9000,0.0406445
RE-3/3/19,C,9000,0.0397468
RE-3/3/20,A,9000,0.0281791
RE-3/3/20,B,9000,0.037239
RE-3/3/20,C,9000,0.020461
RE-3/2/21,A,9000,0.0431638
RE-3/2/21,B,9000,0.0428734
RE-3/2/21,C,9000,0.0456124
RE-3/2/22,A,9000,0.0199032
RE-3/2/22,B,9000,0.0467348
RE-3/2/22,C,9000,0.0380993
RE-3/2/23,A,9000,0.0262921
RE-3/2/23,B,9000,0.0461193
RE-3/2/23,C,9000,0.0327441
RE-3/3/21,A,9000,0.0301376
RE-3/3/21,B,9000,0.0384759
RE-3/3/21,C,9000,0.019625
RE-3/3/23,A,9000,0.0169638
RE-3/3/23,B,9000,0.020075
RE-3/3/23,C,9000,0.022539
RE-3/2/24,A,9000,0.0178389
RE-3/2/24,B,9000,0.0223428
RE-3/2/24,C,9000,0.0183682
RE-3/2/25,A,9000,0.022776
RE-3/2/25,B,9000,0.0209305
RE-3/2/25,C,9000,0.0183487
RE-3/2/26,A,9000,0.0236236
RE-3/2/26,B,9000,0.0342837
RE-3/2/26,C,9000,0.0400401
RE-3/3/24,A,9000,0.0198946
RE-3/3/24,B,9000,0.0267161
RE-3/3/24,C,9000,0.0243575
RE-3/3/25,A,9000,0.02158
RE-3/3/25,B,9000,0.0232034
RE-3/3/25,C,9000,0.020261
RE-3/3/26,A,9000,0.0552425
RE-3/3/26,B,9000,0.0807881
RE-3/3/26,C,9000,0.046156
RE-3/3/28,A,9000,0.0210507
RE-3/3/28,B,9000,0.0166784
RE-3/3/28,C,9000,0.0191656
RE-4/2/33,A,9000,0.019988
RE-4/2/33,B,9000,0.0147228
RE-4/2/33,C,9000,0.0114371
RE-4/2/34,A,9000,0.0357647
RE-4/2/34,B,9000,0.0323718
RE-4/2/34,C,9000,0.0293077
RE-4/2/35,A,9000,0.213546
RE-4/2/35,B,9000,0.0447102
RE-4/2/35,C,9000,0.119928
RE-4/3/33,A,9000,0.0155422
RE-4/3/33,B,9000,0.019031
RE-4/3/33,C,9000,0.0242367
RE-4/3/34,A,9000,0.0216655
RE-4/3/34,B,9000,0.0246042
RE-4/3/34,C,9000,0.025991
RE-4/3/35,A,9000,0.0293851
RE-4/3/35,B,9000,0.121871
RE-4/3/35,C,9000,2.47144
RE-4/2/36,A,9000,0.082947
RE-4/2/36,B,9000,0.423911
RE-4/2/36,C,9000,0.0788962
RE-4/2/1,A,9000,0.0357644
RE-4/2/1,B,9000,0.0289423
RE-4/2/1,C,9000,0.018771
RE-4/2/2,A,9000,0.032913
RE-4/2/2,B,9000,0.0491165
RE-4/2/2,C,9000,0.0401067
RE-4/3/36,A,9000,0.0295191
RE-4/3/36,B,9000,0.172753
RE-4/3/36,C,9000,0.139183
RE-4/3/1,A,9000,0.0161631
RE-4/3/1,B,9000,0.0259829
RE-4/3/1,C,9000,0.0306814
RE-4/3/2,A,9000,0.285615
RE-4/3/2,B,9000,0.0221805
RE-4/3/2,C,9000,0.0223861
RE-4/2/3,A,9000,0.0533313
RE-4/2/3,B,9000,0.0322986
RE-4/2/3,C,9000,0.0279909
RE-4/2/4,A,9000,0.0678237
RE-4/2/4,B,9000,0.0858012
RE-4/2/4,C,9000,0.483035
RE-4/2/5,A,9000,0.0164013
RE-4/2/5,B,9000,0.0230844
RE-4/2/5,C,9000,0.0204292
RE-4/3/3,A,9000,0.0141307
RE-4/3/3,B,9000,0.0361564
RE-4/3/3,C,9000,0.069881
RE-4/3/4,A,9000,0.0260783
RE-4/3/4,B,9000,0.0190117
RE-4/3/4,C,9000,0.0371426
RE-4/3/5,A,9000,0.00842142
RE-4/3/5,B,9000,0.0174075
RE-4/3/5,C,9000,0.0140482
RE-4/2/6,A,9000,0.0239389
RE-4/2/6,B,9000,0.158481
RE-4/2/6,C,9000,0.0142362
RE-4/2/7,A,9000,0.0692175
RE-4/2/7,B,9000,0.0261705
RE-4/2/7,C,9000,0.0165592
RE-4/2/8,A,9000,0.259972
RE-4/2/8,B,9000,0.152768
RE-4/2/8,C,9000,0.120966
RE-4/3/6,A,9000,0.018749
RE-4/3/6,B,9000,0.0197183
RE-4/3/6,C,9000,0.0191341
RE-4/3/7,A,9000,0.0279206
RE-4/3/7,B,9000,0.044547
RE-4/3/7,C,9000,0.0422311
RE-4/3/8,A,9000,0.178789
RE-4/3/8,B,9000,0.334219
RE-4/3/8,C,9000,0.256035
RE-4/2/27,A,9000,0.0182946
RE-4/2/27,B,9000,2.75478
RE-4/2/27,C,9000,0.0107804
RE-4/2/28,A,9000,0.0515799
RE-4/2/28,B,9000,0.0225142
RE-4/2/28,C,9000,0.0359304
RE-4/2/29,A,9000,0.761695
RE-4/2/29,B,9000,0.028241
RE-4/2/29,C,9000,0.0201325
RE-4/3/27,A,9000,0.0185029
RE-4/3/27,B,9000,0.0470995
RE-4/3/27,C,9000,0.0379744
RE-4/3/28,A,9000,0.0142089
RE-4/3/28,B,9000,0.0312289
RE-4/3/28,C,9000,0.0274895
RE-4/3/29,A,9000,0.0121082
RE-4/3/29,B,9000,0.278827
RE-4/3/29,C,9000,0.0300292
RE-4/2/30,A,9000,0.0362096
RE-4/2/30,B,9000,0.0401937
RE-4/2/30,C,9000,0.0315043
RE-4/2/31,A,9000,0.0301946
RE-4/2/31,B,9000,0.0147721
RE-4/2/31,C,9000,0.0129972
RE-4/2/32,A,9000,0.0358764
RE-4/2/32,B,9000,0.0431057
RE-4/2/32,C,9000,0.0296225
RE-4/3/30,A,9000,3.55536
RE-4/3/30,B,9000,0.0135294
RE-4/3/30,C,9000,0.0131613
RE-4/3/31,A,9000,0.0136312
RE-4/3/31,B,9000,0.0374061
RE-4/3/31,C,9000,0.0306604
RE-4/3/32,A,9000,0.0167412
RE-4/3/32,B,9000,0.0260401
RE-4/3/32,C,9000,0.0241892
RE-3/2/33,A,9000,0.029034
RE-3/2/33,B,9000,0.0829035
RE-3/2/33,C,9000,0.0489805
RE-3/2/34,A,9000,0.0175183
RE-3/2/34,B,9000,0.0298448
RE-3/2/34,C,9000,0.0229327
RE-3/2/35,A,9000,0
RE-3/2/35,B,9000,0
RE-3/2/35,C,9000,0
RE-3/3/33,A,9000,0.022068
RE-3/3/33,B,9000,0.0423601
RE-3/3/33,C,9000,0.0225969
RE-3/3/34,A,9000,0.0456308
RE-3/3/34,B,9000,0.0328737
RE-3/3/34,C,9000,0.0214605
RE-3/3/35,A,9000,0
RE-3/3/35,B,9000,0
RE-3/3/35,C,9000,0
RE-3/2/36,A,9000,0.0615828
RE-3/2/36,B,9000,0.0706002
RE-3/2/36,C,9000,0.0896776
RE-3/2/1,A,9000,0.0348316
RE-3/2/1,B,9000,0.147914
RE-3/2/1,C,9000,0.0368615
RE-3/2/2,A,9000,0.0257879
RE-3/2/2,B,9000,0.0249417
RE-3/2/2,C,9000,0.0236502
RE-3/3/36,A,9000,0.0208451
RE-3/3/36,B,9000,0.0336192
RE-3/3/36,C,9000,0.017364
RE-3/3/1,A,9000,0.0184526
RE-3/3/1,B,9000,0.0171652
RE-3/3/1,C,9000,0.0355286
RE-3/3/2,A,9000,0.0212561
RE-3/3/2,B,9000,0.027574
RE-3/3/2,C,9000,0.0189729
RE-3/2/3,A,9000,0.0353705
RE-3/2/3,B,9000,0.0397348
RE-3/2/3,C,9000,0.0358466
RE-3/2/4,A,9000,0.022775
RE-3/2/4,B,9000,0.029051
RE-3/2/4,C,9000,0.0145586
RE-3/2/5,A,9000,0.0291682
RE-3/2/5,B,9000,0.0325294
RE-3/2/5,C,9000,0.0381195
RE-3/3/3,A,9000,0.0328037
RE-3/3/3,B,9000,0.0368972
RE-3/3/3,C,9000,0.0272239
RE-3/3/4,A,9000,0.0239407
RE-3/3/4,B,9000,0.0359589
RE-3/3/4,C,9000,0.0287238
RE-3/3/5,A,9000,0.0247964
RE-3/3/5,B,9000,0.0267657
RE-3/3/5,C,9000,0.0425302
RE-3/2/6,A,9000,0.0357415
RE-3/2/6,B,9000,0.0363399
RE-3/2/6,C,9000,0.0352836
RE-3/2/7,A,9000,0.0446067
RE-3/2/7,B,9000,0.0478476
RE-3/2/7,C,9000,0.051902
RE-3/2/8,A,9000,0.109008
RE-3/2/8,B,9000,0.0580795
RE-3/2/8,C,9000,0.0399556
RE-3/3/6,A,9000,0.043034
RE-3/3/6,B,9000,0.0418954
RE-3/3/6,C,9000,0.0427195
RE-3/3/7,A,9000,0.0208855
RE-3/3/7,B,9000,0.0395895
RE-3/3/7,C,9000,0.0267637
RE-3/3/8,A,9000,0.0333184
RE-3/3/8,B,9000,0.049217
RE-3/3/8,C,9000,0.0331854
RE-3/2/27,A,9000,0.0462708
RE-3/2/27,B,9000,0.0449316
RE-3/2/27,C,9000,0.0287643
RE-3/2/28,A,9000,0.0204651
RE-3/2/28,B,9000,0.0210391
RE-3/2/28,C,9000,0.0184042
RE-3/2/29,A,9000,0.0325499
RE-3/2/29,B,9000,0.0392309
RE-3/2/29,C,9000,0.0331282
RE-3/3/27,A,9000,0.0228996
RE-3/3/27,B,9000,0.0535541
RE-3/3/27,C,9000,0.0485278
RE-3/3/29,A,9000,0.0210481
RE-3/3/29,B,9000,0.0428583
RE-3/3/29,C,9000,0.0347992
RE-3/2/30,A,9000,0.0200883
RE-3/2/30,B,9000,0.0278455
RE-3/2/30,C,9000,0.025921
RE-3/2/31,A,9000,0.0174541
RE-3/2/31,B,9000,0.033821
RE-3/2/31,C,9000,0.0238309
RE-3/2/32,A,9000,0.0126178
RE-3/2/32,B,9000,0.0176193
RE-3/2/32,C,9000,0.0122321
RE-3/3/30,A,9000,0.0270618
RE-3/3/30,B,9000,0.0432451
RE-3/3/30,C,9000,0.0223332
RE-3/3/31,A,9000,0.0597407
RE-3/3/31,B,9000,0.0754273
RE-3/3/31,C,9000,0.114175
RE-3/3/32,A,9000,0.0254059
RE-3/3/32,B,9000,0.0265882
RE-3/3/32,C,9000,0.0197994
RE+1/3/25,A,9000,2.03276e-05
RE+1/3/25,B,9000,4.6157e-06
RE+1/3/25,C,9000,2.98263e-05
RE+1/2/9,A,9000,0.0177565
RE+1/2/9,B,9000,0.0297026
RE+1/2/9,C,9000,0.0146219
RE+1/2/10,A,9000,0.655002
RE+1/2/10,B,9000,0.343643
RE+1/2/10,C,9000,0.0754277
RE+1/2/11,A,9000,0.194569
RE+1/2/11,B,9000,0.324343
RE+1/2/11,C,9000,0.0891413
RE+1/3/9,A,9000,0.0981912
RE+1/3/9,B,9000,0.0591677
RE+1/3/9,C,9000,0.0653013
RE+1/3/10,A,9000,0.0181469
RE+1/3/10,B,9000,0.0209604
RE+1/3/10,C,9000,0.0154771
RE+1/3/11,A,9000,0.0994523
RE+1/3/11,B,9000,0.0634956
RE+1/3/11,C,9000,0.0298339
RE+2/2/11,A,9000,0.129637
RE+2/2/11,B,9000,0.0712207
RE+2/2/11,C,9000,0.130099
RE+2/2/12,A,9000,0.0560156
RE+2/2/12,B,9000,0.0348079
RE+2/2/12,C,9000,0.0303158
RE+2/2/13,A,9000,0.0487025
RE+2/2/13,B,9000,0.0507941
RE+2/2/13,C,9000,0.0930577
RE+2/3/11,A,9000,0.0265693
RE+2/3/11,B,9000,0.0468495
RE+2/3/11,C,9000,0.0653837
RE+2/3/12,A,9000,0.0463528
RE+2/3/12,B,9000,0.0280539
RE+2/3/12,C,9000,0.0477099
RE+2/3/13,A,9000,0.348847
RE+2/3/13,B,9000,0.0672984
RE+2/3/13,C,9000,0.0482197
RE+1/2/12,A,9000,0.116083
RE+1/2/12,B,9000,0.14376
RE+1/2/12,C,9000,0.194582
RE+1/2/13,A,9000,0.0347707
RE+1/2/13,B,9000,0.0479512
RE+1/2/13,C,9000,0.0271414
RE+1/2/14,A,9000,0.413296
RE+1/2/14,B,9000,0.296718
RE+1/2/14,C,9000,0.249333
RE+1/3/12,A,9000,0.0343208
RE+1/3/12,B,9000,0.0486462
RE+1/3/12,C,9000,0.0340481
RE+1/3/13,A,9000,0.126155
RE+1/3/13,B,9000,0.101963
RE+1/3/13,C,9000,0.0743255
RE+1/3/14,A,9000,0.0332308
RE+1/3/14,B,9000,0.0326086
RE+1/3/14,C,9000,0.0217417
RE+2/2/14,A,9000,0.0541224
RE+2/2/14,B,9000,0.109251
RE+2/2/14,C,9000,0.0956982
RE+2/2/15,A,9000,0.0397963
RE+2/2/15,B,9000,0.0363514
RE+2/2/15,C,9000,0.0535509
RE+2/2/16,A,9000,0.0520954
RE+2/2/16,B,9000,0.0499907
RE+2/2/16,C,9000,0.0834235
RE+2/3/14,A,9000,0.913712
RE+2/3/14,B,9000,0.143999
RE+2/3/14,C,9000,0.0508213
RE+2/3/15,A,9000,0.0655496
RE+2/3/15,B,9000,0.0427434
RE+2/3/15,C,9000,0.0554138
RE+2/3/16,A,9000,0.0819492
RE+2/3/16,B,9000,0.0388532
RE+2/3/16,C,9000,0.0484209
RE+1/2/15,A,9000,0.0999001
RE+1/2/15,B,9000,0.182222
RE+1/2/15,C,9000,0.158438
RE+1/2/16,A,9000,0.470025
RE+1/2/16,B,9000,0.470908
RE+1/2/16,C,9000,0.229959
RE+1/2/17,A,9000,0.401785
RE+1/2/17,B,9000,0.314372
RE+1/2/17,C,9000,0.303985
RE+1/3/15,A,9000,0.0621088
RE+1/3/15,B,9000,0.067939
RE+1/3/15,C,9000,0.0495475
RE+1/3/16,A,9000,0.0469508
RE+1/3/16,B,9000,0.0465716
RE+1/3/16,C,9000,0.0383106
RE+1/3/17,A,9000,0.0914599
RE+1/3/17,B,9000,0.102187
RE+1/3/17,C,9000,0.0577205
RE+2/2/17,A,9000,0.0701061
RE+2/2/17,B,9000,0.130069
RE+2/2/17,C,9000,0.0499509
RE+2/2/18,A,9000,0.0494821
RE+2/2/18,B,9000,0.0695665
RE+2/2/18,C,9000,0.0588105
RE+2/2/19,A,9000,0.0581171
RE+2/2/19,B,9000,0.0522672
RE+2/2/19,C,9000,0.0541156
RE+2/3/17,A,9000,0.66564
RE+2/3/17,B,9000,0.19746
RE+2/3/17,C,9000,0.38802
RE+2/3/18,A,9000,0.106987
RE+2/3/18,B,9000,0.0879504
RE+2/3/18,C,9000,0.0549263
RE+2/3/19,A,9000,0.0445098
RE+2/3/19,B,9000,0.0494666
RE+2/3/19,C,9000,0.0596617
RE+1/2/18,A,9000,0.0990666
RE+1/2/18,B,9000,0.0263696
RE+1/2/18,C,9000,0.018356
RE+1/2/19,A,9000,0.0769343
RE+1/2/19,B,9000,0.151747
RE+1/2/19,C,9000,0.0785961
RE+1/2/20,A,9000,0.0405527
RE+1/2/20,B,9000,0.0680136
RE+1/2/20,C,9000,0.0263982
RE+1/3/18,A,9000,0.167955
RE+1/3/18,B,9000,0.0560833
RE+1/3/18,C,9000,0.0448496
RE+1/3/19,A,9000,0.0841102
RE+1/3/19,B,9000,0.0760889
RE+1/3/19,C,9000,0.0616415
RE+1/3/20,A,9000,0.149459
RE+1/3/20,B,9000,0.108531
RE+1/3/20,C,9000,0.0742644
RE+2/2/20,A,9000,0.0466095
RE+2/2/20,B,9000,0.0763898
RE+2/2/20,C,9000,0.0706709
RE+2/2/21,A,9000,0.0380532
RE+2/2/21,B,9000,0.049249
RE+2/2/21,C,9000,0.0499668
RE+2/2/22,A,9000,0.0449274
RE+2/2/22,B,9000,0.0621783
RE+2/2/22,C,9000,0.0874473
RE+2/3/20,A,9000,0.100283
RE+2/3/20,B,9000,0.11924
RE+2/3/20,C,9000,0.0827186
RE+2/3/21,A,9000,0.801929
RE+2/3/21,B,9000,0.438295
RE+2/3/21,C,9000,0.0689782
RE+2/3/22,A,9000,0.0906403
RE+2/3/22,B,9000,0.0184362
RE+2/3/22,C,9000,0.0332061
RE+1/2/21,A,9000,0.126285
RE+1/2/21,B,9000,0.157769
RE+1/2/21,C,9000,0.133976
RE+1/2/22,A,9000,0.185513
RE+1/2/22,B,9000,0.278252
RE+1/2/22,C,9000,0.0774306
RE+1/2/23,A,9000,0.405114
RE+1/2/23,B,9000,0.341507
RE+1/2/23,C,9000,0.246316
RE+1/3/21,A,9000,0.257277
RE+1/3/21,B,9000,0.175399
RE+1/3/21,C,9000,0.0560483
RE+1/3/22,A,9000,0.0160281
RE+1/3/22,B,9000,0.0368544
RE+1/3/22,C,9000,0.00940525
RE+1/3/23,A,9000,0.0786097
RE+1/3/23,B,9000,0.0678567
RE+1/3/23,C,9000,0.060426
RE+2/2/23,A,9000,0.0132672
RE+2/2/23,B,9000,0.0145414
RE+2/2/23,C,9000,0.00951428
RE+2/2/24,A,9000,0.0525316
RE+2/2/24,B,9000,0.0857161
RE+2/2/24,C,9000,0.0610347
RE+2/2/25,A,9000,0.0488682
RE+2/2/25,B,9000,0.0506503
RE+2/2/25,C,9000,0.0548426
RE+2/3/23,A,9000,0.0337245
RE+2/3/23,B,9000,0.0403909
RE+2/3/23,C,9000,0.0700348
RE+2/3/24,A,9000,0.332063
RE+2/3/24,B,9000,0.0316021
RE+2/3/24,C,9000,0.105479
RE+2/3/25,A,9000,0.225082
RE+2/3/25,B,9000,0.0339152
RE+2/3/25,C,9000,0.0273615
RE+1/2/24,A,9000,0.0224137
RE+1/2/24,B,9000,0.025785
RE+1/2/24,C,9000,0.0200969
RE+1/2/25,A,9000,0.198482
RE+1/2/25,B,9000,0.201239
RE+1/2/25,C,9000,0.109855
RE+1/2/26,A,9000,0.0147817
RE+1/2/26,B,9000,0.0176601
RE+1/2/26,C,9000,0.0275833
RE+1/3/24,A,9000,0.118288
RE+1/3/24,B,9000,0.0371064
RE+1/3/24,C,9000,0.0291922
RE+1/3/26,A,9000,0.186289
RE+1/3/26,B,9000,0.0696799
RE+1/3/26,C,9000,0.141344
RE+2/2/26,A,9000,0.0369026
RE+2/2/26,B,9000,0.072107
RE+2/2/26,C,9000,0.0723472
RE+2/2/27,A,9000,0.0218388
RE+2/2/27,B,9000,0.0127573
RE+2/2/27,C,9000,0.0106979
RE+2/2/28,A,9000,0.0974194
RE+2/2/28,B,9000,0.0436848
RE+2/2/28,C,9000,0.03539
RE+2/3/26,A,9000,0.176222
RE+2/3/26,B,9000,0.281594
RE+2/3/26,C,9000,0.0831982
RE+2/3/27,A,9000,0.586349
RE+2/3/27,B,9000,0.639211
RE+2/3/27,C,9000,0.0344528
RE+2/3/28,A,9000,0.102422
RE+2/3/28,B,9000,0.0395284
RE+2/3/28,C,9000,0.0346838
RE+1/2/33,A,9000,0.021714
RE+1/2/33,B,9000,0.0751618
RE+1/2/33,C,9000,0.0289212
RE+1/2/36,A,9000,0.0990418
RE+1/2/36,B,9000,0.14238
RE+1/2/36,C,9000,0.0482503
RE+1/2/1,A,9000,0.0458324
RE+1/2/1,B,9000,0.0278202
RE+1/2/1,C,9000,0.0190566
RE+1/2/2,A,9000,0.0221359
RE+1/2/2,B,9000,0.081499
RE+1/2/2,C,9000,0.046447
RE+1/3/36,A,9000,0.0870014
RE+1/3/36,B,9000,0.0811137
RE+1/3/36,C,9000,0.0367167
RE+1/3/1,A,9000,0.218744
RE+1/3/1,B,9000,0.0736512
RE+1/3/1,C,9000,0.0624226
RE+1/3/2,A,9000,0.1024
RE+1/3/2,B,9000,0.06454
RE+1/3/2,C,9000,0.0675103
RE+2/2/2,A,9000,0.040497
RE+2/2/2,B,9000,0.06573
RE+2/2/2,C,9000,0.0739788
RE+2/2/3,A,9000,0.0500217
RE+2/2/3,B,9000,0.216416
RE+2/2/3,C,9000,4.29602
RE+2/2/4,A,9000,0.0584982
RE+2/2/4,B,9000,0.0465125
RE+2/2/4,C,9000,0.0915145
RE+2/3/2,A,9000,0.0519741
RE+2/3/2,B,9000,0.0355078
RE+2/3/2,C,9000,0.0550958
RE+2/3/3,A,9000,0.0701592
RE+2/3/3,B,9000,0.0533521
RE+2/3/3,C,9000,0.0480049
RE+2/3/4,A,9000,0.0392765
RE+2/3/4,B,9000,0.0307889
RE+2/3/4,C,9000,0.0387293
RE+1/2/3,A,9000,0.0400857
RE+1/2/3,B,9000,0.0795588
RE+1/2/3,C,9000,0.0395427
RE+1/2/4,A,9000,0.311484
RE+1/2/4,B,9000,0.461828
RE+1/2/4,C,9000,0.135535
RE+1/2/5,A,9000,0.0992234
RE+1/2/5,B,9000,0.0622047
RE+1/2/5,C,9000,0.0274812
RE+1/3/3,A,9000,0.063492
RE+1/3/3,B,9000,0.0442458
RE+1/3/3,C,9000,0.0434094
RE+1/3/4,A,9000,0.0819447
RE+1/3/4,B,9000,0.0496382
RE+1/3/4,C,9000,0.0453138
RE+1/3/5,A,9000,0.234382
RE+1/3/5,B,9000,0.130932
RE+1/3/5,C,9000,0.0800977
RE+2/2/5,A,9000,0.0807558
RE+2/2/5,B,9000,0.0487606
RE+2/2/5,C,9000,0.0593843
RE+2/2/6,A,9000,0.0579387
RE+2/2/6,B,9000,0.0978563
RE+2/2/6,C,9000,0.0501408
RE+2/2/7,A,9000,0.0759601
RE+2/2/7,B,9000,0.0784026
RE+2/2/7,C,9000,0.0531295
RE+2/3/5,A,9000,0.350531
RE+2/3/5,B,9000,0.130405
RE+2/3/5,C,9000,0.0484653
RE+2/3/6,A,9000,0.0422924
RE+2/3/6,B,9000,0.0284178
RE+2/3/6,C,9000,0.0297965
RE+2/3/7,A,9000,0.0653793
RE+2/3/7,B,9000,0.0592499
RE+2/3/7,C,9000,0.070724
RE+1/1/3,E,9000,0
RE+1/1/3,F,9000,0
RE+1/1/3,A,9000,0.010766
RE+1/1/3,B,9000,0.0400808
RE+1/1/3,C,9000,0.0170581
RE+1/1/3,D,9000,0.198732
RE+1/1/4,E,9000,0
RE+1/1/4,F,9000,0
RE+1/1/4,A,9000,0.0245655
RE+1/1/4,B,9000,0.00742325
RE+1/1/4,C,9000,0.0192282
RE+1/1/4,D,9000,0.00745239
RE+1/2/6,A,9000,0.20744
RE+1/2/6,B,9000,0.291229
RE+1/2/6,C,9000,0.238161
RE+1/2/7,A,9000,0.0905401
RE+1/2/7,B,9000,0.187492
RE+1/2/7,C,9000,0.014499
RE+1/2/8,A,9000,0.0261944
RE+1/2/8,B,9000,0.0143855
RE+1/2/8,C,9000,0.0270439
RE+1/3/6,A,9000,0.0718658
RE+1/3/6,B,9000,0.052845
RE+1/3/6,C,9000,0.0451007
RE+1/3/7,A,9000,0.141704
RE+1/3/7,B,9000,0.0888211
RE+1/3/7,C,9000,0.0756838
RE+1/3/8,A,9000,0.15141
RE+1/3/8,B,9000,0.0935888
RE+1/3/8,C,9000,0.0584913
RE+1/1/1,E,9000,0
RE+1/1/1,F,9000,0
RE+1/1/1,A,9000,0.0224677
RE+1/1/1,B,9000,0.00728993
RE+1/1/1,C,9000,0.00870353
RE+1/1/1,D,9000,0.0029043
RE+1/1/2,E,9000,0
RE+1/1/2,F,9000,0
RE+1/1/2,A,9000,0.0512425
RE+1/1/2,B,9000,0.00586922
RE+1/1/2,C,9000,0.0124795
RE+1/1/2,D,9000,0.00589068
RE+2/2/8,A,9000,0.0748353
RE+2/2/8,B,9000,0.0615475
RE+2/2/8,C,9000,0.0608932
RE+2/2/9,A,9000,0.0731454
RE+2/2/9,B,9000,0.1029
RE+2/2/9,C,9000,0.120299
RE+2/2/10,A,9000,0.0728411
RE+2/2/10,B,9000,0.0774534
RE+2/2/10,C,9000,0.0765148
RE+2/3/8,A,9000,0.115439
RE+2/3/8,B,9000,0.116022
RE+2/3/8,C,9000,0.100633
RE+2/3/9,A,9000,0.0445316
RE+2/3/9,B,9000,0.0889021
RE+2/3/9,C,9000,0.145122
RE+2/3/10,A,9000,0.108068
RE+2/3/10,B,9000,0.070717
RE+2/3/10,C,9000,0.0728238
RE+1/2/27,A,9000,0.236041
RE+1/2/27,B,9000,0.434012
RE+1/2/27,C,9000,0.603144
RE+1/2/28,A,9000,0.082586
RE+1/2/28,B,9000,0.099371
RE+1/2/28,C,9000,0.04313
RE+1/2/29,A,9000,0.129831
RE+1/2/29,B,9000,0
RE+1/2/29,C,9000,0.091466
RE+1/3/27,A,9000,0.0831462
RE+1/3/27,B,9000,0.0513134
RE+1/3/27,C,9000,0.0676985
RE+1/3/28,A,9000,0.0584453
RE+1/3/28,B,9000,0.040263
RE+1/3/28,C,9000,0.019966
RE+1/3/29,A,9000,0.0681207
RE+1/3/29,B,9000,0.0344319
RE+1/3/29,C,9000,0.0359932
RE+2/2/29,A,9000,0.0662281
RE+2/2/29,B,9000,0.0488416
RE+2/2/29,C,9000,0.058506
RE+2/2/30,A,9000,0.0697376
RE+2/2/30,B,9000,0.0346379
RE+2/2/30,C,9000,0.0553339
RE+2/2/31,A,9000,0.0381646
RE+2/2/31,B,9000,0.0422184
RE+2/2/31,C,9000,0.0983039
RE+2/3/29,A,9000,0.29934
RE+2/3/29,B,9000,0.385278
RE+2/3/29,C,9000,0.0788564
RE+2/3/30,A,9000,0.777754
RE+2/3/30,B,9000,0.155499
RE+2/3/30,C,9000,0.0417639
RE+2/3/31,A,9000,0.147923
RE+2/3/31,B,9000,0.0326959
RE+2/3/31,C,9000,0.0262815
RE+1/2/30,A,9000,0.0180771
RE+1/2/30,B,9000,0.0212342
RE+1/2/30,C,9000,0.00825164
RE+1/2/31,A,9000,0.129989
RE+1/2/31,B,9000,0.132044
RE+1/2/31,C,9000,0.086183
RE+1/2/32,A,9000,0.00902156
RE+1/2/32,B,9000,0.00885521
RE+1/2/32,C,9000,0.0156567
RE+1/3/30,A,9000,0.0141221
RE+1/3/30,B,9000,0.0207694
RE+1/3/30,C,9000,0.012629
RE+1/3/31,A,9000,0.0330636
RE+1/3/31,B,9000,0.0565293
RE+1/3/31,C,9000,0.629843
RE+1/3/32,A,9000,0.278024
RE+1/3/32,B,9000,0.140964
RE+1/3/32,C,9000,0.0630696
RE+2/2/32,A,9000,0.064184
RE+2/2/32,B,9000,0.0566571
RE+2/2/32,C,9000,0.174754
RE+2/2/33,A,9000,0.0757096
RE+2/2/33,B,9000,0.0294391
RE+2/2/33,C,9000,0.0672926
RE+2/2/34,A,9000,0.0563774
RE+2/2/34,B,9000,0.0643635
RE+2/2/34,C,9000,0.0487216
RE+2/3/32,A,9000,0.217683
RE+2/3/32,B,9000,0.0842721
RE+2/3/32,C,9000,0.0772885
RE+2/3/33,A,9000,0.0368799
RE+2/3/33,B,9000,0.0423694
RE+2/3/33,C,9000,0.14686
RE+2/3/34,A,9000,0.0465077
RE+2/3/34,B,9000,0.0304122
RE+2/3/34,C,9000,0.0379174
RE+1/2/34,A,9000,0.205346
RE+1/2/34,B,9000,0.408985
RE+1/2/34,C,9000,0.142553
RE+1/2/35,A,9000,0
RE+1/2/35,B,9000,0.00990203
RE+1/2/35,C,9000,0
RE+1/3/33,A,9000,0.138219
RE+1/3/33,B,9000,0.0463576
RE+1/3/33,C,9000,0.0175545
RE+1/3/34,A,9000,0.0522681
RE+1/3/34,B,9000,0.0532453
RE+1/3/34,C,9000,0.0386929
RE+1/3/35,A,9000,0.0483372
RE+1/3/35,B,9000,0.0319883
RE+1/3/35,C,9000,0.0403537
RE+2/2/35,A,9000,0.0730821
RE+2/2/35,B,9000,0.0733241
RE+2/2/35,C,9000,0.0936809
RE+2/2/36,A,9000,0.0139173
RE+2/2/36,B,9000,0.00865279
RE+2/2/36,C,9000,0.00641812
RE+2/2/1,A,9000,0.0584632
RE+2/2/1,B,9000,0.184824
RE+2/2/1,C,9000,0.0337734
RE+2/3/35,A,9000,0.0884778
RE+2/3/35,B,9000,0.0415741
RE+2/3/35,C,9000,0.0291104
RE+2/3/36,A,9000,0.0502717
RE+2/3/36,B,9000,0.0616298
RE+2/3/36,C,9000,0.056457
RE+2/3/1,A,9000,0.0436396
RE+2/3/1,B,9000,0.0226383
RE+2/3/1,C,9000,0.0279245
RE+3/3/22,A,9000,0.152982
RE+3/3/22,B,9000,0.132164
RE+3/3/22,C,9000,0.0811624
RE+4/2/9,A,9000,0.0507094
RE+4/2/9,B,9000,0.0254238
RE+4/2/9,C,9000,0.0137649
RE+4/2/10,A,9000,0.0452538
RE+4/2/10,B,9000,0.920983
RE+4/2/10,C,9000,0.0264194
RE+4/2/11,A,9000,0.0362629
RE+4/2/11,B,9000,0.0509284
RE+4/2/11,C,9000,0.0331841
RE+4/3/9,A,9000,0.0517359
RE+4/3/9,B,9000,0.018595
RE+4/3/9,C,9000,0.0194726
RE+4/3/10,A,9000,0.0161584
RE+4/3/10,B,9000,0.0267003
RE+4/3/10,C,9000,0.0684591
RE+4/3/11,A,9000,0.311279
RE+4/3/11,B,9000,0.287138
RE+4/3/11,C,9000,0.577385
RE+4/2/12,A,9000,0.014648
RE+4/2/12,B,9000,0.0146581
RE+4/2/12,C,9000,0.0168579
RE+4/2/13,A,9000,0.0479775
RE+4/2/13,B,9000,0.0519297
RE+4/2/13,C,9000,0.0415988
RE+4/2/14,A,9000,0.0530304
RE+4/2/14,B,9000,0.0355118
RE+4/2/14,C,9000,0.0217667
RE+4/3/12,A,9000,0.0269739
RE+4/3/12,B,9000,0.0193466
RE+4/3/12,C,9000,0.0183769
RE+4/3/13,A,9000,0.0166813
RE+4/3/13,B,9000,0.0171205
RE+4/3/13,C,9000,0.148437
RE+4/3/14,A,9000,0.0111665
RE+4/3/14,B,9000,0.00874966
RE+4/3/14,C,9000,0.0106595
RE+4/2/15,A,9000,0.0370403
RE+4/2/15,B,9000,0.0567103
RE+4/2/15,C,9000,0.039551
RE+4/2/16,A,9000,0.0359513
RE+4/2/16,B,9000,0.017355
RE+4/2/16,C,9000,0.0149788
RE+4/2/17,A,9000,0.232963
RE+4/2/17,B,9000,1.52468
RE+4/2/17,C,9000,2.20854
RE+4/3/15,A,9000,0.0286881
RE+4/3/15,B,9000,0.00983613
RE+4/3/15,C,9000,0.0197765
RE+4/3/16,A,9000,0.0177724
RE+4/3/16,B,9000,0.0161147
RE+4/3/16,C,9000,0.0282541
RE+4/3/17,A,9000,0.0371651
RE+4/3/17,B,9000,0.0233692
RE+4/3/17,C,9000,0.0482867
RE+4/2/18,A,9000,0.0302851
RE+4/2/18,B,9000,0.0145529
RE+4/2/18,C,9000,0.0122713
RE+4/2/19,A,9000,0.0762883
RE+4/2/19,B,9000,0.0338311
RE+4/2/19,C,9000,0.0216146
RE+4/2/20,A,9000,0.0255937
RE+4/2/20,B,9000,0.0379623
RE+4/2/20,C,9000,0.017404
RE+4/3/18,A,9000,0.0145486
RE+4/3/18,B,9000,0.015137
RE+4/3/18,C,9000,0.0139453
RE+4/3/19,A,9000,0.00677899
RE+4/3/19,B,9000,0.0123825
RE+4/3/19,C,9000,0.0202225
RE+4/3/20,A,9000,0.0281176
RE+4/3/20,B,9000,0.00758814
RE+4/3/20,C,9000,0.0175486
RE+4/2/21,A,9000,0.0222078
RE+4/2/21,B,9000,0.0815312
RE+4/2/21,C,9000,0.0633978
RE+4/2/22,A,9000,0.0385557
RE+4/2/22,B,9000,0.0402354
RE+4/2/22,C,9000,0.0174647
RE+4/2/23,A,9000,0.023399
RE+4/2/23,B,9000,0.0451342
RE+4/2/23,C,9000,0.181955
RE+4/3/21,A,9000,0.0207592
RE+4/3/21,B,9000,0.0617749
RE+4/3/21,C,9000,0.0182208
RE+4/3/22,A,9000,0.0130651
RE+4/3/22,B,9000,0.0462078
RE+4/3/22,C,9000,0.035596
RE+4/3/23,A,9000,5.48596
RE+4/3/23,B,9000,0.0111125
RE+4/3/23,C,9000,0.0176524
RE+4/2/24,A,9000,0.575969
RE+4/2/24,B,9000,0.191466
RE+4/2/24,C,9000,0.640971
RE+4/2/25,A,9000,0.0603711
RE+4/2/25,B,9000,0.895746
RE+4/2/25,C,9000,0.0848964
RE+4/2/26,A,9000,0.0332868
RE+4/2/26,B,9000,0.0815136
RE+4/2/26,C,9000,0.0611353
RE+4/3/24,A,9000,0.225371
RE+4/3/24,B,9000,0.0165103
RE+4/3/24,C,9000,0.015406
RE+4/3/25,A,9000,0.0132042
RE+4/3/25,B,9000,0.00793306
RE+4/3/25,C,9000,0.0100119
RE+4/3/26,A,9000,0.0258129
RE+4/3/26,B,9000,0.0275792
RE+4/3/26,C,9000,0.0361038
RE+3/2/9,A,9000,0.0648813
RE+3/2/9,B,9000,0.0744642
RE+3/2/9,C,9000,0.067559
RE+3/2/10,A,9000,0.19902
RE+3/2/10,B,9000,0.188128
RE+3/2/10,C,9000,0.08886
RE+3/2/11,A,9000,0.0625753
RE+3/2/11,B,9000,0.10573
RE+3/2/11,C,9000,0.088159
RE+3/3/9,A,9000,0.0978302
RE+3/3/9,B,9000,0.114697
RE+3/3/9,C,9000,0.102823
RE+3/3/10,A,9000,0.0937266
RE+3/3/10,B,9000,0.0842786
RE+3/3/10,C,9000,0.0645891
RE+3/3/11,A,9000,0.110754
RE+3/3/11,B,9000,0.244518
RE+3/3/11,C,9000,0.155142
RE+3/2/12,A,9000,0.0592414
RE+3/2/12,B,9000,0.0407191
RE+3/2/12,C,9000,0.0538552
RE+3/2/13,A,9000,0.048701
RE+3/2/13,B,9000,0.0746449
RE+3/2/13,C,9000,0.0476613
RE+3/2/14,A,9000,0.0474201
RE+3/2/14,B,9000,0.0684267
RE+3/2/14,C,9000,0.0382843
RE+3/3/12,A,9000,0.164463
RE+3/3/12,B,9000,0.078021
RE+3/3/12,C,9000,0.0816115
RE+3/3/13,A,9000,0.136949
RE+3/3/13,B,9000,0.0910802
RE+3/3/13,C,9000,0.0942286
RE+3/3/14,A,9000,0.0495088
RE+3/3/14,B,9000,0.0855509
RE+3/3/14,C,9000,0.073484
RE+3/2/15,A,9000,0.0562265
RE+3/2/15,B,9000,0.0670684
RE+3/2/15,C,9000,0.0623527
RE+3/2/16,A,9000,0.0468711
RE+3/2/16,B,9000,0.0654337
RE+3/2/16,C,9000,0.0594339
RE+3/2/17,A,9000,0.049721
RE+3/2/17,B,9000,0.0819799
RE+3/2/17,C,9000,0.0634339
RE+3/3/15,A,9000,0.0521553
RE+3/3/15,B,9000,0.0717964
RE+3/3/15,C,9000,0.0681448
RE+3/3/16,A,9000,0.0613487
RE+3/3/16,B,9000,0.0541798
RE+3/3/16,C,9000,0.0654647
RE+3/3/17,A,9000,0.107579
RE+3/3/17,B,9000,0.104039
RE+3/3/17,C,9000,0.0844746
RE+3/2/18,A,9000,0.0521433
RE+3/2/18,B,9000,0.035502
RE+3/2/18,C,9000,0.0547678
RE+3/2/19,A,9000,0.0767821
RE+3/2/19,B,9000,0.0613744
RE+3/2/19,C,9000,0.0634328
RE+3/2/20,A,9000,0.137991
RE+3/2/20,B,9000,0.0735094
RE+3/2/20,C,9000,0.050119
RE+3/3/18,A,9000,0.0414681
RE+3/3/18,B,9000,0.0276037
RE+3/3/18,C,9000,0.0314176
RE+3/3/19,A,9000,0.0549259
RE+3/3/19,B,9000,0.0586577
RE+3/3/19,C,9000,0.297214
RE+3/3/20,A,9000,0.0730059
RE+3/3/20,B,9000,0.0697162
RE+3/3/20,C,9000,0.053964
RE+3/2/21,A,9000,0.0724529
RE+3/2/21,B,9000,0.0744917
RE+3/2/21,C,9000,0.0962728
RE+3/2/22,A,9000,0.0502611
RE+3/2/22,B,9000,0.0699252
RE+3/2/22,C,9000,0.062894
RE+3/2/23,A,9000,0.0676752
RE+3/2/23,B,9000,0.097146
RE+3/2/23,C,9000,0.0685013
RE+3/3/21,A,9000,0.102036
RE+3/3/21,B,9000,0.0815567
RE+3/3/21,C,9000,0.0809634
RE+3/3/23,A,9000,0.0884584
RE+3/3/23,B,9000,0.103323
RE+3/3/23,C,9000,0.0887122
RE+3/2/24,A,9000,0.0601211
RE+3/2/24,B,9000,0.109294
RE+3/2/24,C,9000,0.0774681
RE+3/2/25,A,9000,0.0743227
RE+3/2/25,B,9000,0.152497
RE+3/2/25,C,9000,0.0693679
RE+3/2/26,A,9000,0.150261
RE+3/2/26,B,9000,0.159502
RE+3/2/26,C,9000,0.0838844
RE+3/3/24,A,9000,0.0241732
RE+3/3/24,B,9000,0.0268336
RE+3/3/24,C,9000,0.0622036
RE+3/3/25,A,9000,0.0759423
RE+3/3/25,B,9000,0.0740478
RE+3/3/25,C,9000,0.121372
RE+3/3/26,A,9000,0.0981883
RE+3/3/26,B,9000,0.12816
RE+3/3/26,C,9000,0.102787
RE+3/3/28,A,9000,0.0713712
RE+3/3/28,B,9000,0.0903335
RE+3/3/28,C,9000,0.0618405
RE+4/2/33,A,9000,0.0169591
RE+4/2/33,B,9000,0.0195386
RE+4/2/33,C,9000,0.0148564
RE+4/2/34,A,9000,0.136646
RE+4/2/34,B,9000,0.0509858
RE+4/2/34,C,9000,0.0296296
RE+4/2/35,A,9000,0.022139
RE+4/2/35,B,9000,0.0243806
RE+4/2/35,C,9000,0.0531013
RE+4/3/33,A,9000,0.0846711
RE+4/3/33,B,9000,0.0390349
RE+4/3/33,C,9000,0.686901
RE+4/3/34,A,9000,0.0231514
RE+4/3/34,B,9000,0.0226136
RE+4/3/34,C,9000,0.0403061
RE+4/3/35,A,9000,0.0114845
RE+4/3/35,B,9000,0.185348
RE+4/3/35,C,9000,0.00930536
RE+4/2/36,A,9000,0.0275001
RE+4/2/36,B,9000,0.0264017
RE+4/2/36,C,9000,0.0315627
RE+4/2/1,A,9000,0.0410387
RE+4/2/1,B,9000,0.029068
RE+4/2/1,C,9000,0.13745
RE+4/2/2,A,9000,0.0201622
RE+4/2/2,B,9000,0.0269212
RE+4/2/2,C,9000,0.0198632
RE+4/3/36,A,9000,0.0173553
RE+4/3/36,B,9000,0.0138515
RE+4/3/36,C,9000,0.0145616
RE+4/3/1,A,9000,0.00961048
RE+4/3/1,B,9000,0.0111104
RE+4/3/1,C,9000,0.0255742
RE+4/3/2,A,9000,0.0167714
RE+4/3/2,B,9000,0.0188601
RE+4/3/2,C,9000,0.0120761
RE+4/2/3,A,9000,0.031109
RE+4/2/3,B,9000,0.0249307
RE+4/2/3,C,9000,0.0285948
RE+4/2/4,A,9000,0.0220618
RE+4/2/4,B,9000,0.0172513
RE+4/2/4,C,9000,0.0117771
RE+4/2/5,A,9000,1.35073
RE+4/2/5,B,9000,0.156101
RE+4/2/5,C,9000,0.0805223
RE+4/3/3,A,9000,0.041119
RE+4/3/3,B,9000,0.0200025
RE+4/3/3,C,9000,0.0176752
RE+4/3/4,A,9000,0.0257021
RE+4/3/4,B,9000,0.013896
RE+4/3/4,C,9000,0.0138546
RE+4/3/5,A,9000,0.0336257
RE+4/3/5,B,9000,0.0166466
RE+4/3/5,C,9000,0.0189127
RE+4/2/6,A,9000,0.02461
RE+4/2/6,B,9000,0.0220492
RE+4/2/6,C,9000,0.0133731
RE+4/2/7,A,9000,0.0458606
RE+4/2/7,B,9000,0.0488608
RE+4/2/7,C,9000,0.0196274
RE+4/2/8,A,9000,0.0497328
RE+4/2/8,B,9000,0.0651493
RE+4/2/8,C,9000,0.0475148
RE+4/3/6,A,9000,0.0147801
RE+4/3/6,B,9000,0.0165778
RE+4/3/6,C,9000,0.0164314
RE+4/3/7,A,9000,0.0582821
RE+4/3/7,B,9000,0.0275767
RE+4/3/7,C,9000,0.0186289
RE+4/3/8,A,9000,0.0157721
RE+4/3/8,B,9000,0.015846
RE+4/3/8,C,9000,0.0115154
RE+4/2/27,A,9000,0.0228664
RE+4/2/27,B,9000,0.0879424
RE+4/2/27,C,9000,0.0414768
RE+4/2/28,A,9000,0.0226789
RE+4/2/28,B,9000,0.0256839
RE+4/2/28,C,9000,2.14683
RE+4/2/29,A,9000,0.0290116
RE+4/2/29,B,9000,0.0240126
RE+4/2/29,C,9000,0.0193167
RE+4/3/27,A,9000,0.0162367
RE+4/3/27,B,9000,0.0168363
RE+4/3/27,C,9000,0.024051
RE+4/3/28,A,9000,0.0308005
RE+4/3/28,B,9000,0.0175022
RE+4/3/28,C,9000,0.0194957
RE+4/3/29,A,9000,0.0173395
RE+4/3/29,B,9000,0.0291724
RE+4/3/29,C,9000,0.0273725
RE+4/2/30,A,9000,0.0058668
RE+4/2/30,B,9000,0.00540528
RE+4/2/30,C,9000,0.00690866
RE+4/2/31,A,9000,0.0184572
RE+4/2/31,B,9000,0.024551
RE+4/2/31,C,9000,0.0210568
RE+4/2/32,A,9000,0.0204301
RE+4/2/32,B,9000,0.0280117
RE+4/2/32,C,9000,0.0368236
RE+4/3/30,A,9000,0.0127426
RE+4/3/30,B,9000,0.0108923
RE+4/3/30,C,9000,0.0106815
RE+4/3/31,A,9000,0.0087178
RE+4/3/31,B,9000,0.00754221
RE+4/3/31,C,9000,0.0141604
RE+4/3/32,A,9000,0.0147674
RE+4/3/32,B,9000,0.0152033
RE+4/3/32,C,9000,0.01489
RE+3/2/3,A,9000,0.220052
RE+3/2/3,B,9000,0.362631
RE+3/2/3,C,9000,0.938837
RE+3/2/4,A,9000,0.0226278
RE+3/2/4,B,9000,0.0346542
RE+3/2/4,C,9000,0.029124
RE+3/2/5,A,9000,0.0428744
RE+3/2/5,B,9000,0.0636883
RE+3/2/5,C,9000,0.0489625
RE+3/3/3,A,9000,0.060222
RE+3/3/3,B,9000,0.0541849
RE+3/3/3,C,9000,0.0376929
RE+3/3/4,A,9000,0.075512
RE+3/3/4,B,9000,0.082701
RE+3/3/4,C,9000,0.0656393
RE+3/3/5,A,9000,0.131181
RE+3/3/5,B,9000,0.0657098
RE+3/3/5,C,9000,0.0780019
RE+3/2/6,A,9000,0.125579
RE+3/2/6,B,9000,0.0497859
RE+3/2/6,C,9000,0.0461953
RE+3/2/7,A,9000,0.0448787
RE+3/2/7,B,9000,0.0493564
RE+3/2/7,C,9000,0.0602987
RE+3/2/8,A,9000,0.0454976
RE+3/2/8,B,9000,0.0775484
RE+3/2/8,C,9000,0.051703
RE+3/3/6,A,9000,0.0468952
RE+3/3/6,B,9000,0.0280318
RE+3/3/6,C,9000,0.0423818
RE+3/3/7,A,9000,0.145707
RE+3/3/7,B,9000,0.121457
RE+3/3/7,C,9000,0.13189
RE+3/3/8,A,9000,0.0814153
RE+3/3/8,B,9000,0.0900209
RE+3/3/8,C,9000,0.0739291
RE+3/2/33,A,9000,0.133874
RE+3/2/33,B,9000,0.169021
RE+3/2/33,C,9000,0.0903667
RE+3/2/34,A,9000,0.0528195
RE+3/2/34,B,9000,0.0781516
RE+3/2/34,C,9000,0.0889271
RE+3/2/35,A,9000,0.0464506
RE+3/2/35,B,9000,0.138727
RE+3/2/35,C,9000,0.0767294
RE+3/3/33,A,9000,0.268849
RE+3/3/33,B,9000,0.153756
RE+3/3/33,C,9000,0.138842
RE+3/3/34,A,9000,0.0423054
RE+3/3/34,B,9000,0.0514552
RE+3/3/34,C,9000,0.0709075
RE+3/3/35,A,9000,0.0891659
RE+3/3/35,B,9000,0.0981312
RE+3/3/35,C,9000,0.090558
RE+3/2/36,A,9000,0.0450847
RE+3/2/36,B,9000,0.0795163
RE+3/2/36,C,9000,0.0526087
RE+3/2/1,A,9000,0.0629205
RE+3/2/1,B,9000,0.105587
RE+3/2/1,C,9000,0.0950388
RE+3/2/2,A,9000,0.0517284
RE+3/2/2,B,9000,0.0792945
RE+3/2/2,C,9000,0.0857177
RE+3/3/36,A,9000,0.0493648
RE+3/3/36,B,9000,0.0319625
RE+3/3/36,C,9000,0.0438925
RE+3/3/1,A,9000,0.154926
RE+3/3/1,B,9000,0.0888141
RE+3/3/1,C,9000,0.0816069
RE+3/3/2,A,9000,0.0552426
RE+3/3/2,B,9000,0.0801226
RE+3/3/2,C,9000,0.100969
RE+3/2/27,A,9000,0.0486817
RE+3/2/27,B,9000,0.0573501
RE+3/2/27,C,9000,0.0516577
RE+3/2/28,A,9000,0.0589385
RE+3/2/28,B,9000,0.108602
RE+3/2/28,C,9000,0.0771599
RE+3/2/29,A,9000,0.0551606
RE+3/2/29,B,9000,0.0932152
RE+3/2/29,C,9000,0.0706185
RE+3/3/27,A,9000,0.0662148
RE+3/3/27,B,9000,0.0776175
RE+3/3/27,C,9000,0.109224
RE+3/3/29,A,9000,0.0772789
RE+3/3/29,B,9000,0.108357
RE+3/3/29,C,9000,0.0894326
RE+3/2/30,A,9000,0.0589765
RE+3/2/30,B,9000,0.0615975
RE+3/2/30,C,9000,0.0619531
RE+3/2/31,A,9000,0.370243
RE+3/2/31,B,9000,0.530061
RE+3/2/31,C,9000,0.622522
RE+3/2/32,A,9000,0.104027
RE+3/2/32,B,9000,0.141939
RE+3/2/32,C,9000,0.165247
RE+3/3/30,A,9000,0.088877
RE+3/3/30,B,9000,0.0872938
RE+3/3/30,C,9000,0.0504739
RE+3/3/31,A,9000,0.0714816
RE+3/3/31,B,9000,0.057907
RE+3/3/31,C,9000,0.0466902
RE+3/3/32,A,9000,0.256942
RE+3/3/32,B,9000,0.14886
RE+3/3/32,C,9000,0.150444
