W+1/RB2out/8,Backward,9600,4.01153
W+1/RB4/4--,Forward,9600,0.0214608
W+1/RB4/4-,Forward,9600,0.0326691
W+1/RB4/4+,Forward,9600,0.108334
W+1/RB4/4++,Forward,9600,0.00033114
W+1/RB3/4-,Forward,9600,0.0381052
W+1/RB3/4+,Forward,9600,0.110007
W+1/RB4/4--,Backward,9600,0.0206579
W+1/RB4/4-,Backward,9600,0.0380508
W+1/RB4/4+,Backward,9600,0.173377
W+1/RB4/4++,Backward,9600,0.000219395
W+1/RB3/4-,Backward,9600,0.054393
W+1/RB3/4+,Backward,9600,0.0487453
W+1/RB2in/4,Forward,9600,0.103989
W+1/RB2in/4,Central,9600,0.128159
W+1/RB2in/4,Backward,9600,35.1517
W+1/RB2out/4,Forward,9600,0.0937789
W+1/RB1out/4,Forward,9600,0.0874292
W+1/RB1in/4,Forward,9600,0.0773817
W+1/RB2out/4,Backward,9600,0.0562492
W+1/RB1out/4,Backward,9600,0.0366658
W+1/RB1in/4,Backward,9600,0.097875
W+1/RB4/5-,Forward,9600,0.147001
W+1/RB4/5+,Forward,9600,0.255344
W+1/RB3/5-,Forward,9600,0.105118
W+1/RB3/5+,Forward,9600,0.0708174
W+1/RB4/5-,Backward,9600,0.281848
W+1/RB4/5+,Backward,9600,0.278598
W+1/RB3/5-,Backward,9600,0.121096
W+1/RB3/5+,Backward,9600,0.0256016
W+1/RB2in/5,Forward,9600,0.697151
W+1/RB2in/5,Central,9600,0.275671
W+1/RB2in/5,Backward,9600,0.130882
W+1/RB2out/5,Forward,9600,0.0503655
W+1/RB1out/5,Forward,9600,0.433612
W+1/RB1in/5,Forward,9600,0.0806645
W+1/RB2out/5,Backward,9600,0.0488218
W+1/RB1out/5,Backward,9600,0.36113
W+1/RB1in/5,Backward,9600,0.0333694
W+1/RB4/6-,Forward,9600,0.1381
W+1/RB4/6+,Forward,9600,0.143141
W+1/RB3/6-,Forward,9600,0.606024
W+1/RB3/6+,Forward,9600,0.118871
W+1/RB4/6-,Backward,9600,0.101435
W+1/RB4/6+,Backward,9600,0.190191
W+1/RB3/6-,Backward,9600,0.905181
W+1/RB3/6+,Backward,9600,0.0943459
W+1/RB2in/6,Forward,9600,0.668294
W+1/RB2in/6,Central,9600,0.55307
W+1/RB2in/6,Backward,9600,0.314991
W+1/RB2out/6,Forward,9600,6.8643
W+1/RB1out/6,Forward,9600,0.0992288
W+1/RB1in/6,Forward,9600,0.0829424
W+1/RB2out/6,Backward,9600,6.1119
W+1/RB1out/6,Backward,9600,0.0974315
W+1/RB1in/6,Backward,9600,0.0547503
W+1/RB4/7-,Forward,9600,0.13927
W+1/RB4/7+,Forward,9600,0.375624
W+1/RB3/7-,Forward,9600,3.82517
W+1/RB3/7+,Forward,9600,0.0914015
W+1/RB4/7-,Backward,9600,0.184299
W+1/RB4/7+,Backward,9600,0.190947
W+1/RB3/7-,Backward,9600,7.93924
W+1/RB3/7+,Backward,9600,0.0934329
W+1/RB2in/7,Forward,9600,0.173067
W+1/RB2in/7,Central,9600,0.154332
W+1/RB2in/7,Backward,9600,0.0766089
W+1/RB2out/7,Forward,9600,0.061034
W+1/RB1out/7,Forward,9600,0.0292747
W+1/RB1in/7,Forward,9600,0.313659
W+1/RB2out/7,Backward,9600,0.0324234
W+1/RB1out/7,Backward,9600,0.0422565
W+1/RB1in/7,Backward,9600,0.17205
W+1/RB4/8-,Forward,9600,0.169624
W+1/RB4/8+,Forward,9600,0.116975
W+1/RB3/8-,Forward,9600,0.112086
W+1/RB3/8+,Forward,9600,0.525004
W+1/RB4/8-,Backward,9600,0.319674
W+1/RB4/8+,Backward,9600,0.11349
W+1/RB3/8-,Backward,9600,0.142059
W+1/RB3/8+,Backward,9600,0.725406
W+1/RB2in/8,Forward,9600,0.38041
W+1/RB2in/8,Central,9600,0.362452
W+1/RB2in/8,Backward,9600,0.18093
W+1/RB2out/8,Forward,9600,8.85161
W+1/RB1out/8,Forward,9600,0.21929
W+1/RB1in/8,Forward,9600,0.3253
W+1/RB1out/8,Backward,9600,0.285906
W+1/RB1in/8,Backward,9600,0.148815
W+1/RB4/9,Forward,9600,0.270603
W+1/RB3/9-,Forward,9600,0.0788271
W+1/RB3/9+,Forward,9600,0.140891
W+1/RB4/9,Backward,9600,0.347797
W+1/RB3/9-,Backward,9600,0.10351
W+1/RB3/9+,Backward,9600,0.0794328
W+1/RB2in/9,Forward,9600,0.285842
W+1/RB2in/9,Central,9600,0.375716
W+1/RB2in/9,Backward,9600,0.320252
W+1/RB2out/9,Forward,9600,0.334358
W+1/RB1out/9,Forward,9600,0.105709
W+1/RB1in/9,Forward,9600,0.462702
W+1/RB2out/9,Backward,9600,0.438515
W+1/RB1out/9,Backward,9600,0.0937031
W+1/RB1in/9,Backward,9600,0.264313
W+1/RB2out/11,Backward,9600,0.869347
W+1/RB4/1-,Forward,9600,0.133098
W+1/RB4/1+,Forward,9600,0.38631
W+1/RB3/1-,Forward,9600,0.114315
W+1/RB3/1+,Forward,9600,2.36702
W+1/RB4/1-,Backward,9600,0.195207
W+1/RB4/1+,Backward,9600,0.4423
W+1/RB3/1-,Backward,9600,0.225158
W+1/RB3/1+,Backward,9600,0.218575
W+1/RB2in/1,Forward,9600,0.324445
W+1/RB2in/1,Central,9600,0.752245
W+1/RB2in/1,Backward,9600,0.0471145
W+1/RB2out/1,Forward,9600,0.107265
W+1/RB1out/1,Forward,9600,0.0286931
W+1/RB1in/1,Forward,9600,0.00920803
W+1/RB2out/1,Backward,9600,0.104559
W+1/RB1out/1,Backward,9600,0.0427059
W+1/RB1in/1,Backward,9600,0.00816562
W+1/RB4/2-,Forward,9600,0.045005
W+1/RB4/2+,Forward,9600,0.106739
W+1/RB3/2-,Forward,9600,0.554601
W+1/RB3/2+,Forward,9600,0.837134
W+1/RB4/2-,Backward,9600,0.0872775
W+1/RB4/2+,Backward,9600,0.14426
W+1/RB3/2-,Backward,9600,0.344538
W+1/RB3/2+,Backward,9600,2.00811
W+1/RB2in/2,Forward,9600,0.220642
W+1/RB2in/2,Central,9600,0.229068
W+1/RB2in/2,Backward,9600,0.145246
W+1/RB2out/2,Forward,9600,0.439071
W+1/RB1out/2,Forward,9600,0.23485
W+1/RB1in/2,Forward,9600,0.43131
W+1/RB2out/2,Backward,9600,0.496432
W+1/RB1out/2,Backward,9600,0.0752685
W+1/RB1in/2,Backward,9600,0.296759
W+1/RB4/3-,Forward,9600,0.0702202
W+1/RB4/3+,Forward,9600,0.27803
W+1/RB3/3-,Forward,9600,0.183691
W+1/RB3/3+,Forward,9600,0.104495
W+1/RB4/3-,Backward,9600,0.0837156
W+1/RB4/3+,Backward,9600,0.240094
W+1/RB3/3-,Backward,9600,0.0857613
W+1/RB3/3+,Backward,9600,0.0846523
W+1/RB2in/3,Forward,9600,0.687391
W+1/RB2in/3,Central,9600,0.363825
W+1/RB2in/3,Backward,9600,0.24876
W+1/RB2out/3,Forward,9600,0.404647
W+1/RB1out/3,Forward,9600,0.435642
W+1/RB1in/3,Forward,9600,0.259099
W+1/RB2out/3,Backward,9600,0.385816
W+1/RB1out/3,Backward,9600,0.27908
W+1/RB1in/3,Backward,9600,0.0872873
W+1/RB4/10-,Forward,9600,0.241408
W+1/RB4/10+,Forward,9600,0.0450157
W+1/RB3/10-,Forward,9600,0.289561
W+1/RB3/10+,Forward,9600,0.0918633
W+1/RB4/10-,Backward,9600,0.171061
W+1/RB4/10+,Backward,9600,0.0557367
W+1/RB3/10-,Backward,9600,0.307026
W+1/RB3/10+,Backward,9600,0.116868
W+1/RB2in/10,Forward,9600,0.181704
W+1/RB2in/10,Central,9600,0.279814
W+1/RB2in/10,Backward,9600,0.170384
W+1/RB2out/10,Forward,9600,0.273314
W+1/RB1out/10,Forward,9600,0.0539006
W+1/RB1in/10,Forward,9600,0.0365305
W+1/RB2out/10,Backward,9600,0.961157
W+1/RB1out/10,Backward,9600,0.0565022
W+1/RB1in/10,Backward,9600,0.0591123
W+1/RB4/11,Forward,9600,0.0845963
W+1/RB3/11-,Forward,9600,0.177169
W+1/RB3/11+,Forward,9600,0.108635
W+1/RB4/11,Backward,9600,0.0701901
W+1/RB3/11-,Backward,9600,0.149057
W+1/RB3/11+,Backward,9600,0.0823987
W+1/RB2in/11,Forward,9600,0.262431
W+1/RB2in/11,Central,9600,0.237201
W+1/RB2in/11,Backward,9600,0.0421989
W+1/RB2out/11,Forward,9600,1.34977
W+1/RB1out/11,Forward,9600,0.150915
W+1/RB1in/11,Forward,9600,0.127106
W+1/RB1out/11,Backward,9600,0.259842
W+1/RB1in/11,Backward,9600,0.0548222
W+1/RB4/12-,Forward,9600,0.0522157
W+1/RB4/12+,Forward,9600,0.188573
W+1/RB3/12-,Forward,9600,0.289713
W+1/RB3/12+,Forward,9600,0.325662
W+1/RB4/12-,Backward,9600,0.135063
W+1/RB4/12+,Backward,9600,0.0859064
W+1/RB3/12-,Backward,9600,0.233779
W+1/RB3/12+,Backward,9600,0.133684
W+1/RB2in/12,Forward,9600,0.378977
W+1/RB2in/12,Central,9600,0.509746
W+1/RB2in/12,Backward,9600,0.359961
W+1/RB2out/12,Forward,9600,0.378935
W+1/RB1out/12,Forward,9600,0.47519
W+1/RB1in/12,Forward,9600,0.241102
W+1/RB2out/12,Backward,9600,0.275982
W+1/RB1out/12,Backward,9600,0.119492
W+1/RB1in/12,Backward,9600,0.255304
W+2/RB2in/8,Backward,9600,0.417847
W+2/RB4/4--,Forward,9600,0.237754
W+2/RB4/4-,Forward,9600,0.10697
W+2/RB4/4+,Forward,9600,0.11056
W+2/RB4/4++,Forward,9600,0.231775
W+2/RB3/4-,Forward,9600,0.334217
W+2/RB3/4+,Forward,9600,0.204137
W+2/RB4/4--,Backward,9600,0.261465
W+2/RB4/4-,Backward,9600,0.214352
W+2/RB4/4+,Backward,9600,0.093106
W+2/RB4/4++,Backward,9600,0.144728
W+2/RB3/4-,Backward,9600,0.149861
W+2/RB3/4+,Backward,9600,0.201057
W+2/RB2out/4,Forward,9600,0.106725
W+2/RB2out/4,Central,9600,0.145157
W+2/RB2out/4,Backward,9600,0.056938
W+2/RB2in/4,Forward,9600,0.16738
W+2/RB1out/4,Forward,9600,1.67377
W+2/RB1in/4,Forward,9600,0.24446
W+2/RB2in/4,Backward,9600,0.261183
W+2/RB1out/4,Backward,9600,0.435083
W+2/RB1in/4,Backward,9600,0.342
W+2/RB4/5-,Forward,9600,0.2664
W+2/RB4/5+,Forward,9600,0.226011
W+2/RB3/5-,Forward,9600,0.302665
W+2/RB3/5+,Forward,9600,0.216963
W+2/RB4/5-,Backward,9600,0.356068
W+2/RB4/5+,Backward,9600,0.184771
W+2/RB3/5-,Backward,9600,0.34659
W+2/RB3/5+,Backward,9600,0.248832
W+2/RB2out/5,Forward,9600,0.155389
W+2/RB2out/5,Central,9600,0.140548
W+2/RB2out/5,Backward,9600,0.074956
W+2/RB2in/5,Forward,9600,0.397647
W+2/RB1out/5,Forward,9600,0.517847
W+2/RB1in/5,Forward,9600,0.629773
W+2/RB2in/5,Backward,9600,0.142712
W+2/RB1out/5,Backward,9600,0.472564
W+2/RB1in/5,Backward,9600,0.233638
W+2/RB4/6-,Forward,9600,0.257561
W+2/RB4/6+,Forward,9600,0.09069
W+2/RB3/6-,Forward,9600,0.211509
W+2/RB3/6+,Forward,9600,0.224758
W+2/RB4/6-,Backward,9600,0.157915
W+2/RB4/6+,Backward,9600,0.175133
W+2/RB3/6-,Backward,9600,0.241425
W+2/RB3/6+,Backward,9600,0.281217
W+2/RB2out/6,Forward,9600,0.104876
W+2/RB2out/6,Central,9600,0.137047
W+2/RB2out/6,Backward,9600,0.0952676
W+2/RB2in/6,Forward,9600,0.0569217
W+2/RB1out/6,Forward,9600,0.205891
W+2/RB1in/6,Forward,9600,0.270064
W+2/RB2in/6,Backward,9600,0.0569527
W+2/RB1out/6,Backward,9600,0.157372
W+2/RB1in/6,Backward,9600,0.166643
W+2/RB4/7-,Forward,9600,0.218269
W+2/RB4/7+,Forward,9600,0.30013
W+2/RB3/7-,Forward,9600,0.175892
W+2/RB3/7+,Forward,9600,0.102498
W+2/RB4/7-,Backward,9600,0.316585
W+2/RB4/7+,Backward,9600,0.327296
W+2/RB3/7-,Backward,9600,0.302543
W+2/RB3/7+,Backward,9600,0.0605541
W+2/RB2out/7,Forward,9600,0.055115
W+2/RB2out/7,Central,9600,0.122087
W+2/RB2out/7,Backward,9600,0.0420585
W+2/RB2in/7,Forward,9600,0.0507709
W+2/RB1out/7,Forward,9600,0.43546
W+2/RB1in/7,Forward,9600,0.678973
W+2/RB2in/7,Backward,9600,0.0468361
W+2/RB1out/7,Backward,9600,0.399186
W+2/RB1in/7,Backward,9600,2.12709
W+2/RB4/8-,Forward,9600,0.175718
W+2/RB4/8+,Forward,9600,0.0180082
W+2/RB3/8-,Forward,9600,0.336788
W+2/RB3/8+,Forward,9600,0.465913
W+2/RB4/8-,Backward,9600,0.228229
W+2/RB4/8+,Backward,9600,0.00893158
W+2/RB3/8-,Backward,9600,0.285131
W+2/RB3/8+,Backward,9600,0.361107
W+2/RB2out/8,Forward,9600,0.0873648
W+2/RB2out/8,Central,9600,0.159864
W+2/RB2out/8,Backward,9600,0
W+2/RB2in/8,Forward,9600,1.58817
W+2/RB1out/8,Forward,9600,0.727148
W+2/RB1in/8,Forward,9600,0.185396
W+2/RB1out/8,Backward,9600,1.02702
W+2/RB1in/8,Backward,9600,0.171556
W+2/RB4/9,Forward,9600,0.0961727
W+2/RB3/9-,Forward,9600,0.54077
W+2/RB3/9+,Forward,9600,0.269605
W+2/RB4/9,Backward,9600,0.163711
W+2/RB3/9-,Backward,9600,0.363877
W+2/RB3/9+,Backward,9600,0.490738
W+2/RB2out/9,Forward,9600,0.553818
W+2/RB2out/9,Central,9600,0.66296
W+2/RB2out/9,Backward,9600,0.333244
W+2/RB2in/9,Forward,9600,2.6596
W+2/RB1out/9,Forward,9600,0.151126
W+2/RB1in/9,Forward,9600,2.52763
W+2/RB2in/9,Backward,9600,3.41011
W+2/RB1out/9,Backward,9600,0.0998362
W+2/RB1in/9,Backward,9600,0.137008
W+2/RB2in/11,Backward,9600,1.00576
W+2/RB4/1-,Forward,9600,0.144691
W+2/RB4/1+,Forward,9600,0.403382
W+2/RB3/1-,Forward,9600,0.489249
W+2/RB3/1+,Forward,9600,0.112919
W+2/RB4/1-,Backward,9600,0.15505
W+2/RB4/1+,Backward,9600,0.437332
W+2/RB3/1-,Backward,9600,0.426854
W+2/RB3/1+,Backward,9600,1.47728
W+2/RB2out/1,Forward,9600,0.133091
W+2/RB2out/1,Central,9600,0.26574
W+2/RB2out/1,Backward,9600,1.06193
W+2/RB2in/1,Forward,9600,0.340424
W+2/RB1out/1,Forward,9600,0.0502587
W+2/RB1in/1,Forward,9600,0.0377036
W+2/RB2in/1,Backward,9600,0.0437644
W+2/RB1out/1,Backward,9600,0.0393845
W+2/RB1in/1,Backward,9600,0.0329576
W+2/RB4/2-,Forward,9600,0.985855
W+2/RB4/2+,Forward,9600,2.12136
W+2/RB3/2-,Forward,9600,0.370985
W+2/RB3/2+,Forward,9600,0.213068
W+2/RB4/2-,Backward,9600,0.354519
W+2/RB4/2+,Backward,9600,0.102486
W+2/RB3/2-,Backward,9600,0.48694
W+2/RB3/2+,Backward,9600,0.178885
W+2/RB2out/2,Forward,9600,0.0683364
W+2/RB2out/2,Central,9600,0.168774
W+2/RB2out/2,Backward,9600,0.10936
W+2/RB2in/2,Forward,9600,0.172579
W+2/RB1out/2,Forward,9600,0.374246
W+2/RB1in/2,Forward,9600,0.253366
W+2/RB2in/2,Backward,9600,0.0630069
W+2/RB1out/2,Backward,9600,0.230569
W+2/RB1in/2,Backward,9600,0.200809
W+2/RB4/3-,Forward,9600,0.0306809
W+2/RB4/3+,Forward,9600,0.28872
W+2/RB3/3-,Forward,9600,0.157178
W+2/RB3/3+,Forward,9600,0.0183991
W+2/RB4/3-,Backward,9600,0.0244963
W+2/RB4/3+,Backward,9600,0.260477
W+2/RB3/3-,Backward,9600,0.133306
W+2/RB3/3+,Backward,9600,0.00809583
W+2/RB2out/3,Forward,9600,0.207901
W+2/RB2out/3,Central,9600,0.252042
W+2/RB2out/3,Backward,9600,55.2617
W+2/RB2in/3,Forward,9600,0.0694809
W+2/RB1out/3,Forward,9600,0.226884
W+2/RB1in/3,Forward,9600,0.744082
W+2/RB2in/3,Backward,9600,0.0399857
W+2/RB1out/3,Backward,9600,0.0612731
W+2/RB1in/3,Backward,9600,0.515822
W+2/RB4/10-,Forward,9600,0.0840113
W+2/RB4/10+,Forward,9600,0.172045
W+2/RB3/10-,Forward,9600,0.216607
W+2/RB3/10+,Forward,9600,0.299689
W+2/RB4/10-,Backward,9600,0.0745544
W+2/RB4/10+,Backward,9600,0.100824
W+2/RB3/10-,Backward,9600,0.139772
W+2/RB3/10+,Backward,9600,1.5255
W+2/RB2out/10,Forward,9600,0.188895
W+2/RB2out/10,Central,9600,0.188983
W+2/RB2out/10,Backward,9600,0.200695
W+2/RB2in/10,Forward,9600,0.397946
W+2/RB1out/10,Forward,9600,0.0509674
W+2/RB1in/10,Forward,9600,0.262708
W+2/RB2in/10,Backward,9600,0.253582
W+2/RB1out/10,Backward,9600,0.615555
W+2/RB1in/10,Backward,9600,0.117719
W+2/RB4/11,Forward,9600,0.685775
W+2/RB3/11-,Forward,9600,23.828
W+2/RB3/11+,Forward,9600,1.95433
W+2/RB4/11,Backward,9600,0.0305369
W+2/RB3/11-,Backward,9600,0.0905291
W+2/RB3/11+,Backward,9600,0.134531
W+2/RB2out/11,Forward,9600,0.0511705
W+2/RB2out/11,Central,9600,0.0635927
W+2/RB2out/11,Backward,9600,0.144356
W+2/RB2in/11,Forward,9600,0.0621943
W+2/RB1out/11,Forward,9600,0.700242
W+2/RB1in/11,Forward,9600,0.462009
W+2/RB1out/11,Backward,9600,0.542084
W+2/RB1in/11,Backward,9600,1.19724
W+2/RB4/12-,Forward,9600,3.95633
W+2/RB4/12+,Forward,9600,30.9306
W+2/RB3/12-,Forward,9600,13.2771
W+2/RB3/12+,Forward,9600,0.518393
W+2/RB4/12-,Backward,9600,0.0816086
W+2/RB4/12+,Backward,9600,0.703018
W+2/RB3/12-,Backward,9600,0.000255338
W+2/RB3/12+,Backward,9600,0.121548
W+2/RB2out/12,Forward,9600,1.45041
W+2/RB2out/12,Central,9600,0.4242
W+2/RB2out/12,Backward,9600,0.233225
W+2/RB2in/12,Forward,9600,7.16134
W+2/RB1out/12,Forward,9600,0.45103
W+2/RB1in/12,Forward,9600,0.353152
W+2/RB2in/12,Backward,9600,0.204019
W+2/RB1out/12,Backward,9600,0.30656
W+2/RB1in/12,Backward,9600,0.43732
W-1/RB2out/8,Backward,9600,0.789076
W-1/RB4/4++,Forward,9600,0.111373
W-1/RB4/4+,Forward,9600,0.0753949
W-1/RB4/4-,Forward,9600,0.108708
W-1/RB4/4--,Forward,9600,0.0967237
W-1/RB3/4+,Forward,9600,0.591475
W-1/RB3/4-,Forward,9600,0.617603
W-1/RB4/4++,Backward,9600,0.108728
W-1/RB4/4+,Backward,9600,1.75452
W-1/RB4/4-,Backward,9600,0.0816777
W-1/RB4/4--,Backward,9600,0.0828934
W-1/RB3/4+,Backward,9600,1.46446
W-1/RB3/4-,Backward,9600,0.237665
W-1/RB2in/4,Forward,9600,2.81332
W-1/RB2in/4,Central,9600,4.84688
W-1/RB2in/4,Backward,9600,4.82862
W-1/RB2out/4,Forward,9600,0.625857
W-1/RB1out/4,Forward,9600,0.0104638
W-1/RB1in/4,Forward,9600,0.107198
W-1/RB2out/4,Backward,9600,0.74155
W-1/RB1out/4,Backward,9600,1.50742e-05
W-1/RB1in/4,Backward,9600,0.0664625
W-1/RB4/5+,Forward,9600,0.141082
W-1/RB4/5-,Forward,9600,0.136219
W-1/RB3/5+,Forward,9600,0.0974194
W-1/RB3/5-,Forward,9600,0.0504669
W-1/RB4/5+,Backward,9600,0.353727
W-1/RB4/5-,Backward,9600,0.133824
W-1/RB3/5+,Backward,9600,0.0920213
W-1/RB3/5-,Backward,9600,0.043231
W-1/RB2in/5,Forward,9600,0.0412934
W-1/RB2in/5,Central,9600,0.0759224
W-1/RB2in/5,Backward,9600,0.040762
W-1/RB2out/5,Forward,9600,0.186764
W-1/RB1out/5,Forward,9600,0.0806821
W-1/RB1in/5,Forward,9600,0.148837
W-1/RB2out/5,Backward,9600,0.0718384
W-1/RB1out/5,Backward,9600,0.0702896
W-1/RB1in/5,Backward,9600,0.0587101
W-1/RB4/6+,Forward,9600,0.105119
W-1/RB4/6-,Forward,9600,6.7193
W-1/RB3/6+,Forward,9600,0.126913
W-1/RB3/6-,Forward,9600,0.0821163
W-1/RB4/6+,Backward,9600,0.0933452
W-1/RB4/6-,Backward,9600,4.76326
W-1/RB3/6+,Backward,9600,0.106425
W-1/RB3/6-,Backward,9600,0.0520547
W-1/RB2in/6,Forward,9600,0.0804133
W-1/RB2in/6,Central,9600,0.0733172
W-1/RB2in/6,Backward,9600,0.0548717
W-1/RB2out/6,Forward,9600,0.0802965
W-1/RB1out/6,Forward,9600,0.0946672
W-1/RB1in/6,Forward,9600,0.0432401
W-1/RB2out/6,Backward,9600,0.0663921
W-1/RB1out/6,Backward,9600,0.0598866
W-1/RB1in/6,Backward,9600,0.077849
W-1/RB4/7+,Forward,9600,0.0347923
W-1/RB4/7-,Forward,9600,0.0491641
W-1/RB3/7+,Forward,9600,0.0379788
W-1/RB3/7-,Forward,9600,0.0787113
W-1/RB4/7+,Backward,9600,0.042553
W-1/RB4/7-,Backward,9600,0.0482148
W-1/RB3/7+,Backward,9600,0.0782196
W-1/RB3/7-,Backward,9600,0.141352
W-1/RB2in/7,Forward,9600,0.120878
W-1/RB2in/7,Central,9600,0.223456
W-1/RB2in/7,Backward,9600,0.12404
W-1/RB2out/7,Forward,9600,2.3722
W-1/RB1out/7,Forward,9600,0.0351124
W-1/RB1in/7,Forward,9600,0.0445135
W-1/RB2out/7,Backward,9600,0.0407614
W-1/RB1out/7,Backward,9600,0.0391158
W-1/RB1in/7,Backward,9600,0.0200443
W-1/RB4/8+,Forward,9600,0.000145557
W-1/RB4/8-,Forward,9600,0.59898
W-1/RB3/8+,Forward,9600,0.313286
W-1/RB3/8-,Forward,9600,0.312304
W-1/RB4/8+,Backward,9600,5.222e-05
W-1/RB4/8-,Backward,9600,0.798134
W-1/RB3/8+,Backward,9600,0.167326
W-1/RB3/8-,Backward,9600,0.289472
W-1/RB2in/8,Forward,9600,0.168221
W-1/RB2in/8,Central,9600,0.160576
W-1/RB2in/8,Backward,9600,0.119213
W-1/RB2out/8,Forward,9600,0.895009
W-1/RB1out/8,Forward,9600,0.224972
W-1/RB1in/8,Forward,9600,0.211874
W-1/RB1out/8,Backward,9600,0.120643
W-1/RB1in/8,Backward,9600,0.145643
W-1/RB4/9,Forward,9600,0.190638
W-1/RB3/9+,Forward,9600,0.227264
W-1/RB3/9-,Forward,9600,0.0165246
W-1/RB4/9,Backward,9600,0.230652
W-1/RB3/9+,Backward,9600,0.28976
W-1/RB3/9-,Backward,9600,0.0146336
W-1/RB2in/9,Forward,9600,0.125198
W-1/RB2in/9,Central,9600,0.108335
W-1/RB2in/9,Backward,9600,0.151276
W-1/RB2out/9,Forward,9600,0.139426
W-1/RB1out/9,Forward,9600,0.0797195
W-1/RB1in/9,Forward,9600,0.349383
W-1/RB2out/9,Backward,9600,0.0861107
W-1/RB1out/9,Backward,9600,0.0867226
W-1/RB1in/9,Backward,9600,0.0664567
W-1/RB2out/11,Backward,9600,0.101854
W-1/RB4/1+,Forward,9600,0.220716
W-1/RB4/1-,Forward,9600,0.150706
W-1/RB3/1+,Forward,9600,0.123768
W-1/RB3/1-,Forward,9600,0.373344
W-1/RB4/1+,Backward,9600,0.21183
W-1/RB4/1-,Backward,9600,0.0565332
W-1/RB3/1+,Backward,9600,0.141063
W-1/RB3/1-,Backward,9600,0.570415
W-1/RB2in/1,Forward,9600,0.0758551
W-1/RB2in/1,Central,9600,0.273251
W-1/RB2in/1,Backward,9600,0.0442774
W-1/RB2out/1,Forward,9600,0.0476611
W-1/RB1out/1,Forward,9600,0.0529843
W-1/RB1in/1,Forward,9600,0.0525497
W-1/RB2out/1,Backward,9600,0.0532577
W-1/RB1out/1,Backward,9600,0.0260312
W-1/RB1in/1,Backward,9600,0.0307229
W-1/RB4/2+,Forward,9600,0.195151
W-1/RB4/2-,Forward,9600,0.0968444
W-1/RB3/2+,Forward,9600,0.0771358
W-1/RB3/2-,Forward,9600,0.179108
W-1/RB4/2+,Backward,9600,0.175541
W-1/RB4/2-,Backward,9600,0.0663599
W-1/RB3/2+,Backward,9600,0.055572
W-1/RB3/2-,Backward,9600,0.207833
W-1/RB2in/2,Forward,9600,0.124674
W-1/RB2in/2,Central,9600,0.19369
W-1/RB2in/2,Backward,9600,0.139476
W-1/RB2out/2,Forward,9600,0.0916015
W-1/RB1out/2,Forward,9600,1.3514
W-1/RB1in/2,Forward,9600,0.606303
W-1/RB2out/2,Backward,9600,0.0435619
W-1/RB1out/2,Backward,9600,1.62936
W-1/RB1in/2,Backward,9600,0.405762
W-1/RB4/3+,Forward,9600,0.0859594
W-1/RB4/3-,Forward,9600,0.0952533
W-1/RB3/3+,Forward,9600,0.0631459
W-1/RB3/3-,Forward,9600,0.0623102
W-1/RB4/3+,Backward,9600,0.115466
W-1/RB4/3-,Backward,9600,0.0828546
W-1/RB3/3+,Backward,9600,0.0470227
W-1/RB3/3-,Backward,9600,0.0480014
W-1/RB2in/3,Forward,9600,0.0882713
W-1/RB2in/3,Central,9600,0.10347
W-1/RB2in/3,Backward,9600,0.0597916
W-1/RB2out/3,Forward,9600,0.107624
W-1/RB1out/3,Forward,9600,0.107509
W-1/RB1in/3,Forward,9600,0.044254
W-1/RB2out/3,Backward,9600,0.0498776
W-1/RB1out/3,Backward,9600,0.0559446
W-1/RB1in/3,Backward,9600,0.0493723
W-1/RB4/10+,Forward,9600,0.156063
W-1/RB4/10-,Forward,9600,0.096943
W-1/RB3/10+,Forward,9600,0.488993
W-1/RB3/10-,Forward,9600,0.0751834
W-1/RB4/10+,Backward,9600,0.106756
W-1/RB4/10-,Backward,9600,0.11054
W-1/RB3/10+,Backward,9600,0.565734
W-1/RB3/10-,Backward,9600,0.0715634
W-1/RB2in/10,Forward,9600,0.0616657
W-1/RB2in/10,Central,9600,0.0462471
W-1/RB2in/10,Backward,9600,0.0464028
W-1/RB2out/10,Forward,9600,0.078412
W-1/RB1out/10,Forward,9600,0.133577
W-1/RB1in/10,Forward,9600,0.06178
W-1/RB2out/10,Backward,9600,0.0659604
W-1/RB1out/10,Backward,9600,0.193987
W-1/RB1in/10,Backward,9600,0.0439006
W-1/RB4/11,Forward,9600,0.0696247
W-1/RB3/11+,Forward,9600,36.1605
W-1/RB3/11-,Forward,9600,0.076938
W-1/RB4/11,Backward,9600,0.0699407
W-1/RB3/11+,Backward,9600,8.90626e-06
W-1/RB3/11-,Backward,9600,0.061409
W-1/RB2in/11,Forward,9600,0.0705476
W-1/RB2in/11,Central,9600,0.174752
W-1/RB2in/11,Backward,9600,0.0773804
W-1/RB2out/11,Forward,9600,0.114745
W-1/RB1out/11,Forward,9600,0.350015
W-1/RB1in/11,Forward,9600,0.101035
W-1/RB1out/11,Backward,9600,1.45417
W-1/RB1in/11,Backward,9600,0.176931
W-1/RB4/12+,Forward,9600,2.29558
W-1/RB4/12-,Forward,9600,0.208486
W-1/RB3/12+,Forward,9600,0.0604512
W-1/RB3/12-,Forward,9600,0.0943091
W-1/RB4/12+,Backward,9600,1.44493
W-1/RB4/12-,Backward,9600,0.191284
W-1/RB3/12+,Backward,9600,0.0636241
W-1/RB3/12-,Backward,9600,0.0889471
W-1/RB2in/12,Forward,9600,0.205573
W-1/RB2in/12,Central,9600,0.702496
W-1/RB2in/12,Backward,9600,1.18637
W-1/RB2out/12,Forward,9600,0.264902
W-1/RB1out/12,Forward,9600,0.0319667
W-1/RB1in/12,Forward,9600,0.0958877
W-1/RB2out/12,Backward,9600,0.363183
W-1/RB1out/12,Backward,9600,0.0436919
W-1/RB1in/12,Backward,9600,0.0525472
W-2/RB2in/8,Backward,9600,0.580626
W-2/RB4/4++,Forward,9600,0.0329139
W-2/RB4/4+,Forward,9600,0.086292
W-2/RB4/4-,Forward,9600,0.084883
W-2/RB4/4--,Forward,9600,0.366561
W-2/RB3/4+,Forward,9600,0.0289965
W-2/RB3/4-,Forward,9600,0.0718929
W-2/RB4/4++,Backward,9600,0.0375896
W-2/RB4/4+,Backward,9600,0.0781557
W-2/RB4/4-,Backward,9600,0.095614
W-2/RB4/4--,Backward,9600,0.356864
W-2/RB3/4+,Backward,9600,0.0295954
W-2/RB3/4-,Backward,9600,0.087845
W-2/RB2out/4,Forward,9600,0.125937
W-2/RB2out/4,Central,9600,0.120922
W-2/RB2out/4,Backward,9600,0.114182
W-2/RB2in/4,Forward,9600,0.268361
W-2/RB1out/4,Forward,9600,0.12447
W-2/RB1in/4,Forward,9600,0.107093
W-2/RB2in/4,Backward,9600,0.355465
W-2/RB1out/4,Backward,9600,8.52975
W-2/RB1in/4,Backward,9600,0.0769041
W-2/RB4/5+,Forward,9600,0.0590912
W-2/RB4/5-,Forward,9600,0.0531556
W-2/RB3/5+,Forward,9600,0.459266
W-2/RB3/5-,Forward,9600,0.0784032
W-2/RB4/5+,Backward,9600,0.0148293
W-2/RB4/5-,Backward,9600,0.0529095
W-2/RB3/5+,Backward,9600,0.121622
W-2/RB3/5-,Backward,9600,0.0304208
W-2/RB2out/5,Forward,9600,0.147199
W-2/RB2out/5,Central,9600,0.134584
W-2/RB2out/5,Backward,9600,0.108382
W-2/RB2in/5,Forward,9600,0.10854
W-2/RB1out/5,Forward,9600,0.063162
W-2/RB1in/5,Forward,9600,0.0929124
W-2/RB2in/5,Backward,9600,0.00349662
W-2/RB1out/5,Backward,9600,0.0373703
W-2/RB1in/5,Backward,9600,0.055107
W-2/RB4/6+,Forward,9600,0.776093
W-2/RB4/6-,Forward,9600,0.109281
W-2/RB3/6+,Forward,9600,0.0762776
W-2/RB3/6-,Forward,9600,0.0816934
W-2/RB4/6+,Backward,9600,0.806513
W-2/RB4/6-,Backward,9600,0.0339454
W-2/RB3/6+,Backward,9600,0.0362554
W-2/RB3/6-,Backward,9600,0.0747382
W-2/RB2out/6,Forward,9600,0.108611
W-2/RB2out/6,Central,9600,0.114729
W-2/RB2out/6,Backward,9600,0.073497
W-2/RB2in/6,Forward,9600,0.207596
W-2/RB1out/6,Forward,9600,0.5893
W-2/RB1in/6,Forward,9600,0.0524435
W-2/RB2in/6,Backward,9600,0.214163
W-2/RB1out/6,Backward,9600,0.0820065
W-2/RB1in/6,Backward,9600,0.0452904
W-2/RB4/7+,Forward,9600,0.107681
W-2/RB4/7-,Forward,9600,0.0705317
W-2/RB3/7+,Forward,9600,0.229897
W-2/RB3/7-,Forward,9600,0.0827692
W-2/RB4/7+,Backward,9600,0.0530125
W-2/RB4/7-,Backward,9600,0.0351213
W-2/RB3/7+,Backward,9600,0.260887
W-2/RB3/7-,Backward,9600,0.0770123
W-2/RB2out/7,Forward,9600,0.0847249
W-2/RB2out/7,Central,9600,0.0785557
W-2/RB2out/7,Backward,9600,0.0523247
W-2/RB2in/7,Forward,9600,1.29753
W-2/RB1out/7,Forward,9600,0.0443056
W-2/RB1in/7,Forward,9600,0.144743
W-2/RB2in/7,Backward,9600,0.304636
W-2/RB1out/7,Backward,9600,0.0262327
W-2/RB1in/7,Backward,9600,0.212653
W-2/RB4/8+,Forward,9600,0.0653803
W-2/RB4/8-,Forward,9600,0.0867369
W-2/RB3/8+,Forward,9600,0.0664151
W-2/RB3/8-,Forward,9600,0.222915
W-2/RB4/8+,Backward,9600,0.205111
W-2/RB4/8-,Backward,9600,0.42586
W-2/RB3/8+,Backward,9600,6.11036
W-2/RB3/8-,Backward,9600,0.10887
W-2/RB2out/8,Forward,9600,0.16285
W-2/RB2out/8,Central,9600,0.363014
W-2/RB2out/8,Backward,9600,0.109621
W-2/RB2in/8,Forward,9600,0.379929
W-2/RB1out/8,Forward,9600,1.2468
W-2/RB1in/8,Forward,9600,0.0380162
W-2/RB1out/8,Backward,9600,0.198359
W-2/RB1in/8,Backward,9600,0.0189192
W-2/RB4/9,Forward,9600,0.13598
W-2/RB3/9+,Forward,9600,0.114532
W-2/RB3/9-,Forward,9600,0.139725
W-2/RB4/9,Backward,9600,0.131438
W-2/RB3/9+,Backward,9600,0.0676935
W-2/RB3/9-,Backward,9600,0.0897711
W-2/RB2out/9,Forward,9600,0.147747
W-2/RB2out/9,Central,9600,0.0565383
W-2/RB2out/9,Backward,9600,0.0650319
W-2/RB2in/9,Forward,9600,0.486199
W-2/RB1out/9,Forward,9600,0.136271
W-2/RB1in/9,Forward,9600,0.034336
W-2/RB2in/9,Backward,9600,0.190594
W-2/RB1out/9,Backward,9600,0.0516469
W-2/RB1in/9,Backward,9600,0.122962
W-2/RB2in/11,Backward,9600,1.36341e-05
W-2/RB4/1+,Forward,9600,0.0663516
W-2/RB4/1-,Forward,9600,0.0581631
W-2/RB3/1+,Forward,9600,0.0859952
W-2/RB3/1-,Forward,9600,0.095601
W-2/RB4/1+,Backward,9600,0.0606322
W-2/RB4/1-,Backward,9600,0.0845608
W-2/RB3/1+,Backward,9600,0.135516
W-2/RB3/1-,Backward,9600,0.110684
W-2/RB2out/1,Forward,9600,0.0805964
W-2/RB2out/1,Central,9600,0.189771
W-2/RB2out/1,Backward,9600,0.0804883
W-2/RB2in/1,Forward,9600,0.853295
W-2/RB1out/1,Forward,9600,0.0572801
W-2/RB1in/1,Forward,9600,0.0332645
W-2/RB2in/1,Backward,9600,0.117236
W-2/RB1out/1,Backward,9600,0.0312184
W-2/RB1in/1,Backward,9600,0.0409375
W-2/RB4/2+,Forward,9600,0.612218
W-2/RB4/2-,Forward,9600,0.751835
W-2/RB3/2+,Forward,9600,0.0602033
W-2/RB3/2-,Forward,9600,0.179913
W-2/RB4/2+,Backward,9600,0.37094
W-2/RB4/2-,Backward,9600,0.578665
W-2/RB3/2+,Backward,9600,0.0876396
W-2/RB3/2-,Backward,9600,0.13658
W-2/RB2out/2,Forward,9600,0.104715
W-2/RB2out/2,Central,9600,0.107042
W-2/RB2out/2,Backward,9600,0.105814
W-2/RB2in/2,Forward,9600,0.0631017
W-2/RB1out/2,Forward,9600,0.136414
W-2/RB1in/2,Forward,9600,0.103574
W-2/RB2in/2,Backward,9600,0.105886
W-2/RB1out/2,Backward,9600,0.0788533
W-2/RB1in/2,Backward,9600,0.035036
W-2/RB4/3+,Forward,9600,0.334337
W-2/RB4/3-,Forward,9600,0.926339
W-2/RB3/3+,Forward,9600,0.138638
W-2/RB3/3-,Forward,9600,0.119133
W-2/RB4/3+,Backward,9600,0.267613
W-2/RB4/3-,Backward,9600,2.38841
W-2/RB3/3+,Backward,9600,0.062596
W-2/RB3/3-,Backward,9600,0.0852322
W-2/RB2out/3,Forward,9600,0.0966533
W-2/RB2out/3,Central,9600,0.197651
W-2/RB2out/3,Backward,9600,0.147249
W-2/RB2in/3,Forward,9600,0.545557
W-2/RB1out/3,Forward,9600,0.0929748
W-2/RB1in/3,Forward,9600,0.376142
W-2/RB2in/3,Backward,9600,0.22961
W-2/RB1out/3,Backward,9600,0.0767812
W-2/RB1in/3,Backward,9600,0.301926
W-2/RB4/10+,Forward,9600,0.067418
W-2/RB4/10-,Forward,9600,0.127764
W-2/RB3/10+,Forward,9600,0.0376513
W-2/RB3/10-,Forward,9600,0.275272
W-2/RB4/10+,Backward,9600,0.0470455
W-2/RB4/10-,Backward,9600,0.15507
W-2/RB3/10+,Backward,9600,0.0328326
W-2/RB3/10-,Backward,9600,0.120451
W-2/RB2out/10,Forward,9600,0.315913
W-2/RB2out/10,Central,9600,0.299707
W-2/RB2out/10,Backward,9600,0.204638
W-2/RB2in/10,Forward,9600,0.10213
W-2/RB1out/10,Forward,9600,0.156355
W-2/RB1in/10,Forward,9600,0.0475156
W-2/RB2in/10,Backward,9600,0.0666547
W-2/RB1out/10,Backward,9600,0.0772394
W-2/RB1in/10,Backward,9600,0.0509947
W-2/RB4/11,Forward,9600,0.0701689
W-2/RB3/11+,Forward,9600,0.302162
W-2/RB3/11-,Forward,9600,0.0680579
W-2/RB4/11,Backward,9600,0.0316934
W-2/RB3/11+,Backward,9600,0.310757
W-2/RB3/11-,Backward,9600,0.0863041
W-2/RB2out/11,Forward,9600,0.0947882
W-2/RB2out/11,Central,9600,0.217459
W-2/RB2out/11,Backward,9600,0.133754
W-2/RB2in/11,Forward,9600,0.000224082
W-2/RB1out/11,Forward,9600,0.153808
W-2/RB1in/11,Forward,9600,0.16884
W-2/RB1out/11,Backward,9600,0.101455
W-2/RB1in/11,Backward,9600,0.100443
W-2/RB4/12+,Forward,9600,0.182713
W-2/RB4/12-,Forward,9600,0.0865803
W-2/RB3/12+,Forward,9600,0.0940782
W-2/RB3/12-,Forward,9600,0.118339
W-2/RB4/12+,Backward,9600,0.239907
W-2/RB4/12-,Backward,9600,0.0501805
W-2/RB3/12+,Backward,9600,0.119468
W-2/RB3/12-,Backward,9600,0.124372
W-2/RB2out/12,Forward,9600,0.0996556
W-2/RB2out/12,Central,9600,0.157229
W-2/RB2out/12,Backward,9600,0.16132
W-2/RB2in/12,Forward,9600,0.335455
W-2/RB1out/12,Forward,9600,0
W-2/RB1in/12,Forward,9600,0.495996
W-2/RB2in/12,Backward,9600,0.367083
W-2/RB1out/12,Backward,9600,0
W-2/RB1in/12,Backward,9600,0.684186
W0/RB2out/8,Backward,9600,0.528729
W0/RB4/4+,Forward,9600,0.131401
W0/RB4/4++,Forward,9600,0.0914492
W0/RB4/4--,Forward,9600,0.214199
W0/RB4/4-,Forward,9600,0.113658
W0/RB3/4+,Forward,9600,0.204513
W0/RB3/4-,Forward,9600,0.169698
W0/RB4/4+,Backward,9600,0.0927171
W0/RB4/4++,Backward,9600,0.152192
W0/RB4/4--,Backward,9600,0.18403
W0/RB4/4-,Backward,9600,0.0896177
W0/RB3/4+,Backward,9600,0.211216
W0/RB3/4-,Backward,9600,0.166202
W0/RB2in/4,Forward,9600,0.189048
W0/RB2in/4,Central,9600,0.342519
W0/RB2in/4,Backward,9600,0.496274
W0/RB2out/4,Forward,9600,0.0893709
W0/RB1out/4,Forward,9600,0.0887775
W0/RB1in/4,Forward,9600,0.0805112
W0/RB2out/4,Backward,9600,0.0469936
W0/RB1out/4,Backward,9600,0.109748
W0/RB1in/4,Backward,9600,0.0798225
W0/RB4/5+,Forward,9600,0.191828
W0/RB4/5-,Forward,9600,0.120535
W0/RB3/5+,Forward,9600,0.121443
W0/RB3/5-,Forward,9600,0.0495796
W0/RB4/5+,Backward,9600,0.189998
W0/RB4/5-,Backward,9600,0.138016
W0/RB3/5+,Backward,9600,0.0661618
W0/RB3/5-,Backward,9600,0.0570383
W0/RB2in/5,Forward,9600,12.7313
W0/RB2in/5,Central,9600,0.227927
W0/RB2in/5,Backward,9600,0.129639
W0/RB2out/5,Forward,9600,0.121298
W0/RB1out/5,Forward,9600,0.852009
W0/RB1in/5,Forward,9600,3.00684
W0/RB2out/5,Backward,9600,0.116319
W0/RB1out/5,Backward,9600,2.89495
W0/RB1in/5,Backward,9600,0.675357
W0/RB4/6-,Forward,9600,0.0566731
W0/RB4/6+,Forward,9600,0.133303
W0/RB3/6-,Forward,9600,0.0472592
W0/RB3/6+,Forward,9600,0.0790861
W0/RB4/6-,Backward,9600,0.0544256
W0/RB4/6+,Backward,9600,0.0883645
W0/RB3/6-,Backward,9600,0.0621632
W0/RB3/6+,Backward,9600,0.0599849
W0/RB2in/6,Forward,9600,0.201689
W0/RB2in/6,Central,9600,0.275427
W0/RB2in/6,Backward,9600,0.17113
W0/RB2out/6,Forward,9600,0.761634
W0/RB1out/6,Forward,9600,0.230626
W0/RB1in/6,Forward,9600,0.0566904
W0/RB2out/6,Backward,9600,0.503473
W0/RB1out/6,Backward,9600,0.052655
W0/RB1in/6,Backward,9600,0.0537486
W0/RB4/7-,Forward,9600,0.0132079
W0/RB4/7+,Forward,9600,0.0389906
W0/RB3/7-,Forward,9600,0.179023
W0/RB3/7+,Forward,9600,0.192397
W0/RB4/7-,Backward,9600,0.0115653
W0/RB4/7+,Backward,9600,0.0340469
W0/RB3/7-,Backward,9600,0.0442464
W0/RB3/7+,Backward,9600,0.0936387
W0/RB2in/7,Forward,9600,0.225145
W0/RB2in/7,Central,9600,0.230725
W0/RB2in/7,Backward,9600,0.0628885
W0/RB2out/7,Forward,9600,0.182133
W0/RB1out/7,Forward,9600,0.0313576
W0/RB1in/7,Forward,9600,0.0320223
W0/RB2out/7,Backward,9600,0.0567268
W0/RB1out/7,Backward,9600,0.0209186
W0/RB1in/7,Backward,9600,0.777143
W0/RB4/8+,Forward,9600,0.060707
W0/RB4/8-,Forward,9600,0.108598
W0/RB3/8+,Forward,9600,0.0432195
W0/RB3/8-,Forward,9600,0.30893
W0/RB4/8+,Backward,9600,0.0441064
W0/RB4/8-,Backward,9600,0.11176
W0/RB3/8+,Backward,9600,0.336442
W0/RB3/8-,Backward,9600,0.452654
W0/RB2in/8,Forward,9600,0.454192
W0/RB2in/8,Central,9600,0.296149
W0/RB2in/8,Backward,9600,0.15689
W0/RB2out/8,Forward,9600,3.23504
W0/RB1out/8,Forward,9600,0.0744892
W0/RB1in/8,Forward,9600,0.0508993
W0/RB1out/8,Backward,9600,0.0327818
W0/RB1in/8,Backward,9600,0.053765
W0/RB4/9,Forward,9600,9.38029
W0/RB3/9+,Forward,9600,0.0984104
W0/RB3/9-,Forward,9600,0.115457
W0/RB4/9,Backward,9600,9.93944
W0/RB3/9+,Backward,9600,0.0872581
W0/RB3/9-,Backward,9600,0.159803
W0/RB2in/9,Forward,9600,0.802017
W0/RB2in/9,Central,9600,0.193009
W0/RB2in/9,Backward,9600,0.133881
W0/RB2out/9,Forward,9600,0.137982
W0/RB1out/9,Forward,9600,0.0548385
W0/RB1in/9,Forward,9600,0.273941
W0/RB2out/9,Backward,9600,0.207595
W0/RB1out/9,Backward,9600,0.047101
W0/RB1in/9,Backward,9600,0.275554
W0/RB2out/11,Backward,9600,0.239193
W0/RB4/1+,Forward,9600,0.0451419
W0/RB4/1-,Forward,9600,0.037465
W0/RB3/1+,Forward,9600,0.526437
W0/RB3/1-,Forward,9600,0.123696
W0/RB4/1+,Backward,9600,0.0596981
W0/RB4/1-,Backward,9600,0.0396718
W0/RB3/1+,Backward,9600,0.20409
W0/RB3/1-,Backward,9600,0.0598006
W0/RB2in/1,Forward,9600,0.149842
W0/RB2in/1,Central,9600,0.0541544
W0/RB2in/1,Backward,9600,0.042615
W0/RB2out/1,Forward,9600,0.0558129
W0/RB1out/1,Forward,9600,0.0877037
W0/RB1in/1,Forward,9600,0.0162223
W0/RB2out/1,Backward,9600,0.0240184
W0/RB1out/1,Backward,9600,0.0258903
W0/RB1in/1,Backward,9600,0.00984392
W0/RB4/2-,Forward,9600,0.223151
W0/RB4/2+,Forward,9600,0.159014
W0/RB3/2-,Forward,9600,1.08424
W0/RB3/2+,Forward,9600,0.13082
W0/RB4/2-,Backward,9600,0.172414
W0/RB4/2+,Backward,9600,0.13594
W0/RB3/2-,Backward,9600,0.2081
W0/RB3/2+,Backward,9600,0.0837311
W0/RB2in/2,Forward,9600,0.168921
W0/RB2in/2,Central,9600,0.454427
W0/RB2in/2,Backward,9600,0.135858
W0/RB2out/2,Forward,9600,0.0850605
W0/RB1out/2,Forward,9600,0.170095
W0/RB1in/2,Forward,9600,0.163212
W0/RB2out/2,Backward,9600,0.0979153
W0/RB1out/2,Backward,9600,0.111407
W0/RB1in/2,Backward,9600,0.392141
W0/RB4/3-,Forward,9600,0.123619
W0/RB4/3+,Forward,9600,0.124938
W0/RB3/3-,Forward,9600,0.128289
W0/RB3/3+,Forward,9600,1.91101
W0/RB4/3-,Backward,9600,0.0760206
W0/RB4/3+,Backward,9600,0.10829
W0/RB3/3-,Backward,9600,0.114006
W0/RB3/3+,Backward,9600,0.117951
W0/RB2in/3,Forward,9600,0.242517
W0/RB2in/3,Central,9600,0.140113
W0/RB2in/3,Backward,9600,0.128566
W0/RB2out/3,Forward,9600,0.0308119
W0/RB1out/3,Forward,9600,0.0826978
W0/RB1in/3,Forward,9600,0.0534867
W0/RB2out/3,Backward,9600,1.20715
W0/RB1out/3,Backward,9600,0.0623428
W0/RB1in/3,Backward,9600,0.0756947
W0/RB4/10-,Forward,9600,0.100861
W0/RB4/10+,Forward,9600,0.0345727
W0/RB3/10-,Forward,9600,0.213287
W0/RB3/10+,Forward,9600,0.170929
W0/RB4/10-,Backward,9600,0.0517978
W0/RB4/10+,Backward,9600,0.0338792
W0/RB3/10-,Backward,9600,0.0567547
W0/RB3/10+,Backward,9600,0.125656
W0/RB2in/10,Forward,9600,0.196593
W0/RB2in/10,Central,9600,0.232774
W0/RB2in/10,Backward,9600,0.155127
W0/RB2out/10,Forward,9600,0.121001
W0/RB1out/10,Forward,9600,0.075991
W0/RB1in/10,Forward,9600,0.0897853
W0/RB2out/10,Backward,9600,0.0911499
W0/RB1out/10,Backward,9600,0.0722321
W0/RB1in/10,Backward,9600,0.0445279
W0/RB4/11,Forward,9600,0.146709
W0/RB3/11-,Forward,9600,0.050413
W0/RB3/11+,Forward,9600,0.0719795
W0/RB4/11,Backward,9600,0.0814513
W0/RB3/11-,Backward,9600,0.850749
W0/RB3/11+,Backward,9600,0.0617569
W0/RB2in/11,Forward,9600,0.414401
W0/RB2in/11,Central,9600,0.172701
W0/RB2in/11,Backward,9600,0.0838629
W0/RB2out/11,Forward,9600,0.316825
W0/RB1out/11,Forward,9600,0.206764
W0/RB1in/11,Forward,9600,0.330245
W0/RB1out/11,Backward,9600,0.152441
W0/RB1in/11,Backward,9600,0.234912
W0/RB4/12+,Forward,9600,0.101303
W0/RB4/12-,Forward,9600,0.172827
W0/RB3/12+,Forward,9600,0.210989
W0/RB3/12-,Forward,9600,0.0967605
W0/RB4/12+,Backward,9600,0.116407
W0/RB4/12-,Backward,9600,0.248462
W0/RB3/12+,Backward,9600,0.198577
W0/RB3/12-,Backward,9600,0.106948
W0/RB2in/12,Forward,9600,0.112127
W0/RB2in/12,Central,9600,0.243472
W0/RB2in/12,Backward,9600,0.116919
W0/RB2out/12,Forward,9600,0.373947
W0/RB1out/12,Forward,9600,0.125742
W0/RB1in/12,Forward,9600,0.161813
W0/RB2out/12,Backward,9600,0.274041
W0/RB1out/12,Backward,9600,0.0593558
W0/RB1in/12,Backward,9600,0.078295
RE-1/3/25,A,9600,0.075069
RE-1/3/25,B,9600,0.0750256
RE-1/3/25,C,9600,0.0418263
RE-1/2/9,A,9600,0.0960207
RE-1/2/9,B,9600,0.092796
RE-1/2/9,C,9600,0.0608617
RE-1/2/10,A,9600,0.0597483
RE-1/2/10,B,9600,0.0918585
RE-1/2/10,C,9600,0.0518429
RE-1/2/11,A,9600,0.134215
RE-1/2/11,B,9600,0.106826
RE-1/2/11,C,9600,0.0584264
RE-1/3/9,A,9600,0.11594
RE-1/3/9,B,9600,0.101688
RE-1/3/9,C,9600,0.0833683
RE-1/3/10,A,9600,0
RE-1/3/10,B,9600,0.0674397
RE-1/3/10,C,9600,0.0726924
RE-1/3/11,A,9600,0.084314
RE-1/3/11,B,9600,0.105901
RE-1/3/11,C,9600,0.133317
RE-2/2/11,A,9600,0.107813
RE-2/2/11,B,9600,0.133561
RE-2/2/11,C,9600,0.105031
RE-2/2/12,A,9600,0.161394
RE-2/2/12,B,9600,0.26371
RE-2/2/12,C,9600,0.149823
RE-2/2/13,A,9600,0.10851
RE-2/2/13,B,9600,0.400533
RE-2/2/13,C,9600,0.133334
RE-2/3/11,A,9600,0.118937
RE-2/3/11,B,9600,0.121999
RE-2/3/11,C,9600,0.094036
RE-2/3/12,A,9600,0.105196
RE-2/3/12,B,9600,0.165378
RE-2/3/12,C,9600,0.169569
RE-2/3/13,A,9600,0.129352
RE-2/3/13,B,9600,0.128292
RE-2/3/13,C,9600,0.110311
RE-1/2/12,A,9600,0.0820708
RE-1/2/12,B,9600,0.0709056
RE-1/2/12,C,9600,0.0663135
RE-1/2/13,A,9600,0.0752295
RE-1/2/13,B,9600,0.0720272
RE-1/2/13,C,9600,0.215025
RE-1/2/14,A,9600,0.21767
RE-1/2/14,B,9600,0.167856
RE-1/2/14,C,9600,0.102106
RE-1/3/12,A,9600,0.0862946
RE-1/3/12,B,9600,0.0546362
RE-1/3/12,C,9600,0.024379
RE-1/3/13,A,9600,0.0677395
RE-1/3/13,B,9600,0.109628
RE-1/3/13,C,9600,0.0972251
RE-1/3/14,A,9600,0.427314
RE-1/3/14,B,9600,0.0728051
RE-1/3/14,C,9600,0.0555339
RE-2/2/14,A,9600,0.0975439
RE-2/2/14,B,9600,0.142233
RE-2/2/14,C,9600,0.0844025
RE-2/2/15,A,9600,0.143107
RE-2/2/15,B,9600,0.202525
RE-2/2/15,C,9600,0.13435
RE-2/2/16,A,9600,0.143166
RE-2/2/16,B,9600,0.190645
RE-2/2/16,C,9600,0.172871
RE-2/3/14,A,9600,0.0981638
RE-2/3/14,B,9600,0.126643
RE-2/3/14,C,9600,0.0577831
RE-2/3/15,A,9600,0.0945093
RE-2/3/15,B,9600,0.106678
RE-2/3/15,C,9600,0.0959415
RE-2/3/16,A,9600,0.0856032
RE-2/3/16,B,9600,0.0945556
RE-2/3/16,C,9600,0.137895
RE-1/2/15,A,9600,0.200607
RE-1/2/15,B,9600,0.252332
RE-1/2/15,C,9600,0.168996
RE-1/2/16,A,9600,0.0978561
RE-1/2/16,B,9600,0.130377
RE-1/2/16,C,9600,0.101171
RE-1/2/17,A,9600,0.0864793
RE-1/2/17,B,9600,0.0884649
RE-1/2/17,C,9600,0.0397692
RE-1/3/15,A,9600,0.0594384
RE-1/3/15,B,9600,0.0497171
RE-1/3/15,C,9600,0.0453837
RE-1/3/16,A,9600,0.050947
RE-1/3/16,B,9600,0.0538589
RE-1/3/16,C,9600,0.0475737
RE-1/3/17,A,9600,0.0392784
RE-1/3/17,B,9600,0.0316182
RE-1/3/17,C,9600,0.0265779
RE-2/2/17,A,9600,0.0973527
RE-2/2/17,B,9600,0.137737
RE-2/2/17,C,9600,0.0795376
RE-2/2/18,A,9600,0.136366
RE-2/2/18,B,9600,0.17401
RE-2/2/18,C,9600,0.10947
RE-2/2/19,A,9600,0.176576
RE-2/2/19,B,9600,0.21377
RE-2/2/19,C,9600,0.142932
RE-2/3/17,A,9600,0.157429
RE-2/3/17,B,9600,0.166121
RE-2/3/17,C,9600,0.184145
RE-2/3/18,A,9600,0.0915515
RE-2/3/18,B,9600,0.127388
RE-2/3/18,C,9600,0.108391
RE-2/3/19,A,9600,0.132089
RE-2/3/19,B,9600,0.145906
RE-2/3/19,C,9600,0.13867
RE-1/2/18,A,9600,0.0476877
RE-1/2/18,B,9600,0.0838075
RE-1/2/18,C,9600,0.126675
RE-1/2/19,A,9600,0.0684887
RE-1/2/19,B,9600,0.197111
RE-1/2/19,C,9600,0.0871696
RE-1/2/20,A,9600,0.100205
RE-1/2/20,B,9600,0.119932
RE-1/2/20,C,9600,0.206298
RE-1/3/18,A,9600,0.0634859
RE-1/3/18,B,9600,0.0830285
RE-1/3/18,C,9600,0.0461493
RE-1/3/19,A,9600,0.556266
RE-1/3/19,B,9600,0.174045
RE-1/3/19,C,9600,0.162421
RE-1/3/20,A,9600,0.0653536
RE-1/3/20,B,9600,0.0524239
RE-1/3/20,C,9600,0.0451902
RE-2/2/20,A,9600,0.0816457
RE-2/2/20,B,9600,0.10303
RE-2/2/20,C,9600,0.0870712
RE-2/2/21,A,9600,0.418571
RE-2/2/21,B,9600,0.19011
RE-2/2/21,C,9600,0.28845
RE-2/2/22,A,9600,0.1904
RE-2/2/22,B,9600,0.241329
RE-2/2/22,C,9600,0.191258
RE-2/3/20,A,9600,0.135287
RE-2/3/20,B,9600,0.156922
RE-2/3/20,C,9600,0.124696
RE-2/3/21,A,9600,0.0912656
RE-2/3/21,B,9600,0.110752
RE-2/3/21,C,9600,0.120831
RE-2/3/22,A,9600,0.15565
RE-2/3/22,B,9600,0.183695
RE-2/3/22,C,9600,0.177755
RE-1/2/21,A,9600,0.0929287
RE-1/2/21,B,9600,0.0925913
RE-1/2/21,C,9600,0.0703405
RE-1/2/22,A,9600,0.0558127
RE-1/2/22,B,9600,0.072066
RE-1/2/22,C,9600,0.105573
RE-1/2/23,A,9600,0.0519955
RE-1/2/23,B,9600,0.070655
RE-1/2/23,C,9600,0.0441308
RE-1/3/21,A,9600,0.448696
RE-1/3/21,B,9600,0.0546817
RE-1/3/21,C,9600,0.055366
RE-1/3/22,A,9600,0.0787806
RE-1/3/22,B,9600,0.0693376
RE-1/3/22,C,9600,0.0563017
RE-1/3/23,A,9600,0.088314
RE-1/3/23,B,9600,0.071754
RE-1/3/23,C,9600,0.0360822
RE-2/2/23,A,9600,0.108157
RE-2/2/23,B,9600,0.112134
RE-2/2/23,C,9600,0.124667
RE-2/2/24,A,9600,0.117715
RE-2/2/24,B,9600,0.196927
RE-2/2/24,C,9600,0.173319
RE-2/2/25,A,9600,0.186684
RE-2/2/25,B,9600,0.222828
RE-2/2/25,C,9600,0.139367
RE-2/3/23,A,9600,0.176079
RE-2/3/23,B,9600,0.200686
RE-2/3/23,C,9600,0.146386
RE-2/3/24,A,9600,0.129163
RE-2/3/24,B,9600,0.186544
RE-2/3/24,C,9600,0.174128
RE-2/3/25,A,9600,0.218221
RE-2/3/25,B,9600,0.125995
RE-2/3/25,C,9600,0.0940857
RE-1/2/24,A,9600,0.0620592
RE-1/2/24,B,9600,0.0950854
RE-1/2/24,C,9600,0.191783
RE-1/2/25,A,9600,0.0731659
RE-1/2/25,B,9600,0.0956758
RE-1/2/25,C,9600,0.0520123
RE-1/2/26,A,9600,0.0662047
RE-1/2/26,B,9600,0.103545
RE-1/2/26,C,9600,0.0540404
RE-1/3/24,A,9600,0.123807
RE-1/3/24,B,9600,0.08402
RE-1/3/24,C,9600,0.0281675
RE-1/3/26,A,9600,0.0890551
RE-1/3/26,B,9600,0.0741328
RE-1/3/26,C,9600,0.0547117
RE-2/2/26,A,9600,0.159807
RE-2/2/26,B,9600,0.144052
RE-2/2/26,C,9600,0.104733
RE-2/2/27,A,9600,0.406598
RE-2/2/27,B,9600,1.52712
RE-2/2/27,C,9600,0.878675
RE-2/2/28,A,9600,0.209404
RE-2/2/28,B,9600,0.290925
RE-2/2/28,C,9600,0.94232
RE-2/3/26,A,9600,0.153132
RE-2/3/26,B,9600,0.148733
RE-2/3/26,C,9600,0.183566
RE-2/3/27,A,9600,0.161102
RE-2/3/27,B,9600,0.155067
RE-2/3/27,C,9600,0.587214
RE-2/3/28,A,9600,0.134178
RE-2/3/28,B,9600,0.146034
RE-2/3/28,C,9600,0.106697
RE-1/3/34,A,9600,0.261238
RE-1/3/34,B,9600,0.0962781
RE-1/3/34,C,9600,0.0554677
RE-1/2/36,A,9600,0.0828236
RE-1/2/36,B,9600,0.0747254
RE-1/2/36,C,9600,1.12739
RE-1/2/1,A,9600,0.113548
RE-1/2/1,B,9600,0.101789
RE-1/2/1,C,9600,0.131976
RE-1/2/2,A,9600,0.0715488
RE-1/2/2,B,9600,0.0648575
RE-1/2/2,C,9600,0.0911669
RE-1/3/36,A,9600,0.136033
RE-1/3/36,B,9600,0.124906
RE-1/3/36,C,9600,0.076459
RE-1/3/1,A,9600,0.125374
RE-1/3/1,B,9600,0.0772751
RE-1/3/1,C,9600,0.0572246
RE-1/3/2,A,9600,0.0395123
RE-1/3/2,B,9600,0.0319744
RE-1/3/2,C,9600,0.0282715
RE-2/2/2,A,9600,0.102748
RE-2/2/2,B,9600,0.147744
RE-2/2/2,C,9600,0.0973078
RE-2/2/3,A,9600,0.154222
RE-2/2/3,B,9600,0.175287
RE-2/2/3,C,9600,0.254043
RE-2/2/4,A,9600,0.0968625
RE-2/2/4,B,9600,0.173615
RE-2/2/4,C,9600,0.157528
RE-2/3/2,A,9600,0.116046
RE-2/3/2,B,9600,0.318253
RE-2/3/2,C,9600,0.202123
RE-2/3/3,A,9600,0.201342
RE-2/3/3,B,9600,0.209433
RE-2/3/3,C,9600,0.284336
RE-2/3/4,A,9600,0.165983
RE-2/3/4,B,9600,0.18857
RE-2/3/4,C,9600,0.162663
RE-1/2/3,A,9600,0.0762431
RE-1/2/3,B,9600,0.148261
RE-1/2/3,C,9600,0.0837915
RE-1/2/4,A,9600,0.0667188
RE-1/2/4,B,9600,0.0679596
RE-1/2/4,C,9600,0.0568156
RE-1/2/5,A,9600,0.424615
RE-1/2/5,B,9600,0.129928
RE-1/2/5,C,9600,0.162795
RE-1/3/3,A,9600,0.2112
RE-1/3/3,B,9600,0.0964345
RE-1/3/3,C,9600,0.062362
RE-1/3/4,A,9600,2.34701
RE-1/3/4,B,9600,0.135486
RE-1/3/4,C,9600,0.0988813
RE-1/3/5,A,9600,0.0469853
RE-1/3/5,B,9600,0.0426722
RE-1/3/5,C,9600,0.0380444
RE-2/2/5,A,9600,0.0771153
RE-2/2/5,B,9600,0.124656
RE-2/2/5,C,9600,0.0961218
RE-2/2/6,A,9600,0.144499
RE-2/2/6,B,9600,0.140012
RE-2/2/6,C,9600,0.205715
RE-2/2/7,A,9600,0.199776
RE-2/2/7,B,9600,0.226657
RE-2/2/7,C,9600,0.124885
RE-2/3/5,A,9600,0.1629
RE-2/3/5,B,9600,0.11459
RE-2/3/5,C,9600,0.113858
RE-2/3/6,A,9600,0.121123
RE-2/3/6,B,9600,0.197533
RE-2/3/6,C,9600,0.164511
RE-2/3/7,A,9600,2.26774
RE-2/3/7,B,9600,0.15001
RE-2/3/7,C,9600,0.132026
RE-1/2/6,A,9600,0.14999
RE-1/2/6,B,9600,0.218149
RE-1/2/6,C,9600,0.0718512
RE-1/2/7,A,9600,0.121855
RE-1/2/7,B,9600,0.252338
RE-1/2/7,C,9600,0.0760651
RE-1/2/8,A,9600,0.179784
RE-1/2/8,B,9600,0.248676
RE-1/2/8,C,9600,0.186143
RE-1/3/6,A,9600,0.0779399
RE-1/3/6,B,9600,0.0746222
RE-1/3/6,C,9600,0.0313486
RE-1/3/7,A,9600,0.135058
RE-1/3/7,B,9600,0.180647
RE-1/3/7,C,9600,0.146941
RE-1/3/8,A,9600,0.0669281
RE-1/3/8,B,9600,0.0404017
RE-1/3/8,C,9600,0.0300215
RE-2/2/8,A,9600,0.483677
RE-2/2/8,B,9600,0.152944
RE-2/2/8,C,9600,0.0697502
RE-2/2/9,A,9600,0.106167
RE-2/2/9,B,9600,0.122754
RE-2/2/9,C,9600,0.135143
RE-2/2/10,A,9600,0.132181
RE-2/2/10,B,9600,0.168023
RE-2/2/10,C,9600,0.222164
RE-2/3/8,A,9600,0.112258
RE-2/3/8,B,9600,0.138916
RE-2/3/8,C,9600,0.11568
RE-2/3/9,A,9600,0.123086
RE-2/3/9,B,9600,0.14358
RE-2/3/9,C,9600,0.123653
RE-2/3/10,A,9600,0.179688
RE-2/3/10,B,9600,0.204715
RE-2/3/10,C,9600,0.161156
RE-1/2/27,A,9600,0.0703042
RE-1/2/27,B,9600,0.104586
RE-1/2/27,C,9600,0.137019
RE-1/2/28,A,9600,0.0508186
RE-1/2/28,B,9600,0.0472007
RE-1/2/28,C,9600,0.0363415
RE-1/2/29,A,9600,0.0486846
RE-1/2/29,B,9600,0.041
RE-1/2/29,C,9600,0.0351453
RE-1/3/27,A,9600,0.1422
RE-1/3/27,B,9600,0.165643
RE-1/3/27,C,9600,0.0833664
RE-1/3/28,A,9600,0.0786343
RE-1/3/28,B,9600,0.0682268
RE-1/3/28,C,9600,0.0327539
RE-1/3/29,A,9600,0.190293
RE-1/3/29,B,9600,0.111969
RE-1/3/29,C,9600,0.120967
RE-2/2/29,A,9600,0.0771997
RE-2/2/29,B,9600,0.108862
RE-2/2/29,C,9600,0.101927
RE-2/2/30,A,9600,0.155372
RE-2/2/30,B,9600,0.187864
RE-2/2/30,C,9600,0.115637
RE-2/2/31,A,9600,0.131873
RE-2/2/31,B,9600,0.122327
RE-2/2/31,C,9600,0.115799
RE-2/3/29,A,9600,0.136187
RE-2/3/29,B,9600,0.156132
RE-2/3/29,C,9600,0.071682
RE-2/3/30,A,9600,0.103992
RE-2/3/30,B,9600,0.146048
RE-2/3/30,C,9600,0.16844
RE-2/3/31,A,9600,0.131142
RE-2/3/31,B,9600,0.172827
RE-2/3/31,C,9600,0.165166
RE-1/2/30,A,9600,0.0812592
RE-1/2/30,B,9600,0.74253
RE-1/2/30,C,9600,0.0940819
RE-1/2/31,A,9600,0.0172103
RE-1/2/31,B,9600,0.0239987
RE-1/2/31,C,9600,0.0119671
RE-1/2/32,A,9600,0.100349
RE-1/2/32,B,9600,0.191211
RE-1/2/32,C,9600,0.0603915
RE-1/3/30,A,9600,0.103369
RE-1/3/30,B,9600,0.061755
RE-1/3/30,C,9600,0.0853078
RE-1/3/31,A,9600,0.288207
RE-1/3/31,B,9600,0.190001
RE-1/3/31,C,9600,0.117588
RE-1/3/32,A,9600,6.23764
RE-1/3/32,B,9600,0.0517902
RE-1/3/32,C,9600,0.0656961
RE-2/2/32,A,9600,0.0905293
RE-2/2/32,B,9600,0.0947141
RE-2/2/32,C,9600,0.0897972
RE-2/2/33,A,9600,0.133923
RE-2/2/33,B,9600,0.195229
RE-2/2/33,C,9600,0.189943
RE-2/2/34,A,9600,23.1449
RE-2/2/34,B,9600,0.405008
RE-2/2/34,C,9600,0.210231
RE-2/3/32,A,9600,0.11889
RE-2/3/32,B,9600,0.108862
RE-2/3/32,C,9600,0.107029
RE-2/3/33,A,9600,0.146416
RE-2/3/33,B,9600,0.23057
RE-2/3/33,C,9600,0.161755
RE-2/3/34,A,9600,0.133046
RE-2/3/34,B,9600,0.137508
RE-2/3/34,C,9600,0.158334
RE-1/2/33,A,9600,0.0681626
RE-1/2/33,B,9600,0.0788234
RE-1/2/33,C,9600,0.0697051
RE-1/2/34,A,9600,0.0548477
RE-1/2/34,B,9600,0.116027
RE-1/2/34,C,9600,0.0528085
RE-1/2/35,A,9600,0.173933
RE-1/2/35,B,9600,0.121065
RE-1/2/35,C,9600,0.0895803
RE-1/3/33,A,9600,0.0817317
RE-1/3/33,B,9600,0.100825
RE-1/3/33,C,9600,0.0652549
RE-1/3/35,A,9600,0.0319847
RE-1/3/35,B,9600,0.0495168
RE-1/3/35,C,9600,0.050615
RE-2/2/35,A,9600,0.114962
RE-2/2/35,B,9600,0.131976
RE-2/2/35,C,9600,0.0836565
RE-2/2/36,A,9600,0.178891
RE-2/2/36,B,9600,0.235345
RE-2/2/36,C,9600,0.130526
RE-2/2/1,A,9600,0.133895
RE-2/2/1,B,9600,0.168342
RE-2/2/1,C,9600,0.161223
RE-2/3/35,A,9600,0.132144
RE-2/3/35,B,9600,0.17115
RE-2/3/35,C,9600,0.129853
RE-2/3/36,A,9600,0.106738
RE-2/3/36,B,9600,0.107906
RE-2/3/36,C,9600,0.135282
RE-2/3/1,A,9600,0.132597
RE-2/3/1,B,9600,0.139419
RE-2/3/1,C,9600,0.13881
RE-3/3/22,A,9600,0.0520924
RE-3/3/22,B,9600,0.0368154
RE-3/3/22,C,9600,0.0229338
RE-4/2/9,A,9600,0.0690242
RE-4/2/9,B,9600,0.431325
RE-4/2/9,C,9600,0.0355103
RE-4/2/10,A,9600,0.0450363
RE-4/2/10,B,9600,0.0554732
RE-4/2/10,C,9600,0.0409549
RE-4/2/11,A,9600,0.0655062
RE-4/2/11,B,9600,0.0965446
RE-4/2/11,C,9600,0.0443544
RE-4/3/9,A,9600,0.0482271
RE-4/3/9,B,9600,0.075996
RE-4/3/9,C,9600,0.0746718
RE-4/3/10,A,9600,0.0500938
RE-4/3/10,B,9600,0.0518196
RE-4/3/10,C,9600,0.0433292
RE-4/3/11,A,9600,0.0460718
RE-4/3/11,B,9600,0.126632
RE-4/3/11,C,9600,0.03137
RE-4/2/12,A,9600,0.0403516
RE-4/2/12,B,9600,0.0478597
RE-4/2/12,C,9600,0.0263945
RE-4/2/13,A,9600,0.0720407
RE-4/2/13,B,9600,0.0633169
RE-4/2/13,C,9600,0.0628312
RE-4/2/14,A,9600,0.0381354
RE-4/2/14,B,9600,0.0491074
RE-4/2/14,C,9600,0.0459892
RE-4/3/12,A,9600,0.0466464
RE-4/3/12,B,9600,0.0606566
RE-4/3/12,C,9600,0.0315083
RE-4/3/13,A,9600,0.131422
RE-4/3/13,B,9600,0.0412049
RE-4/3/13,C,9600,0.0325144
RE-4/3/14,A,9600,0.0775683
RE-4/3/14,B,9600,0.0973353
RE-4/3/14,C,9600,0.0562797
RE-4/2/15,A,9600,0.0409628
RE-4/2/15,B,9600,0.052207
RE-4/2/15,C,9600,0.031342
RE-4/2/16,A,9600,0.0385373
RE-4/2/16,B,9600,0.094381
RE-4/2/16,C,9600,0.0403303
RE-4/2/17,A,9600,0.608457
RE-4/2/17,B,9600,0.107288
RE-4/2/17,C,9600,0.0780144
RE-4/3/15,A,9600,0.0345656
RE-4/3/15,B,9600,0.0622582
RE-4/3/15,C,9600,0.034088
RE-4/3/16,A,9600,0.0799149
RE-4/3/16,B,9600,0.0754654
RE-4/3/16,C,9600,0.0737941
RE-4/3/17,A,9600,0.0374446
RE-4/3/17,B,9600,0.0659624
RE-4/3/17,C,9600,0.0821629
RE-4/2/18,A,9600,0.691667
RE-4/2/18,B,9600,0.0337461
RE-4/2/18,C,9600,0.0356266
RE-4/2/19,A,9600,0.0494434
RE-4/2/19,B,9600,0.112762
RE-4/2/19,C,9600,0.0490895
RE-4/2/20,A,9600,0.110359
RE-4/2/20,B,9600,0.132628
RE-4/2/20,C,9600,0.0915876
RE-4/3/18,A,9600,0.0404936
RE-4/3/18,B,9600,0.0299636
RE-4/3/18,C,9600,0.0250685
RE-4/3/19,A,9600,0.0585109
RE-4/3/19,B,9600,0.161095
RE-4/3/19,C,9600,0.0972567
RE-4/3/20,A,9600,0.0890549
RE-4/3/20,B,9600,0.0626799
RE-4/3/20,C,9600,0.0488922
RE-4/2/21,A,9600,0.525363
RE-4/2/21,B,9600,0.070723
RE-4/2/21,C,9600,0.0685698
RE-4/2/22,A,9600,0.0295827
RE-4/2/22,B,9600,0.0232561
RE-4/2/22,C,9600,0.0113921
RE-4/2/23,A,9600,0.051648
RE-4/2/23,B,9600,0.0516969
RE-4/2/23,C,9600,0.0677058
RE-4/3/21,A,9600,0.0576234
RE-4/3/21,B,9600,0.125258
RE-4/3/21,C,9600,0.686548
RE-4/3/22,A,9600,0.0412417
RE-4/3/22,B,9600,0.0467638
RE-4/3/22,C,9600,0.0505934
RE-4/3/23,A,9600,1.54941
RE-4/3/23,B,9600,0.4508
RE-4/3/23,C,9600,0.0409047
RE-4/2/24,A,9600,0.0573189
RE-4/2/24,B,9600,0.0683935
RE-4/2/24,C,9600,0.0407373
RE-4/2/25,A,9600,0.0776161
RE-4/2/25,B,9600,0.0615283
RE-4/2/25,C,9600,0.0670895
RE-4/2/26,A,9600,0.0728484
RE-4/2/26,B,9600,0.256816
RE-4/2/26,C,9600,0.0685207
RE-4/3/24,A,9600,0.0838391
RE-4/3/24,B,9600,0.179809
RE-4/3/24,C,9600,0.278591
RE-4/3/25,A,9600,0.0298247
RE-4/3/25,B,9600,0.104332
RE-4/3/25,C,9600,0.0772031
RE-4/3/26,A,9600,15.4122
RE-4/3/26,B,9600,0.0693217
RE-4/3/26,C,9600,0.0803943
RE-3/2/9,A,9600,0.0565619
RE-3/2/9,B,9600,0.0692885
RE-3/2/9,C,9600,0.0623154
RE-3/2/10,A,9600,0.121137
RE-3/2/10,B,9600,0.143416
RE-3/2/10,C,9600,0.0571733
RE-3/2/11,A,9600,0.0602265
RE-3/2/11,B,9600,0.088422
RE-3/2/11,C,9600,0.0892514
RE-3/3/9,A,9600,0.0566826
RE-3/3/9,B,9600,0.07525
RE-3/3/9,C,9600,0.0358871
RE-3/3/10,A,9600,0.0609248
RE-3/3/10,B,9600,0.0844494
RE-3/3/10,C,9600,0.0662905
RE-3/3/11,A,9600,0.0760604
RE-3/3/11,B,9600,0.0860654
RE-3/3/11,C,9600,0.0590943
RE-3/2/12,A,9600,0.0583299
RE-3/2/12,B,9600,0.106499
RE-3/2/12,C,9600,0.062415
RE-3/2/13,A,9600,0.0654205
RE-3/2/13,B,9600,0.0933057
RE-3/2/13,C,9600,0.0767682
RE-3/2/14,A,9600,0.114181
RE-3/2/14,B,9600,0.0579287
RE-3/2/14,C,9600,0.257764
RE-3/3/12,A,9600,0.0620144
RE-3/3/12,B,9600,0.0779272
RE-3/3/12,C,9600,0.058992
RE-3/3/13,A,9600,0.0501141
RE-3/3/13,B,9600,0.0885104
RE-3/3/13,C,9600,0.0775702
RE-3/3/14,A,9600,0.0490604
RE-3/3/14,B,9600,0.0889445
RE-3/3/14,C,9600,0.0667207
RE-3/2/15,A,9600,0.107219
RE-3/2/15,B,9600,0.0631769
RE-3/2/15,C,9600,0.042696
RE-3/2/16,A,9600,0.057112
RE-3/2/16,B,9600,0.0833895
RE-3/2/16,C,9600,0.114531
RE-3/2/17,A,9600,0.025422
RE-3/2/17,B,9600,0.0504088
RE-3/2/17,C,9600,0.0321684
RE-3/3/15,A,9600,0.114669
RE-3/3/15,B,9600,0.167434
RE-3/3/15,C,9600,0.123347
RE-3/3/16,A,9600,0.0669292
RE-3/3/16,B,9600,0.108399
RE-3/3/16,C,9600,0.119256
RE-3/3/17,A,9600,0.107103
RE-3/3/17,B,9600,0.0909363
RE-3/3/17,C,9600,0.0671533
RE-3/2/18,A,9600,0.0536011
RE-3/2/18,B,9600,0.0461633
RE-3/2/18,C,9600,0.0382971
RE-3/2/19,A,9600,0.0637008
RE-3/2/19,B,9600,0.0595139
RE-3/2/19,C,9600,0.0771948
RE-3/2/20,A,9600,0.0794407
RE-3/2/20,B,9600,0.120317
RE-3/2/20,C,9600,0.132333
RE-3/3/18,A,9600,0.0518684
RE-3/3/18,B,9600,0.0756368
RE-3/3/18,C,9600,0.0476721
RE-3/3/19,A,9600,0.102199
RE-3/3/19,B,9600,0.0845275
RE-3/3/19,C,9600,0.0901548
RE-3/3/20,A,9600,0.0926063
RE-3/3/20,B,9600,0.0774273
RE-3/3/20,C,9600,0.0482098
RE-3/2/21,A,9600,0.0751956
RE-3/2/21,B,9600,0.0904982
RE-3/2/21,C,9600,0.0935862
RE-3/2/22,A,9600,0.0365505
RE-3/2/22,B,9600,0.0827584
RE-3/2/22,C,9600,0.0675532
RE-3/2/23,A,9600,0.0457541
RE-3/2/23,B,9600,0.0824615
RE-3/2/23,C,9600,0.0549055
RE-3/3/21,A,9600,0.0589639
RE-3/3/21,B,9600,0.0796914
RE-3/3/21,C,9600,0.0427647
RE-3/3/23,A,9600,0.036451
RE-3/3/23,B,9600,0.0434187
RE-3/3/23,C,9600,0.0420052
RE-3/2/24,A,9600,0.0319598
RE-3/2/24,B,9600,0.0440987
RE-3/2/24,C,9600,0.0358943
RE-3/2/25,A,9600,0.0395103
RE-3/2/25,B,9600,0.0438013
RE-3/2/25,C,9600,0.0383737
RE-3/2/26,A,9600,0.047285
RE-3/2/26,B,9600,0.0648702
RE-3/2/26,C,9600,0.066698
RE-3/3/24,A,9600,0.0396812
RE-3/3/24,B,9600,0.0560137
RE-3/3/24,C,9600,0.0495479
RE-3/3/25,A,9600,0.0464306
RE-3/3/25,B,9600,0.0461743
RE-3/3/25,C,9600,0.0510106
RE-3/3/26,A,9600,0.111404
RE-3/3/26,B,9600,0.158339
RE-3/3/26,C,9600,0.104837
RE-3/3/28,A,9600,0.0404858
RE-3/3/28,B,9600,0.0402558
RE-3/3/28,C,9600,0.134101
RE-4/2/33,A,9600,0.102664
RE-4/2/33,B,9600,0.170657
RE-4/2/33,C,9600,0.0264786
RE-4/2/34,A,9600,0.0719305
RE-4/2/34,B,9600,0.0871988
RE-4/2/34,C,9600,0.0728118
RE-4/2/35,A,9600,0.435487
RE-4/2/35,B,9600,0.186046
RE-4/2/35,C,9600,0.319032
RE-4/3/33,A,9600,0.3467
RE-4/3/33,B,9600,0.448796
RE-4/3/33,C,9600,0.0547061
RE-4/3/34,A,9600,0.0608208
RE-4/3/34,B,9600,0.0622034
RE-4/3/34,C,9600,0.0578245
RE-4/3/35,A,9600,0.0778559
RE-4/3/35,B,9600,0.241925
RE-4/3/35,C,9600,4.63444
RE-4/2/36,A,9600,0.195204
RE-4/2/36,B,9600,0.189909
RE-4/2/36,C,9600,0.395716
RE-4/2/1,A,9600,0.0732104
RE-4/2/1,B,9600,0.0720632
RE-4/2/1,C,9600,0.0453432
RE-4/2/2,A,9600,0.0703386
RE-4/2/2,B,9600,0.416505
RE-4/2/2,C,9600,0.076403
RE-4/3/36,A,9600,0.159676
RE-4/3/36,B,9600,0.103811
RE-4/3/36,C,9600,0.339724
RE-4/3/1,A,9600,0.0372663
RE-4/3/1,B,9600,0.0653697
RE-4/3/1,C,9600,0.0709262
RE-4/3/2,A,9600,0.458009
RE-4/3/2,B,9600,0.0674856
RE-4/3/2,C,9600,0.0591098
RE-4/2/3,A,9600,0.191244
RE-4/2/3,B,9600,0.0717958
RE-4/2/3,C,9600,0.568644
RE-4/2/4,A,9600,0.147747
RE-4/2/4,B,9600,0.219649
RE-4/2/4,C,9600,0.657955
RE-4/2/5,A,9600,0.171057
RE-4/2/5,B,9600,0.0560353
RE-4/2/5,C,9600,0.0463945
RE-4/3/3,A,9600,0.0443494
RE-4/3/3,B,9600,0.0869338
RE-4/3/3,C,9600,0.169609
RE-4/3/4,A,9600,0.0534087
RE-4/3/4,B,9600,0.0483958
RE-4/3/4,C,9600,0.0687441
RE-4/3/5,A,9600,0.0280186
RE-4/3/5,B,9600,0.0402936
RE-4/3/5,C,9600,0.0308337
RE-4/2/6,A,9600,0.0508455
RE-4/2/6,B,9600,0.0699414
RE-4/2/6,C,9600,0.03344
RE-4/2/7,A,9600,0.0774112
RE-4/2/7,B,9600,0.0410208
RE-4/2/7,C,9600,0.0423604
RE-4/2/8,A,9600,0.624887
RE-4/2/8,B,9600,0.393871
RE-4/2/8,C,9600,0.23419
RE-4/3/6,A,9600,0.0383059
RE-4/3/6,B,9600,0.0472248
RE-4/3/6,C,9600,0.0406477
RE-4/3/7,A,9600,0.0620833
RE-4/3/7,B,9600,0.128684
RE-4/3/7,C,9600,0.0862867
RE-4/3/8,A,9600,0.697611
RE-4/3/8,B,9600,0.705127
RE-4/3/8,C,9600,0.468859
RE-4/2/27,A,9600,0.518703
RE-4/2/27,B,9600,2.81444
RE-4/2/27,C,9600,0.0282868
RE-4/2/28,A,9600,0.106166
RE-4/2/28,B,9600,0.0541481
RE-4/2/28,C,9600,0.0717076
RE-4/2/29,A,9600,0.0447946
RE-4/2/29,B,9600,0.134007
RE-4/2/29,C,9600,0.0407578
RE-4/3/27,A,9600,0.0406348
RE-4/3/27,B,9600,0.100178
RE-4/3/27,C,9600,0.0800798
RE-4/3/28,A,9600,0.0767407
RE-4/3/28,B,9600,0.176603
RE-4/3/28,C,9600,0.0569387
RE-4/3/29,A,9600,0.0484134
RE-4/3/29,B,9600,0.33995
RE-4/3/29,C,9600,0.0822564
RE-4/2/30,A,9600,0.0481756
RE-4/2/30,B,9600,0.0833446
RE-4/2/30,C,9600,0.0574256
RE-4/2/31,A,9600,0.064263
RE-4/2/31,B,9600,0.0393368
RE-4/2/31,C,9600,0.029878
RE-4/2/32,A,9600,0.277872
RE-4/2/32,B,9600,0.096348
RE-4/2/32,C,9600,0.079749
RE-4/3/30,A,9600,2.09925
RE-4/3/30,B,9600,0.0332573
RE-4/3/30,C,9600,0.0289389
RE-4/3/31,A,9600,0.0309718
RE-4/3/31,B,9600,0.0754045
RE-4/3/31,C,9600,0.0595184
RE-4/3/32,A,9600,0.0361619
RE-4/3/32,B,9600,0.0542815
RE-4/3/32,C,9600,0.0554436
RE-3/2/33,A,9600,0.0592961
RE-3/2/33,B,9600,0.153693
RE-3/2/33,C,9600,0.0945257
RE-3/2/34,A,9600,0.0342326
RE-3/2/34,B,9600,0.0562223
RE-3/2/34,C,9600,0.0458767
RE-3/2/35,A,9600,0
RE-3/2/35,B,9600,0
RE-3/2/35,C,9600,0
RE-3/3/33,A,9600,0.0506375
RE-3/3/33,B,9600,0.0833398
RE-3/3/33,C,9600,0.045127
RE-3/3/34,A,9600,0.0652424
RE-3/3/34,B,9600,0.0695931
RE-3/3/34,C,9600,0.0476396
RE-3/3/35,A,9600,0
RE-3/3/35,B,9600,0
RE-3/3/35,C,9600,0
RE-3/2/36,A,9600,0.563559
RE-3/2/36,B,9600,0.191647
RE-3/2/36,C,9600,0.163565
RE-3/2/1,A,9600,0.062574
RE-3/2/1,B,9600,0.0797053
RE-3/2/1,C,9600,0.0590378
RE-3/2/2,A,9600,0.048492
RE-3/2/2,B,9600,0.0477516
RE-3/2/2,C,9600,0.0546458
RE-3/3/36,A,9600,0.0427878
RE-3/3/36,B,9600,0.0649196
RE-3/3/36,C,9600,0.0419049
RE-3/3/1,A,9600,0.0398613
RE-3/3/1,B,9600,0.0366966
RE-3/3/1,C,9600,0.0378387
RE-3/3/2,A,9600,0.041376
RE-3/3/2,B,9600,0.0535277
RE-3/3/2,C,9600,0.040396
RE-3/2/3,A,9600,0.0612417
RE-3/2/3,B,9600,0.0726009
RE-3/2/3,C,9600,0.0634733
RE-3/2/4,A,9600,0.045369
RE-3/2/4,B,9600,0.0578458
RE-3/2/4,C,9600,0.0294436
RE-3/2/5,A,9600,0.0642511
RE-3/2/5,B,9600,0.0667586
RE-3/2/5,C,9600,0.0660794
RE-3/3/3,A,9600,0.0723846
RE-3/3/3,B,9600,0.072716
RE-3/3/3,C,9600,0.0493645
RE-3/3/4,A,9600,0.0515915
RE-3/3/4,B,9600,0.0728931
RE-3/3/4,C,9600,0.0560841
RE-3/3/5,A,9600,0.0552043
RE-3/3/5,B,9600,0.0620671
RE-3/3/5,C,9600,0.0773694
RE-3/2/6,A,9600,0.0645616
RE-3/2/6,B,9600,0.0711978
RE-3/2/6,C,9600,0.0646781
RE-3/2/7,A,9600,0.0763962
RE-3/2/7,B,9600,0.100863
RE-3/2/7,C,9600,0.093882
RE-3/2/8,A,9600,0.815395
RE-3/2/8,B,9600,0.10933
RE-3/2/8,C,9600,0.0764917
RE-3/3/6,A,9600,0.175452
RE-3/3/6,B,9600,0.0918469
RE-3/3/6,C,9600,0.0844068
RE-3/3/7,A,9600,0.0460703
RE-3/3/7,B,9600,0.0790555
RE-3/3/7,C,9600,0.0569467
RE-3/3/8,A,9600,0.0617272
RE-3/3/8,B,9600,0.105497
RE-3/3/8,C,9600,0.071885
RE-3/2/27,A,9600,0.0778609
RE-3/2/27,B,9600,0.0811133
RE-3/2/27,C,9600,0.0524896
RE-3/2/28,A,9600,0.0346962
RE-3/2/28,B,9600,0.0418263
RE-3/2/28,C,9600,0.0373601
RE-3/2/29,A,9600,0.0588079
RE-3/2/29,B,9600,0.0726762
RE-3/2/29,C,9600,0.0544475
RE-3/3/27,A,9600,0.0460416
RE-3/3/27,B,9600,0.0983476
RE-3/3/27,C,9600,0.0949831
RE-3/3/29,A,9600,0.0427875
RE-3/3/29,B,9600,0.0836276
RE-3/3/29,C,9600,0.067943
RE-3/2/30,A,9600,0.0452629
RE-3/2/30,B,9600,0.0507443
RE-3/2/30,C,9600,0.0497083
RE-3/2/31,A,9600,0.0344923
RE-3/2/31,B,9600,0.0651272
RE-3/2/31,C,9600,0.0503872
RE-3/2/32,A,9600,0.0242525
RE-3/2/32,B,9600,0.0436007
RE-3/2/32,C,9600,0.0254821
RE-3/3/30,A,9600,0.0551765
RE-3/3/30,B,9600,0.0919434
RE-3/3/30,C,9600,0.0438386
RE-3/3/31,A,9600,0.109018
RE-3/3/31,B,9600,0.150523
RE-3/3/31,C,9600,0.228143
RE-3/3/32,A,9600,0.0542218
RE-3/3/32,B,9600,0.0633782
RE-3/3/32,C,9600,0.0432892
RE+1/3/25,A,9600,0.000141089
RE+1/3/25,B,9600,1.31609e-05
RE+1/3/25,C,9600,8.91404e-05
RE+1/2/9,A,9600,0.0634083
RE+1/2/9,B,9600,0.0809423
RE+1/2/9,C,9600,0.982791
RE+1/2/10,A,9600,0.880997
RE+1/2/10,B,9600,0.58162
RE+1/2/10,C,9600,0.228617
RE+1/2/11,A,9600,0.388575
RE+1/2/11,B,9600,0.986239
RE+1/2/11,C,9600,0.339012
RE+1/3/9,A,9600,0.21532
RE+1/3/9,B,9600,0.139148
RE+1/3/9,C,9600,0.133631
RE+1/3/10,A,9600,0.0512748
RE+1/3/10,B,9600,0.0541825
RE+1/3/10,C,9600,0.0341538
RE+1/3/11,A,9600,0.175397
RE+1/3/11,B,9600,0.136969
RE+1/3/11,C,9600,0.0632814
RE+2/2/11,A,9600,0.273688
RE+2/2/11,B,9600,0.184578
RE+2/2/11,C,9600,0.480052
RE+2/2/12,A,9600,0.127234
RE+2/2/12,B,9600,0.0839679
RE+2/2/12,C,9600,0.0789376
RE+2/2/13,A,9600,0.109011
RE+2/2/13,B,9600,0.125731
RE+2/2/13,C,9600,0.206312
RE+2/3/11,A,9600,0.036378
RE+2/3/11,B,9600,0.0978985
RE+2/3/11,C,9600,0.129215
RE+2/3/12,A,9600,0.113938
RE+2/3/12,B,9600,0.0692153
RE+2/3/12,C,9600,0.0890429
RE+2/3/13,A,9600,0.469272
RE+2/3/13,B,9600,0.121355
RE+2/3/13,C,9600,0.0885352
RE+1/2/12,A,9600,0.267126
RE+1/2/12,B,9600,0.300998
RE+1/2/12,C,9600,0.380778
RE+1/2/13,A,9600,0.0970431
RE+1/2/13,B,9600,0.130483
RE+1/2/13,C,9600,0.0771495
RE+1/2/14,A,9600,0.330973
RE+1/2/14,B,9600,0.561376
RE+1/2/14,C,9600,0.417941
RE+1/3/12,A,9600,0.0860636
RE+1/3/12,B,9600,0.110573
RE+1/3/12,C,9600,0.0874706
RE+1/3/13,A,9600,0.23852
RE+1/3/13,B,9600,0.209314
RE+1/3/13,C,9600,0.140901
RE+1/3/14,A,9600,0.0761236
RE+1/3/14,B,9600,0.0746438
RE+1/3/14,C,9600,0.0469643
RE+2/2/14,A,9600,0.120188
RE+2/2/14,B,9600,0.225684
RE+2/2/14,C,9600,0.247491
RE+2/2/15,A,9600,0.0902883
RE+2/2/15,B,9600,0.101703
RE+2/2/15,C,9600,0.104756
RE+2/2/16,A,9600,0.121583
RE+2/2/16,B,9600,0.137623
RE+2/2/16,C,9600,0.176259
RE+2/3/14,A,9600,1.69396
RE+2/3/14,B,9600,0.246668
RE+2/3/14,C,9600,0.0937879
RE+2/3/15,A,9600,0.147317
RE+2/3/15,B,9600,0.106582
RE+2/3/15,C,9600,0.119463
RE+2/3/16,A,9600,0.222806
RE+2/3/16,B,9600,0.0866296
RE+2/3/16,C,9600,0.101014
RE+1/2/15,A,9600,0.285074
RE+1/2/15,B,9600,0.416394
RE+1/2/15,C,9600,0.323454
RE+1/2/16,A,9600,0.844228
RE+1/2/16,B,9600,1.04385
RE+1/2/16,C,9600,0.438006
RE+1/2/17,A,9600,0.676523
RE+1/2/17,B,9600,0.611499
RE+1/2/17,C,9600,0.570104
RE+1/3/15,A,9600,0.12196
RE+1/3/15,B,9600,0.142346
RE+1/3/15,C,9600,0.104262
RE+1/3/16,A,9600,0.105195
RE+1/3/16,B,9600,0.0999688
RE+1/3/16,C,9600,0.0735644
RE+1/3/17,A,9600,0.170356
RE+1/3/17,B,9600,0.190598
RE+1/3/17,C,9600,0.100339
RE+2/2/17,A,9600,0.2644
RE+2/2/17,B,9600,0.280767
RE+2/2/17,C,9600,0.110301
RE+2/2/18,A,9600,0.133395
RE+2/2/18,B,9600,0.152623
RE+2/2/18,C,9600,0.155121
RE+2/2/19,A,9600,0.123495
RE+2/2/19,B,9600,0.120034
RE+2/2/19,C,9600,0.122556
RE+2/3/17,A,9600,1.34315
RE+2/3/17,B,9600,0.354729
RE+2/3/17,C,9600,0.684673
RE+2/3/18,A,9600,0.230544
RE+2/3/18,B,9600,0.174268
RE+2/3/18,C,9600,0.117468
RE+2/3/19,A,9600,0.103387
RE+2/3/19,B,9600,0.233529
RE+2/3/19,C,9600,0.116785
RE+1/2/18,A,9600,0.177788
RE+1/2/18,B,9600,0.0710543
RE+1/2/18,C,9600,0.0579057
RE+1/2/19,A,9600,0.143908
RE+1/2/19,B,9600,0.255142
RE+1/2/19,C,9600,0.149484
RE+1/2/20,A,9600,0.0922834
RE+1/2/20,B,9600,0.151993
RE+1/2/20,C,9600,0.0698154
RE+1/3/18,A,9600,0.301404
RE+1/3/18,B,9600,0.132226
RE+1/3/18,C,9600,0.105145
RE+1/3/19,A,9600,0.186321
RE+1/3/19,B,9600,0.14899
RE+1/3/19,C,9600,0.10608
RE+1/3/20,A,9600,0.306509
RE+1/3/20,B,9600,0.278512
RE+1/3/20,C,9600,0.158156
RE+2/2/20,A,9600,0.101569
RE+2/2/20,B,9600,0.163137
RE+2/2/20,C,9600,0.168029
RE+2/2/21,A,9600,0.0852761
RE+2/2/21,B,9600,0.109916
RE+2/2/21,C,9600,0.125689
RE+2/2/22,A,9600,0.101067
RE+2/2/22,B,9600,0.13844
RE+2/2/22,C,9600,0.190904
RE+2/3/20,A,9600,0.193729
RE+2/3/20,B,9600,0.225651
RE+2/3/20,C,9600,0.208016
RE+2/3/21,A,9600,1.33948
RE+2/3/21,B,9600,0.803507
RE+2/3/21,C,9600,0.153553
RE+2/3/22,A,9600,0.154011
RE+2/3/22,B,9600,0.0617752
RE+2/3/22,C,9600,0.0786519
RE+1/2/21,A,9600,0.288653
RE+1/2/21,B,9600,0.321142
RE+1/2/21,C,9600,0.234542
RE+1/2/22,A,9600,0.340264
RE+1/2/22,B,9600,0.572297
RE+1/2/22,C,9600,0.161928
RE+1/2/23,A,9600,0.628517
RE+1/2/23,B,9600,0.668986
RE+1/2/23,C,9600,0.406226
RE+1/3/21,A,9600,0.501811
RE+1/3/21,B,9600,0.336015
RE+1/3/21,C,9600,0.101987
RE+1/3/22,A,9600,0.165742
RE+1/3/22,B,9600,0.0420118
RE+1/3/22,C,9600,0.0309574
RE+1/3/23,A,9600,0.17066
RE+1/3/23,B,9600,0.136374
RE+1/3/23,C,9600,0.11266
RE+2/2/23,A,9600,0.0338986
RE+2/2/23,B,9600,0.0347888
RE+2/2/23,C,9600,0.0243058
RE+2/2/24,A,9600,0.119318
RE+2/2/24,B,9600,0.171112
RE+2/2/24,C,9600,0.162725
RE+2/2/25,A,9600,0.0996597
RE+2/2/25,B,9600,0.122165
RE+2/2/25,C,9600,0.122994
RE+2/3/23,A,9600,0.0683098
RE+2/3/23,B,9600,0.0881821
RE+2/3/23,C,9600,0.205425
RE+2/3/24,A,9600,0.773477
RE+2/3/24,B,9600,0.0948279
RE+2/3/24,C,9600,0.159512
RE+2/3/25,A,9600,0.39316
RE+2/3/25,B,9600,0.0738233
RE+2/3/25,C,9600,0.0681084
RE+1/2/24,A,9600,0.0657728
RE+1/2/24,B,9600,0.0650072
RE+1/2/24,C,9600,0.0572206
RE+1/2/25,A,9600,0.421441
RE+1/2/25,B,9600,1.00281
RE+1/2/25,C,9600,0.796299
RE+1/2/26,A,9600,0.0457707
RE+1/2/26,B,9600,0.0584873
RE+1/2/26,C,9600,0.0670569
RE+1/3/24,A,9600,0.23059
RE+1/3/24,B,9600,0.0871629
RE+1/3/24,C,9600,0.0721059
RE+1/3/26,A,9600,0.383004
RE+1/3/26,B,9600,0.182452
RE+1/3/26,C,9600,0.213047
RE+2/2/26,A,9600,0.332426
RE+2/2/26,B,9600,0.201348
RE+2/2/26,C,9600,0.223689
RE+2/2/27,A,9600,0.0521745
RE+2/2/27,B,9600,0.0382394
RE+2/2/27,C,9600,0.0379354
RE+2/2/28,A,9600,0.192305
RE+2/2/28,B,9600,0.132702
RE+2/2/28,C,9600,0.107779
RE+2/3/26,A,9600,0.278402
RE+2/3/26,B,9600,0.498046
RE+2/3/26,C,9600,0.150028
RE+2/3/27,A,9600,1.17591
RE+2/3/27,B,9600,0.985653
RE+2/3/27,C,9600,0.0831123
RE+2/3/28,A,9600,0.19094
RE+2/3/28,B,9600,0.107898
RE+2/3/28,C,9600,0.0862609
RE+1/2/33,A,9600,0.0448189
RE+1/2/33,B,9600,0.139357
RE+1/2/33,C,9600,0.0494906
RE+1/2/36,A,9600,0.176138
RE+1/2/36,B,9600,0.204582
RE+1/2/36,C,9600,0.0942665
RE+1/2/1,A,9600,0.0975815
RE+1/2/1,B,9600,0.0852224
RE+1/2/1,C,9600,4.58059
RE+1/2/2,A,9600,0.0602211
RE+1/2/2,B,9600,0.148593
RE+1/2/2,C,9600,0.157366
RE+1/3/36,A,9600,0.174232
RE+1/3/36,B,9600,0.164689
RE+1/3/36,C,9600,0.0813989
RE+1/3/1,A,9600,0.478754
RE+1/3/1,B,9600,0.140954
RE+1/3/1,C,9600,0.126803
RE+1/3/2,A,9600,0.20465
RE+1/3/2,B,9600,0.137803
RE+1/3/2,C,9600,0.14374
RE+2/2/2,A,9600,0.104855
RE+2/2/2,B,9600,0.163022
RE+2/2/2,C,9600,0.193501
RE+2/2/3,A,9600,0.109044
RE+2/2/3,B,9600,0.361332
RE+2/2/3,C,9600,6.83361
RE+2/2/4,A,9600,0.145587
RE+2/2/4,B,9600,0.13303
RE+2/2/4,C,9600,0.200229
RE+2/3/2,A,9600,0.106403
RE+2/3/2,B,9600,0.0788291
RE+2/3/2,C,9600,0.107326
RE+2/3/3,A,9600,0.163688
RE+2/3/3,B,9600,0.097833
RE+2/3/3,C,9600,0.110464
RE+2/3/4,A,9600,0.0796191
RE+2/3/4,B,9600,0.0724357
RE+2/3/4,C,9600,0.0899006
RE+1/2/3,A,9600,0.0842431
RE+1/2/3,B,9600,0.146398
RE+1/2/3,C,9600,0.0748445
RE+1/2/4,A,9600,0.59642
RE+1/2/4,B,9600,0.823913
RE+1/2/4,C,9600,0.260217
RE+1/2/5,A,9600,0.211874
RE+1/2/5,B,9600,0.162089
RE+1/2/5,C,9600,0.0874592
RE+1/3/3,A,9600,0.126866
RE+1/3/3,B,9600,0.109072
RE+1/3/3,C,9600,0.0809528
RE+1/3/4,A,9600,0.165179
RE+1/3/4,B,9600,0.119899
RE+1/3/4,C,9600,0.079683
RE+1/3/5,A,9600,0.387566
RE+1/3/5,B,9600,0.260127
RE+1/3/5,C,9600,0.170174
RE+2/2/5,A,9600,0.166437
RE+2/2/5,B,9600,0.114153
RE+2/2/5,C,9600,0.123975
RE+2/2/6,A,9600,0.124346
RE+2/2/6,B,9600,0.181759
RE+2/2/6,C,9600,0.185301
RE+2/2/7,A,9600,0.146997
RE+2/2/7,B,9600,0.176203
RE+2/2/7,C,9600,0.111922
RE+2/3/5,A,9600,0.628258
RE+2/3/5,B,9600,0.236985
RE+2/3/5,C,9600,0.128654
RE+2/3/6,A,9600,0.116305
RE+2/3/6,B,9600,0.074814
RE+2/3/6,C,9600,0.856986
RE+2/3/7,A,9600,0.115669
RE+2/3/7,B,9600,0.125864
RE+2/3/7,C,9600,0.132644
RE+1/1/3,E,9600,0
RE+1/1/3,F,9600,0
RE+1/1/3,A,9600,0.0258367
RE+1/1/3,B,9600,0.0564342
RE+1/1/3,C,9600,0.0441094
RE+1/1/3,D,9600,0.341839
RE+1/1/4,E,9600,0
RE+1/1/4,F,9600,0
RE+1/1/4,A,9600,0.0638355
RE+1/1/4,B,9600,0.0299623
RE+1/1/4,C,9600,0.0597059
RE+1/1/4,D,9600,0.055299
RE+1/2/6,A,9600,0.368606
RE+1/2/6,B,9600,0.538914
RE+1/2/6,C,9600,0.457862
RE+1/2/7,A,9600,0.618405
RE+1/2/7,B,9600,0.343115
RE+1/2/7,C,9600,0.0419166
RE+1/2/8,A,9600,0.0635295
RE+1/2/8,B,9600,0.0469251
RE+1/2/8,C,9600,0.0644412
RE+1/3/6,A,9600,0.14843
RE+1/3/6,B,9600,0.111523
RE+1/3/6,C,9600,0.0812118
RE+1/3/7,A,9600,0.253826
RE+1/3/7,B,9600,0.171737
RE+1/3/7,C,9600,0.13434
RE+1/3/8,A,9600,0.269331
RE+1/3/8,B,9600,0.211267
RE+1/3/8,C,9600,0.117944
RE+1/1/1,E,9600,0
RE+1/1/1,F,9600,0
RE+1/1/1,A,9600,0.0548498
RE+1/1/1,B,9600,0.0206073
RE+1/1/1,C,9600,0.0243037
RE+1/1/1,D,9600,0.0198064
RE+1/1/2,E,9600,0
RE+1/1/2,F,9600,0
RE+1/1/2,A,9600,0.0782445
RE+1/1/2,B,9600,0.0225385
RE+1/1/2,C,9600,0.0485593
RE+1/1/2,D,9600,0.0230093
RE+2/2/8,A,9600,0.163649
RE+2/2/8,B,9600,0.143096
RE+2/2/8,C,9600,0.144534
RE+2/2/9,A,9600,0.152682
RE+2/2/9,B,9600,0.242777
RE+2/2/9,C,9600,0.243671
RE+2/2/10,A,9600,0.148269
RE+2/2/10,B,9600,0.171764
RE+2/2/10,C,9600,0.158671
RE+2/3/8,A,9600,0.221749
RE+2/3/8,B,9600,0.19675
RE+2/3/8,C,9600,0.177779
RE+2/3/9,A,9600,0.0993434
RE+2/3/9,B,9600,0.171317
RE+2/3/9,C,9600,0.248602
RE+2/3/10,A,9600,0.206246
RE+2/3/10,B,9600,0.168142
RE+2/3/10,C,9600,0.157217
RE+1/2/27,A,9600,0.457097
RE+1/2/27,B,9600,0.721992
RE+1/2/27,C,9600,0.885806
RE+1/2/28,A,9600,0.191634
RE+1/2/28,B,9600,0.202762
RE+1/2/28,C,9600,0.083831
RE+1/2/29,A,9600,49.7504
RE+1/2/29,B,9600,0
RE+1/2/29,C,9600,0.303271
RE+1/3/27,A,9600,0.223043
RE+1/3/27,B,9600,0.106517
RE+1/3/27,C,9600,0.170284
RE+1/3/28,A,9600,0.121013
RE+1/3/28,B,9600,0.124842
RE+1/3/28,C,9600,0.0458546
RE+1/3/29,A,9600,0.170682
RE+1/3/29,B,9600,0.0877557
RE+1/3/29,C,9600,0.0717025
RE+2/2/29,A,9600,0.136291
RE+2/2/29,B,9600,0.111314
RE+2/2/29,C,9600,0.140489
RE+2/2/30,A,9600,0.144985
RE+2/2/30,B,9600,0.0888819
RE+2/2/30,C,9600,0.132867
RE+2/2/31,A,9600,0.0802567
RE+2/2/31,B,9600,0.110164
RE+2/2/31,C,9600,0.17391
RE+2/3/29,A,9600,0.361397
RE+2/3/29,B,9600,0.357983
RE+2/3/29,C,9600,0.150263
RE+2/3/30,A,9600,1.10963
RE+2/3/30,B,9600,0.255745
RE+2/3/30,C,9600,0.101471
RE+2/3/31,A,9600,0.27937
RE+2/3/31,B,9600,0.0777655
RE+2/3/31,C,9600,0.0660747
RE+1/2/30,A,9600,0.0527624
RE+1/2/30,B,9600,0.0516126
RE+1/2/30,C,9600,0.0268728
RE+1/2/31,A,9600,0.290302
RE+1/2/31,B,9600,1.20514
RE+1/2/31,C,9600,0.168647
RE+1/2/32,A,9600,0.0227587
RE+1/2/32,B,9600,0.0259318
RE+1/2/32,C,9600,0.0346929
RE+1/3/30,A,9600,0.0307305
RE+1/3/30,B,9600,0.045145
RE+1/3/30,C,9600,0.0294894
RE+1/3/31,A,9600,0.0786526
RE+1/3/31,B,9600,0.109651
RE+1/3/31,C,9600,0.738421
RE+1/3/32,A,9600,0.479233
RE+1/3/32,B,9600,0.276469
RE+1/3/32,C,9600,0.11485
RE+2/2/32,A,9600,0.128183
RE+2/2/32,B,9600,0.183883
RE+2/2/32,C,9600,0.317646
RE+2/2/33,A,9600,0.158132
RE+2/2/33,B,9600,0.0909491
RE+2/2/33,C,9600,0.124432
RE+2/2/34,A,9600,0.121147
RE+2/2/34,B,9600,0.163845
RE+2/2/34,C,9600,0.106094
RE+2/3/32,A,9600,0.37057
RE+2/3/32,B,9600,0.168236
RE+2/3/32,C,9600,0.138663
RE+2/3/33,A,9600,0.078376
RE+2/3/33,B,9600,0.095496
RE+2/3/33,C,9600,0.275774
RE+2/3/34,A,9600,0.12103
RE+2/3/34,B,9600,0.0847287
RE+2/3/34,C,9600,0.0835445
RE+1/2/34,A,9600,0.385077
RE+1/2/34,B,9600,0.706363
RE+1/2/34,C,9600,0.253953
RE+1/2/35,A,9600,0
RE+1/2/35,B,9600,0.00992682
RE+1/2/35,C,9600,0
RE+1/3/33,A,9600,0.618648
RE+1/3/33,B,9600,0.110596
RE+1/3/33,C,9600,0.0339639
RE+1/3/34,A,9600,0.103203
RE+1/3/34,B,9600,0.108124
RE+1/3/34,C,9600,0.0736682
RE+1/3/35,A,9600,0.0856266
RE+1/3/35,B,9600,0.0733381
RE+1/3/35,C,9600,0.0743694
RE+2/2/35,A,9600,0.16519
RE+2/2/35,B,9600,0.16101
RE+2/2/35,C,9600,0.232039
RE+2/2/36,A,9600,0.0348625
RE+2/2/36,B,9600,0.043389
RE+2/2/36,C,9600,0.0204628
RE+2/2/1,A,9600,0.168551
RE+2/2/1,B,9600,0.0939707
RE+2/2/1,C,9600,0.0651615
RE+2/3/35,A,9600,0.148831
RE+2/3/35,B,9600,0.0916214
RE+2/3/35,C,9600,0.0687312
RE+2/3/36,A,9600,0.141321
RE+2/3/36,B,9600,0.124704
RE+2/3/36,C,9600,0.124748
RE+2/3/1,A,9600,0.0749055
RE+2/3/1,B,9600,0.0565038
RE+2/3/1,C,9600,0.0720085
RE+3/3/22,A,9600,0.274083
RE+3/3/22,B,9600,0.250506
RE+3/3/22,C,9600,0.16418
RE+4/2/9,A,9600,0.114786
RE+4/2/9,B,9600,0.0595586
RE+4/2/9,C,9600,0.031202
RE+4/2/10,A,9600,0.0720241
RE+4/2/10,B,9600,0.464293
RE+4/2/10,C,9600,0.039329
RE+4/2/11,A,9600,0.0644692
RE+4/2/11,B,9600,0.151747
RE+4/2/11,C,9600,0.0628815
RE+4/3/9,A,9600,0.188039
RE+4/3/9,B,9600,0.0687973
RE+4/3/9,C,9600,0.0387576
RE+4/3/10,A,9600,1.55658
RE+4/3/10,B,9600,0.0626711
RE+4/3/10,C,9600,0.158177
RE+4/3/11,A,9600,0.435152
RE+4/3/11,B,9600,0.643461
RE+4/3/11,C,9600,1.04761
RE+4/2/12,A,9600,0.0377932
RE+4/2/12,B,9600,0.0872027
RE+4/2/12,C,9600,0.0362074
RE+4/2/13,A,9600,0.1409
RE+4/2/13,B,9600,0.174142
RE+4/2/13,C,9600,0.0800269
RE+4/2/14,A,9600,0.102644
RE+4/2/14,B,9600,0.286201
RE+4/2/14,C,9600,0.0473363
RE+4/3/12,A,9600,0.0523008
RE+4/3/12,B,9600,0.0455544
RE+4/3/12,C,9600,0.0464051
RE+4/3/13,A,9600,0.0382989
RE+4/3/13,B,9600,0.0417508
RE+4/3/13,C,9600,0.352704
RE+4/3/14,A,9600,0.148604
RE+4/3/14,B,9600,0.0263826
RE+4/3/14,C,9600,0.0306147
RE+4/2/15,A,9600,0.102305
RE+4/2/15,B,9600,0.108768
RE+4/2/15,C,9600,0.0707236
RE+4/2/16,A,9600,0.0691136
RE+4/2/16,B,9600,0.0499856
RE+4/2/16,C,9600,0.0375782
RE+4/2/17,A,9600,0.962384
RE+4/2/17,B,9600,2.52182
RE+4/2/17,C,9600,2.89073
RE+4/3/15,A,9600,0.0508667
RE+4/3/15,B,9600,0.0935869
RE+4/3/15,C,9600,0.515632
RE+4/3/16,A,9600,0.0351519
RE+4/3/16,B,9600,0.0408851
RE+4/3/16,C,9600,0.0754405
RE+4/3/17,A,9600,0.0655834
RE+4/3/17,B,9600,0.0492581
RE+4/3/17,C,9600,0.0775884
RE+4/2/18,A,9600,0.0741312
RE+4/2/18,B,9600,0.0379525
RE+4/2/18,C,9600,0.028236
RE+4/2/19,A,9600,0.142493
RE+4/2/19,B,9600,0.084783
RE+4/2/19,C,9600,0.0528589
RE+4/2/20,A,9600,0.0532233
RE+4/2/20,B,9600,0.109055
RE+4/2/20,C,9600,0.057667
RE+4/3/18,A,9600,0.0327143
RE+4/3/18,B,9600,0.0385483
RE+4/3/18,C,9600,0.0315785
RE+4/3/19,A,9600,0.0166302
RE+4/3/19,B,9600,0.0332119
RE+4/3/19,C,9600,0.047821
RE+4/3/20,A,9600,0.0563455
RE+4/3/20,B,9600,0.0238202
RE+4/3/20,C,9600,0.0409847
RE+4/2/21,A,9600,0.0520344
RE+4/2/21,B,9600,0.251637
RE+4/2/21,C,9600,0.150858
RE+4/2/22,A,9600,0.0983414
RE+4/2/22,B,9600,0.0919329
RE+4/2/22,C,9600,0.035508
RE+4/2/23,A,9600,0.0514071
RE+4/2/23,B,9600,0.0918843
RE+4/2/23,C,9600,0.337574
RE+4/3/21,A,9600,0.0419585
RE+4/3/21,B,9600,0.101847
RE+4/3/21,C,9600,0.0368079
RE+4/3/22,A,9600,7.72332
RE+4/3/22,B,9600,0.315135
RE+4/3/22,C,9600,0.0710391
RE+4/3/23,A,9600,6.61214
RE+4/3/23,B,9600,0.0277042
RE+4/3/23,C,9600,0.0390659
RE+4/2/24,A,9600,0.954363
RE+4/2/24,B,9600,0.427962
RE+4/2/24,C,9600,1.95846
RE+4/2/25,A,9600,0.383234
RE+4/2/25,B,9600,0.350336
RE+4/2/25,C,9600,0.235632
RE+4/2/26,A,9600,0.0589918
RE+4/2/26,B,9600,0.181968
RE+4/2/26,C,9600,0.11521
RE+4/3/24,A,9600,0.0663486
RE+4/3/24,B,9600,0.0329205
RE+4/3/24,C,9600,0.0312301
RE+4/3/25,A,9600,0.0302434
RE+4/3/25,B,9600,0.0270514
RE+4/3/25,C,9600,0.0593454
RE+4/3/26,A,9600,0.0574267
RE+4/3/26,B,9600,0.0885227
RE+4/3/26,C,9600,0.109362
RE+3/2/9,A,9600,0.133365
RE+3/2/9,B,9600,0.182339
RE+3/2/9,C,9600,0.1782
RE+3/2/10,A,9600,0.331595
RE+3/2/10,B,9600,0.350615
RE+3/2/10,C,9600,0.183122
RE+3/2/11,A,9600,0.155217
RE+3/2/11,B,9600,0.240819
RE+3/2/11,C,9600,0.204085
RE+3/3/9,A,9600,0.227197
RE+3/3/9,B,9600,0.26673
RE+3/3/9,C,9600,0.224552
RE+3/3/10,A,9600,0.236478
RE+3/3/10,B,9600,0.20698
RE+3/3/10,C,9600,0.158838
RE+3/3/11,A,9600,0.241743
RE+3/3/11,B,9600,0.377791
RE+3/3/11,C,9600,0.337164
RE+3/2/12,A,9600,0.167484
RE+3/2/12,B,9600,0.110468
RE+3/2/12,C,9600,0.162236
RE+3/2/13,A,9600,0.113887
RE+3/2/13,B,9600,0.168311
RE+3/2/13,C,9600,0.124294
RE+3/2/14,A,9600,0.110595
RE+3/2/14,B,9600,0.151274
RE+3/2/14,C,9600,0.0980831
RE+3/3/12,A,9600,0.416985
RE+3/3/12,B,9600,0.199595
RE+3/3/12,C,9600,0.209968
RE+3/3/13,A,9600,0.303958
RE+3/3/13,B,9600,0.177929
RE+3/3/13,C,9600,0.19045
RE+3/3/14,A,9600,0.140165
RE+3/3/14,B,9600,0.202852
RE+3/3/14,C,9600,0.166163
RE+3/2/15,A,9600,0.119786
RE+3/2/15,B,9600,0.145219
RE+3/2/15,C,9600,0.140096
RE+3/2/16,A,9600,0.111098
RE+3/2/16,B,9600,0.146303
RE+3/2/16,C,9600,0.134952
RE+3/2/17,A,9600,0.118625
RE+3/2/17,B,9600,0.197074
RE+3/2/17,C,9600,0.132962
RE+3/3/15,A,9600,0.130213
RE+3/3/15,B,9600,0.379611
RE+3/3/15,C,9600,0.188914
RE+3/3/16,A,9600,0.300525
RE+3/3/16,B,9600,0.146602
RE+3/3/16,C,9600,0.163068
RE+3/3/17,A,9600,0.246951
RE+3/3/17,B,9600,0.208024
RE+3/3/17,C,9600,0.192526
RE+3/2/18,A,9600,0.0969464
RE+3/2/18,B,9600,0.0833975
RE+3/2/18,C,9600,0.114618
RE+3/2/19,A,9600,0.199374
RE+3/2/19,B,9600,0.147505
RE+3/2/19,C,9600,0.131655
RE+3/2/20,A,9600,0.161801
RE+3/2/20,B,9600,0.192814
RE+3/2/20,C,9600,0.135809
RE+3/3/18,A,9600,0.0834077
RE+3/3/18,B,9600,0.0632706
RE+3/3/18,C,9600,0.0655852
RE+3/3/19,A,9600,0.0888011
RE+3/3/19,B,9600,0.105289
RE+3/3/19,C,9600,0.565015
RE+3/3/20,A,9600,0.159797
RE+3/3/20,B,9600,0.166653
RE+3/3/20,C,9600,0.126067
RE+3/2/21,A,9600,0.137642
RE+3/2/21,B,9600,0.169683
RE+3/2/21,C,9600,0.214365
RE+3/2/22,A,9600,0.152292
RE+3/2/22,B,9600,0.149682
RE+3/2/22,C,9600,0.163328
RE+3/2/23,A,9600,0.165068
RE+3/2/23,B,9600,0.230667
RE+3/2/23,C,9600,0.146352
RE+3/3/21,A,9600,0.193403
RE+3/3/21,B,9600,0.159037
RE+3/3/21,C,9600,0.158457
RE+3/3/23,A,9600,0.188936
RE+3/3/23,B,9600,0.189211
RE+3/3/23,C,9600,0.203682
RE+3/2/24,A,9600,0.117023
RE+3/2/24,B,9600,0.207638
RE+3/2/24,C,9600,0.158746
RE+3/2/25,A,9600,0.173225
RE+3/2/25,B,9600,0.26111
RE+3/2/25,C,9600,0.195405
RE+3/2/26,A,9600,0.336719
RE+3/2/26,B,9600,0.323301
RE+3/2/26,C,9600,0.172509
RE+3/3/24,A,9600,0.0578946
RE+3/3/24,B,9600,0.0748948
RE+3/3/24,C,9600,0.154781
RE+3/3/25,A,9600,0.166628
RE+3/3/25,B,9600,0.15482
RE+3/3/25,C,9600,0.203326
RE+3/3/26,A,9600,0.258506
RE+3/3/26,B,9600,0.285062
RE+3/3/26,C,9600,0.252384
RE+3/3/28,A,9600,0.45514
RE+3/3/28,B,9600,0.459506
RE+3/3/28,C,9600,0.156896
RE+4/2/33,A,9600,0.0361196
RE+4/2/33,B,9600,0.057224
RE+4/2/33,C,9600,0.0353036
RE+4/2/34,A,9600,0.207436
RE+4/2/34,B,9600,0.241399
RE+4/2/34,C,9600,0.0725235
RE+4/2/35,A,9600,0.0555346
RE+4/2/35,B,9600,0.0550871
RE+4/2/35,C,9600,0.0486197
RE+4/3/33,A,9600,0.133764
RE+4/3/33,B,9600,0.0795275
RE+4/3/33,C,9600,1.2528
RE+4/3/34,A,9600,0.0590568
RE+4/3/34,B,9600,0.0529639
RE+4/3/34,C,9600,0.0577803
RE+4/3/35,A,9600,0.0238524
RE+4/3/35,B,9600,1.60296
RE+4/3/35,C,9600,0.0204292
RE+4/2/36,A,9600,0.0600643
RE+4/2/36,B,9600,0.0547902
RE+4/2/36,C,9600,0.0525282
RE+4/2/1,A,9600,0.142154
RE+4/2/1,B,9600,0.0609215
RE+4/2/1,C,9600,0.229989
RE+4/2/2,A,9600,0.0444507
RE+4/2/2,B,9600,0.0561969
RE+4/2/2,C,9600,0.0404709
RE+4/3/36,A,9600,0.0380377
RE+4/3/36,B,9600,0.0334752
RE+4/3/36,C,9600,0.0304116
RE+4/3/1,A,9600,0.0228038
RE+4/3/1,B,9600,0.0304916
RE+4/3/1,C,9600,0.0524141
RE+4/3/2,A,9600,5.0378
RE+4/3/2,B,9600,0.0289141
RE+4/3/2,C,9600,0.0276993
RE+4/2/3,A,9600,0.0395402
RE+4/2/3,B,9600,0.0506572
RE+4/2/3,C,9600,0.0515642
RE+4/2/4,A,9600,0.0645785
RE+4/2/4,B,9600,0.0552923
RE+4/2/4,C,9600,0.028481
RE+4/2/5,A,9600,0.382158
RE+4/2/5,B,9600,0.312028
RE+4/2/5,C,9600,0.169205
RE+4/3/3,A,9600,0.0940471
RE+4/3/3,B,9600,0.0449148
RE+4/3/3,C,9600,0.0384285
RE+4/3/4,A,9600,0.0535973
RE+4/3/4,B,9600,0.114449
RE+4/3/4,C,9600,0.0843889
RE+4/3/5,A,9600,0.116459
RE+4/3/5,B,9600,0.0401456
RE+4/3/5,C,9600,0.0479743
RE+4/2/6,A,9600,0.0455739
RE+4/2/6,B,9600,0.0534823
RE+4/2/6,C,9600,0.0413185
RE+4/2/7,A,9600,0.0797656
RE+4/2/7,B,9600,0.0999116
RE+4/2/7,C,9600,0.0384633
RE+4/2/8,A,9600,3.54413
RE+4/2/8,B,9600,0.101925
RE+4/2/8,C,9600,0.159101
RE+4/3/6,A,9600,0.0302671
RE+4/3/6,B,9600,0.0515573
RE+4/3/6,C,9600,0.0352556
RE+4/3/7,A,9600,0.103941
RE+4/3/7,B,9600,0.158074
RE+4/3/7,C,9600,0.0413472
RE+4/3/8,A,9600,0.0500926
RE+4/3/8,B,9600,1.65682
RE+4/3/8,C,9600,0.0284903
RE+4/2/27,A,9600,0.046084
RE+4/2/27,B,9600,0.227023
RE+4/2/27,C,9600,0.291751
RE+4/2/28,A,9600,0.0557033
RE+4/2/28,B,9600,0.056151
RE+4/2/28,C,9600,0.107481
RE+4/2/29,A,9600,1.54947
RE+4/2/29,B,9600,0.0532011
RE+4/2/29,C,9600,0.0477142
RE+4/3/27,A,9600,0.0649194
RE+4/3/27,B,9600,0.0392611
RE+4/3/27,C,9600,0.0481805
RE+4/3/28,A,9600,0.497007
RE+4/3/28,B,9600,0.0421399
RE+4/3/28,C,9600,0.0393041
RE+4/3/29,A,9600,0.0397885
RE+4/3/29,B,9600,0.0558893
RE+4/3/29,C,9600,0.0480937
RE+4/2/30,A,9600,1.60421
RE+4/2/30,B,9600,0.0314785
RE+4/2/30,C,9600,0.218191
RE+4/2/31,A,9600,0.0493252
RE+4/2/31,B,9600,0.0554955
RE+4/2/31,C,9600,2.76101
RE+4/2/32,A,9600,0.0485974
RE+4/2/32,B,9600,0.0728989
RE+4/2/32,C,9600,0.0768514
RE+4/3/30,A,9600,0.957033
RE+4/3/30,B,9600,0.0262147
RE+4/3/30,C,9600,0.0281357
RE+4/3/31,A,9600,0.0254203
RE+4/3/31,B,9600,0.0233638
RE+4/3/31,C,9600,0.0420964
RE+4/3/32,A,9600,0.0350026
RE+4/3/32,B,9600,0.0353571
RE+4/3/32,C,9600,0.0317777
RE+3/2/3,A,9600,0.434867
RE+3/2/3,B,9600,0.761626
RE+3/2/3,C,9600,1.81706
RE+3/2/4,A,9600,0.0519849
RE+3/2/4,B,9600,0.0773596
RE+3/2/4,C,9600,0.0569051
RE+3/2/5,A,9600,0.268204
RE+3/2/5,B,9600,0.173697
RE+3/2/5,C,9600,0.140844
RE+3/3/3,A,9600,0.229065
RE+3/3/3,B,9600,0.117273
RE+3/3/3,C,9600,0.0907416
RE+3/3/4,A,9600,0.179704
RE+3/3/4,B,9600,0.193776
RE+3/3/4,C,9600,0.170273
RE+3/3/5,A,9600,0.326079
RE+3/3/5,B,9600,0.173041
RE+3/3/5,C,9600,0.185518
RE+3/2/6,A,9600,0.223065
RE+3/2/6,B,9600,0.113194
RE+3/2/6,C,9600,0.114203
RE+3/2/7,A,9600,0.103071
RE+3/2/7,B,9600,0.142475
RE+3/2/7,C,9600,0.176452
RE+3/2/8,A,9600,0.12676
RE+3/2/8,B,9600,0.164244
RE+3/2/8,C,9600,0.106399
RE+3/3/6,A,9600,0.11019
RE+3/3/6,B,9600,0.0694299
RE+3/3/6,C,9600,0.09384
RE+3/3/7,A,9600,0.283499
RE+3/3/7,B,9600,0.240402
RE+3/3/7,C,9600,0.260557
RE+3/3/8,A,9600,0.190184
RE+3/3/8,B,9600,0.229539
RE+3/3/8,C,9600,0.195701
RE+3/2/33,A,9600,0.294506
RE+3/2/33,B,9600,0.327872
RE+3/2/33,C,9600,0.183406
RE+3/2/34,A,9600,0.10583
RE+3/2/34,B,9600,0.194232
RE+3/2/34,C,9600,0.235382
RE+3/2/35,A,9600,0.119983
RE+3/2/35,B,9600,0.284382
RE+3/2/35,C,9600,0.165619
RE+3/3/33,A,9600,0.654072
RE+3/3/33,B,9600,0.332178
RE+3/3/33,C,9600,0.349477
RE+3/3/34,A,9600,0.124773
RE+3/3/34,B,9600,0.122922
RE+3/3/34,C,9600,0.16445
RE+3/3/35,A,9600,0.218141
RE+3/3/35,B,9600,0.220336
RE+3/3/35,C,9600,0.19033
RE+3/2/36,A,9600,0.094853
RE+3/2/36,B,9600,0.162041
RE+3/2/36,C,9600,0.1112
RE+3/2/1,A,9600,0.14567
RE+3/2/1,B,9600,0.257305
RE+3/2/1,C,9600,0.228813
RE+3/2/2,A,9600,0.126198
RE+3/2/2,B,9600,0.192928
RE+3/2/2,C,9600,0.165188
RE+3/3/36,A,9600,0.100761
RE+3/3/36,B,9600,0.0600219
RE+3/3/36,C,9600,0.0963284
RE+3/3/1,A,9600,0.274635
RE+3/3/1,B,9600,0.22351
RE+3/3/1,C,9600,0.191728
RE+3/3/2,A,9600,0.133888
RE+3/3/2,B,9600,0.18254
RE+3/3/2,C,9600,0.222745
RE+3/2/27,A,9600,0.0925453
RE+3/2/27,B,9600,0.156457
RE+3/2/27,C,9600,0.131616
RE+3/2/28,A,9600,0.13912
RE+3/2/28,B,9600,0.416929
RE+3/2/28,C,9600,0.182132
RE+3/2/29,A,9600,0.111379
RE+3/2/29,B,9600,0.188732
RE+3/2/29,C,9600,0.16855
RE+3/3/27,A,9600,0.133
RE+3/3/27,B,9600,0.172807
RE+3/3/27,C,9600,0.192523
RE+3/3/29,A,9600,0.175649
RE+3/3/29,B,9600,0.194922
RE+3/3/29,C,9600,0.177868
RE+3/2/30,A,9600,0.120676
RE+3/2/30,B,9600,0.141686
RE+3/2/30,C,9600,0.127804
RE+3/2/31,A,9600,0.759169
RE+3/2/31,B,9600,1.29683
RE+3/2/31,C,9600,2.44151
RE+3/2/32,A,9600,0.228324
RE+3/2/32,B,9600,0.316757
RE+3/2/32,C,9600,0.433678
RE+3/3/30,A,9600,0.281867
RE+3/3/30,B,9600,0.231008
RE+3/3/30,C,9600,0.146166
RE+3/3/31,A,9600,0.159789
RE+3/3/31,B,9600,0.134321
RE+3/3/31,C,9600,0.102003
RE+3/3/32,A,9600,0.468577
RE+3/3/32,B,9600,0.434853
RE+3/3/32,C,9600,3.38114
